referred_id;referrer_id;signup_bonus_paid;total_deposit_bonus_earned;created_at
7292247729;7206619137;true;0;2026-09-26 14:38:07.051042+00
7572875104;7206619137;true;0;2026-09-26 14:44:57.976228+00
5068559624;7206619137;true;0;2026-09-27 09:20:27.176919+00
5741026332;7206619137;true;0;2026-09-27 09:22:29.789161+00
7590388756;5068559624;true;0;2026-09-27 09:22:52.062625+00
8594377665;7206619137;true;0;2026-09-27 09:25:20.787169+00
7587292080;7206619137;true;0;2026-09-27 09:27:34.12652+00
5196815610;7206619137;true;0;2026-09-27 09:28:03.431912+00
7743474666;7206619137;true;0;2026-09-27 09:30:28.876212+00
6871919870;7206619137;true;0;2026-09-27 09:31:07.06291+00
7554287728;7206619137;true;0;2026-09-27 09:31:49.741816+00
8841871777;6871919870;true;0;2026-09-27 09:34:30.604973+00
1905224656;7206619137;true;0;2026-09-27 09:36:55.380587+00
8448558628;6871919870;true;0;2026-09-27 09:42:55.318246+00
1102066832;7206619137;true;0;2026-09-27 09:58:26.345626+00
931841580;7206619137;true;0;2026-09-27 10:01:00.710744+00
6125348773;7206619137;true;0;2026-09-27 10:03:06.400252+00
7104477976;7206619137;true;0;2026-09-27 10:14:00.485284+00
7920796216;7206619137;true;0;2026-09-27 10:15:53.433814+00
8194053151;7206619137;true;0;2026-09-27 10:27:09.024355+00
7789411693;7932425811;true;0;2026-09-27 10:27:11.41335+00
6052861969;7932425811;true;0;2026-09-27 10:27:27.979264+00
7150028516;7932425811;true;0;2026-09-27 10:27:28.59922+00
6864745891;7932425811;true;0;2026-09-27 10:27:39.945013+00
1714272195;7206619137;true;0;2026-09-27 10:28:30.816494+00
7267034474;7150028516;true;0;2026-09-27 10:29:43.137305+00
8916133607;6864745891;true;0;2026-09-27 10:30:07.68326+00
5630949545;7789411693;true;0;2026-09-27 10:30:30.568833+00
7651145168;7932425811;true;0;2026-09-27 10:30:37.400974+00
6095584603;7206619137;true;0;2026-09-27 10:30:43.136384+00
8631308729;7150028516;true;0;2026-09-27 10:30:55.748015+00
5395293718;7789411693;true;0;2026-09-27 10:31:32.718163+00
6952973811;7932425811;true;0;2026-09-27 10:31:46.066911+00
7914619148;7932425811;true;0;2026-09-27 10:32:29.372169+00
7989517681;7150028516;true;0;2026-09-27 10:32:43.053957+00
8046316355;7150028516;true;0;2026-09-27 10:32:44.161061+00
6579786009;7150028516;true;0;2026-09-27 10:32:48.027144+00
7090142383;7932425811;true;0;2026-09-27 10:32:50.808342+00
7492633574;7150028516;true;0;2026-09-27 10:33:23.219917+00
7279658358;7150028516;true;0;2026-09-27 10:33:34.402079+00
7239315085;7150028516;true;0;2026-09-27 10:33:35.384148+00
8821781596;7150028516;true;0;2026-09-27 10:33:44.967431+00
8196350622;7932425811;true;0;2026-09-27 10:33:50.101553+00
8253271531;8046316355;true;0;2026-09-27 10:34:14.546213+00
7537780837;7932425811;true;0;2026-09-27 10:34:19.587295+00
5615761181;7150028516;true;0;2026-09-27 10:34:29.39679+00
7334087439;7932425811;true;0;2026-09-27 10:34:56.754432+00
8325077290;7150028516;true;0;2026-09-27 10:35:02.406347+00
6092925657;7150028516;true;0;2026-09-27 10:35:07.740644+00
7404752022;7651145168;true;0;2026-09-27 10:35:22.524285+00
7914192157;7651145168;true;0;2026-09-27 10:35:53.551714+00
8641502503;7932425811;true;0;2026-09-27 10:36:02.979546+00
7793139330;7651145168;true;0;2026-09-27 10:36:03.278753+00
8114585387;7651145168;true;0;2026-09-27 10:36:14.309334+00
8407129254;7150028516;true;0;2026-09-27 10:36:34.094523+00
247815958;7150028516;true;0;2026-09-27 10:36:35.965128+00
5636010698;7150028516;true;0;2026-09-27 10:36:40.651828+00
6580503467;7206619137;true;0;2026-09-27 10:36:41.333752+00
6734902363;7150028516;true;0;2026-09-27 10:36:42.288548+00
8852813900;7932425811;true;0;2026-09-27 10:36:51.516533+00
6473031326;6993856640;true;0;2026-09-27 10:36:59.161839+00
6540512378;7932425811;true;0;2026-09-27 10:37:33.323139+00
6372559857;6993856640;true;0;2026-09-27 10:37:36.359925+00
5615349874;7793139330;true;0;2026-09-27 10:37:46.627164+00
473527023;7651145168;true;0;2026-09-27 10:37:47.221246+00
7240012520;7150028516;true;0;2026-09-27 10:37:49.1135+00
8574930672;7793139330;true;0;2026-09-27 10:38:03.292638+00
7025368525;6993856640;true;0;2026-09-27 10:38:06.150505+00
7334625664;6993856640;true;0;2026-09-27 10:38:15.238633+00
7365359802;6993856640;true;0;2026-09-27 10:38:15.366105+00
7343280492;7793139330;true;0;2026-09-27 10:38:20.707324+00
7875362990;7793139330;true;0;2026-09-27 10:38:43.440694+00
7786355852;7789411693;true;0;2026-09-27 10:38:57.602242+00
6608752384;7206619137;true;0;2026-09-27 10:39:21.460903+00
7193107528;7150028516;true;0;2026-09-27 10:39:24.514755+00
1925786737;7150028516;true;0;2026-09-27 10:39:29.263928+00
1831681968;6993856640;true;0;2026-09-27 10:39:32.727659+00
6830441569;6993856640;true;0;2026-09-27 10:39:38.963889+00
7952962913;7240012520;true;0;2026-09-27 10:39:45.861776+00
7476891094;7240012520;true;0;2026-09-27 10:39:47.246302+00
7422269738;7240012520;true;0;2026-09-27 10:39:51.82798+00
5582284935;7789411693;true;0;2026-09-27 10:39:56.679984+00
8078203389;7240012520;true;0;2026-09-27 10:40:01.512058+00
7910688625;7206619137;true;0;2026-09-27 10:40:03.759705+00
6721438035;7240012520;true;0;2026-09-27 10:40:08.253001+00
6635952181;7875362990;true;0;2026-09-27 10:40:13.302277+00
8500211265;7240012520;true;0;2026-09-27 10:40:27.125251+00
6232093144;247815958;true;0;2026-09-27 10:40:28.65319+00
8235350998;6372559857;true;0;2026-09-27 10:40:29.533625+00
5498690075;7875362990;true;0;2026-09-27 10:40:31.723914+00
7874116379;7240012520;true;0;2026-09-27 10:40:46.496797+00
5434805335;7651145168;true;0;2026-09-27 10:40:55.509395+00
6835483661;7240012520;true;0;2026-09-27 10:41:07.582728+00
7952004200;7875362990;true;0;2026-09-27 10:41:09.708173+00
8922780359;7240012520;true;0;2026-09-27 10:41:12.071388+00
7268403815;7150028516;true;0;2026-09-27 10:41:17.921943+00
8486555292;6372559857;true;0;2026-09-27 10:41:18.386763+00
7480248070;7240012520;true;0;2026-09-27 10:41:41.843381+00
7056816736;7422269738;true;0;2026-09-27 10:41:51.892791+00
8480579362;6993856640;true;0;2026-09-27 10:41:52.068569+00
6094970924;7240012520;true;0;2026-09-27 10:41:54.926386+00
6815194731;7240012520;true;0;2026-09-27 10:41:54.929672+00
8522043902;1925786737;true;0;2026-09-27 10:41:56.663257+00
5575844896;1925786737;true;0;2026-09-27 10:41:57.41752+00
7070614700;7240012520;true;0;2026-09-27 10:41:57.600763+00
7463935583;1925786737;true;0;2026-09-27 10:41:59.576465+00
7439831336;7240012520;true;0;2026-09-27 10:42:08.936495+00
7181018784;6372559857;true;0;2026-09-27 10:42:11.29+00
8596120398;7240012520;true;0;2026-09-27 10:42:16.18757+00
6725209419;7240012520;true;0;2026-09-27 10:42:17.095226+00
6976614823;7240012520;true;0;2026-09-27 10:42:26.760921+00
7284765829;7240012520;true;0;2026-09-27 10:42:29.466004+00
7387628767;7240012520;true;0;2026-09-27 10:42:31.683983+00
7699088306;7651145168;true;0;2026-09-27 10:42:33.584918+00
6143537102;7240012520;true;0;2026-09-27 10:42:36.881302+00
6327363734;1925786737;true;0;2026-09-27 10:42:37.955807+00
6248438321;7240012520;true;0;2026-09-27 10:42:45.259924+00
1260707476;7206619137;true;0;2026-09-27 10:42:48.333743+00
8305713566;8046316355;true;0;2026-09-27 10:42:49.696974+00
7177841397;8407129254;true;0;2026-09-27 10:42:51.533926+00
6611522331;7240012520;true;0;2026-09-27 10:42:55.834903+00
1846180381;7240012520;true;0;2026-09-27 10:42:56.03369+00
7689443561;8922780359;true;0;2026-09-27 10:42:59.599281+00
6477559780;7240012520;true;0;2026-09-27 10:43:00.718939+00
6979989757;7476891094;true;0;2026-09-27 10:43:00.805478+00
7037799837;7240012520;true;0;2026-09-27 10:43:08.451204+00
6611339927;7651145168;true;0;2026-09-27 10:43:15.620763+00
6784510011;7476891094;true;0;2026-09-27 10:43:17.415824+00
8257866063;7789411693;true;0;2026-09-27 10:43:18.166967+00
8312791312;6635952181;true;0;2026-09-27 10:43:20.237905+00
7011079462;6635952181;true;0;2026-09-27 10:43:23.700474+00
8421368430;6635952181;true;0;2026-09-27 10:43:27.290441+00
7228902382;7422269738;true;0;2026-09-27 10:43:28.203934+00
8731894858;7789411693;true;0;2026-09-27 10:43:34.198044+00
6527842398;7476891094;true;0;2026-09-27 10:43:35.361843+00
6783007329;7240012520;true;0;2026-09-27 10:43:35.699116+00
8757220581;6372559857;true;0;2026-09-27 10:43:39.475257+00
7973993930;1925786737;true;0;2026-09-27 10:43:42.244926+00
7583146372;7793139330;true;0;2026-09-27 10:43:54.690398+00
5915553082;6372559857;true;0;2026-09-27 10:44:19.713513+00
1644565455;7150028516;true;0;2026-09-27 10:44:27.477273+00
7708561744;7240012520;true;0;2026-09-27 10:44:29.147916+00
7386678627;1925786737;true;0;2026-09-27 10:44:33.159316+00
1193894441;7651145168;true;0;2026-09-27 10:44:37.601575+00
6455973157;7240012520;true;0;2026-09-27 10:45:00.187293+00
7436003013;7070614700;true;0;2026-09-27 10:45:04.714799+00
8758114523;1855656384;true;0;2026-09-27 10:45:12.941912+00
8707175127;1855656384;true;0;2026-09-27 10:45:19.900907+00
6980010099;1855656384;true;0;2026-09-27 10:45:25.644943+00
6882110627;5709504255;true;0;2026-09-27 11:24:34.170914+00
7809375879;8427645117;true;0;2026-09-27 11:24:39.617486+00
8641756480;8427645117;true;0;2026-09-27 11:25:50.013323+00
7116587106;6717942732;true;0;2026-09-27 11:26:13.241377+00
8137508824;8427645117;true;0;2026-09-27 11:26:15.481462+00
637546997;7454546340;true;0;2026-09-27 11:26:33.491581+00
6430599725;5382581275;true;0;2026-09-27 11:26:35.437293+00
5176380607;6978820493;true;0;2026-09-27 11:26:44.89238+00
8976776305;6535148422;true;0;2026-09-27 11:26:46.509575+00
5384561837;6978820493;true;0;2026-09-27 11:26:47.834068+00
774081599;1743469511;true;0;2026-09-27 11:26:52.176927+00
6327334824;6035999261;true;0;2026-09-27 11:27:10.69248+00
7977709428;6475645296;true;0;2026-09-27 11:27:13.067201+00
8982120274;7532391908;true;0;2026-09-27 11:27:21.214241+00
6769110358;8227777950;true;0;2026-09-27 11:27:25.680284+00
6867216476;8346359287;true;0;2026-09-27 11:53:57.557564+00
8651892746;8227777950;true;0;2026-09-27 11:55:16.754829+00
8730974153;8544484535;true;0;2026-09-27 12:27:14.438507+00
8220590257;8670732503;true;0;2026-09-27 12:27:20.195729+00
7306333367;5459309218;true;0;2026-09-27 12:27:25.581921+00
6385001008;1793368825;true;0;2026-09-27 12:27:27.084834+00
7769053128;8782326610;true;0;2026-09-27 12:28:19.379712+00
8211138586;7070614700;true;0;2026-09-27 12:29:57.859803+00
7110908957;8227777950;true;0;2026-09-27 12:30:32.778163+00
6113878932;7708561744;true;0;2026-09-27 12:30:37.932238+00
6964344621;8811594840;true;0;2026-09-27 12:30:46.201397+00
7077536016;8944420793;true;0;2026-09-27 12:31:03.023429+00
1203296256;1390061339;true;0;2026-09-27 12:31:18.307767+00
6917260288;1390061339;true;0;2026-09-27 12:31:19.649757+00
8035402922;1390061339;true;0;2026-09-27 12:31:20.301722+00
7163105466;7387726100;true;0;2026-09-27 12:31:23.985906+00
5043904578;1390061339;true;0;2026-09-27 12:31:35.501903+00
8681895224;8890869221;true;0;2026-09-27 12:32:54.129455+00
6310189571;1390061339;true;0;2026-09-27 12:33:22.899725+00
7590077209;1390061339;true;0;2026-09-27 12:33:25.675728+00
7349376208;7299021506;true;0;2026-09-27 12:33:37.343293+00
8052684179;1390061339;true;0;2026-09-27 12:35:00.478769+00
7503626528;7049759895;true;0;2026-09-27 12:35:05.825586+00
7510087916;7070614700;true;0;2026-09-27 12:35:29.738681+00
1289304684;1390061339;true;0;2026-09-27 12:35:42.715922+00
5243189955;7422269738;true;0;2026-09-27 12:35:54.456951+00
6435840306;7708561744;true;0;2026-09-27 12:36:09.257214+00
5254630760;1666187866;true;0;2026-09-27 12:36:21.832923+00
8547123556;6475645296;true;0;2026-09-27 12:37:19.897266+00
7159320166;7422269738;true;0;2026-09-27 13:13:41.026253+00
6188335393;886866275;true;0;2026-09-27 13:14:18.218325+00
1355099628;7536735506;true;0;2026-09-27 13:14:51.244312+00
8882591647;7590298679;true;0;2026-09-27 13:57:19.236208+00
7209997825;8056046629;true;0;2026-09-27 13:57:38.371041+00
8717952510;7708561744;true;0;2026-09-27 13:58:14.337466+00
7186276100;7126566467;true;0;2026-09-27 13:58:52.856471+00
6988022411;7387726100;true;0;2026-09-27 13:58:55.927525+00
1283930678;7191905983;true;0;2026-09-27 13:58:56.667532+00
6477191470;8754330093;true;0;2026-09-27 13:59:41.53178+00
7339586059;8427645117;true;0;2026-09-27 13:59:46.655808+00
1094854359;7411242147;true;0;2026-09-27 14:00:02.947925+00
8615266594;226425775;true;0;2026-09-27 14:00:06.291926+00
6677267628;1793368825;true;0;2026-09-27 14:00:20.516543+00
8460796249;7167930724;true;0;2026-09-27 14:00:23.703464+00
7555677680;7728606816;true;0;2026-09-27 14:01:02.517995+00
7066432904;7518161618;true;0;2026-09-27 14:01:09.966087+00
8985797123;7640195144;true;0;2026-09-27 14:01:30.641915+00
8891496765;8767867993;true;0;2026-09-27 14:02:10.659638+00
8999405539;6504497274;true;0;2026-09-27 14:02:37.553262+00
6435931233;1811309074;true;0;2026-09-27 14:03:03.951267+00
6965206752;7126566467;true;0;2026-09-27 14:03:55.626678+00
5658428280;2080808728;true;0;2026-09-27 14:03:58.142661+00
6312607237;6618225075;true;0;2026-09-27 14:05:13.748022+00
2115666630;1923149727;true;0;2026-09-27 14:05:22.277907+00
7917798216;226425775;true;0;2026-09-27 14:05:54.535923+00
8524653480;5040904740;true;0;2026-09-27 14:06:20.557703+00
5884415056;5132501444;true;0;2026-09-27 14:07:29.779713+00
5501433617;8092753459;true;0;2026-09-27 14:07:40.244241+00
8889290245;7246552735;true;0;2026-09-27 14:08:06.674042+00
8914240635;6312362664;true;0;2026-09-27 14:08:23.237343+00
8217219688;1031789782;true;0;2026-09-27 14:09:14.203294+00
8326950276;5060385283;true;0;2026-09-27 14:09:35.559975+00
8282002809;6312362664;true;0;2026-09-27 14:10:09.156746+00
8926965221;1193894441;true;0;2026-09-27 14:31:40.678038+00
7879918911;1391724592;true;0;2026-09-27 14:32:06.174048+00
7862699790;1391724592;true;0;2026-09-27 14:32:06.364028+00
7823625538;1391724592;true;0;2026-09-27 14:32:08.239169+00
6103051969;5773684665;true;0;2026-09-27 14:32:12.713366+00
7201190002;1391724592;true;0;2026-09-27 14:32:13.311597+00
8798246144;6662554051;true;0;2026-09-27 14:32:14.996913+00
7318058082;1391724592;true;0;2026-09-27 14:32:15.051956+00
1291580977;7822604875;true;0;2026-09-27 14:32:17.192939+00
8031874265;7374467305;true;0;2026-09-27 14:32:27.795995+00
89305086;8954036308;true;0;2026-09-27 14:32:29.412658+00
8825397054;7470127604;true;0;2026-09-27 14:32:41.297684+00
7585398350;1391724592;true;0;2026-09-27 14:32:49.720245+00
7620514651;1391724592;true;0;2026-09-27 14:32:51.708116+00
2023101753;7870379924;true;0;2026-09-27 14:32:55.368925+00
6461306923;7145628016;true;0;2026-09-27 14:33:15.813069+00
8875004936;1409190994;true;0;2026-09-27 14:37:19.269984+00
8823755331;6747306506;true;0;2026-09-27 14:38:10.001461+00
7682394027;7613542825;true;0;2026-09-27 14:38:18.233688+00
6742217309;7822604875;true;0;2026-09-27 14:38:18.707753+00
8585364574;8888494857;true;0;2026-09-27 14:38:25.67372+00
8055467186;8905139640;true;0;2026-09-27 14:38:28.908746+00
6352668809;7467214219;true;0;2026-09-27 14:38:32.850513+00
466886317;8811594840;true;0;2026-09-27 14:38:49.121378+00
5937892069;6939104810;true;0;2026-09-27 14:39:39.450216+00
6789130627;7306005607;true;0;2026-09-27 14:40:12.772451+00
5830669148;5987595217;true;0;2026-09-27 14:40:21.062032+00
8170359590;7467214219;true;0;2026-09-27 14:40:45.70016+00
6581753424;5709504255;true;0;2026-09-27 14:40:56.260905+00
8467954915;5863753382;true;0;2026-09-27 14:41:02.597946+00
7911173029;1125479544;true;0;2026-09-27 14:41:10.011196+00
7808702605;7132559444;true;0;2026-09-27 14:41:13.401324+00
235086361;226425775;true;0;2026-09-27 14:41:31.107913+00
796821780;8707201786;true;0;2026-09-27 14:41:54.780206+00
7477511666;8033043411;true;0;2026-09-27 14:42:08.230745+00
8882181983;6475645296;true;0;2026-09-27 14:42:10.060361+00
6567867847;7630515620;true;0;2026-09-27 14:42:37.967329+00
8465956035;6214797784;true;0;2026-09-27 15:08:40.281919+00
7688269394;5459309218;true;0;2026-09-27 15:09:22.07691+00
8740657163;8205610652;true;0;2026-09-27 15:09:33.956928+00
7452323650;5482229599;true;0;2026-09-27 15:11:46.758103+00
8686485387;8985098303;true;0;2026-09-27 15:12:27.656235+00
6521221813;5652438263;true;0;2026-09-27 15:12:38.778761+00
8857391119;5024778269;true;0;2026-09-27 15:13:20.114543+00
7973225349;8205455966;true;0;2026-09-27 15:13:46.950926+00
8010937990;7240012520;true;0;2026-09-27 10:43:40.227929+00
8435481290;7422269738;true;0;2026-09-27 10:43:48.603155+00
6755858533;7422269738;true;0;2026-09-27 10:43:53.892261+00
6746258222;7240012520;true;0;2026-09-27 10:44:09.147154+00
8688376573;7070614700;true;0;2026-09-27 10:44:43.145403+00
8203878920;7284765829;true;0;2026-09-27 10:44:45.0555+00
7532842438;7422269738;true;0;2026-09-27 10:44:48.761801+00
8481618805;7422269738;true;0;2026-09-27 10:44:51.403443+00
6848622954;7150028516;true;0;2026-09-27 10:45:05.385442+00
6605493103;7240012520;true;0;2026-09-27 10:45:14.464798+00
8235066007;1855656384;true;0;2026-09-27 10:45:21.336804+00
6279817048;7070614700;true;0;2026-09-27 10:45:22.862605+00
8856584402;7240012520;true;0;2026-09-27 10:45:30.86589+00
8701593515;6618225075;true;0;2026-09-27 11:24:36.203907+00
8075929320;5434805335;true;0;2026-09-27 11:24:50.838996+00
6427974028;5382581275;true;0;2026-09-27 11:26:25.897902+00
6653253414;5382581275;true;0;2026-09-27 11:26:28.318912+00
8828335596;5382581275;true;0;2026-09-27 11:26:31.81796+00
7508954817;5382581275;true;0;2026-09-27 11:26:35.466962+00
8825035564;6177030021;true;0;2026-09-27 11:55:37.367293+00
8973120608;8896159264;true;0;2026-09-27 11:55:43.089554+00
7752393430;8232768035;true;0;2026-09-27 11:55:50.52891+00
8670689965;8924298568;true;0;2026-09-27 11:55:54.471294+00
822087383;2142924045;true;0;2026-09-27 12:27:52.364777+00
5992551154;8575000716;true;0;2026-09-27 12:27:59.325273+00
6537276724;7418456348;true;0;2026-09-27 12:28:09.081498+00
1203560079;7040084040;true;0;2026-09-27 12:28:21.54924+00
8092753459;6324655315;true;0;2026-09-27 12:29:03.866909+00
7711323781;5863753382;true;0;2026-09-27 12:29:53.241623+00
554675323;1028092977;true;0;2026-09-27 12:30:17.390095+00
7935553987;7387726100;true;0;2026-09-27 12:31:06.70991+00
6077336158;1390061339;true;0;2026-09-27 12:31:59.322303+00
8767590976;6635952181;true;0;2026-09-27 12:32:18.105933+00
8598501849;6146797678;true;0;2026-09-27 12:32:27.537602+00
7510618003;7708561744;true;0;2026-09-27 12:32:56.477983+00
8962867848;7110908957;true;0;2026-09-27 12:33:13.469714+00
7782655682;6717942732;true;0;2026-09-27 12:33:29.281684+00
7069298372;8380916723;true;0;2026-09-27 12:33:29.566961+00
653111035;1390061339;true;0;2026-09-27 12:33:37.699314+00
2117540194;1390061339;true;0;2026-09-27 12:34:59.032423+00
8232504759;8647674253;true;0;2026-09-27 12:35:14.250009+00
6996378125;5459309218;true;0;2026-09-27 12:36:03.106688+00
7389132635;6312362664;true;0;2026-09-27 12:36:08.179955+00
8762684008;7150028516;true;0;2026-09-27 12:36:09.405369+00
6145102687;8330897803;true;0;2026-09-27 12:37:17.139671+00
8742179129;7040084040;true;0;2026-09-27 13:13:43.682923+00
8614825064;8745305525;true;0;2026-09-27 13:14:22.276637+00
1185897612;5580298339;true;0;2026-09-27 13:14:58.592899+00
5021156484;1923149727;true;0;2026-09-27 13:15:18.213929+00
2021844162;5054324352;true;0;2026-09-27 13:15:30.727088+00
1182145284;1811309074;true;0;2026-09-27 13:15:39.677186+00
7193347397;6971638079;true;0;2026-09-27 13:15:40.21443+00
5825653836;7557207056;true;0;2026-09-27 13:16:13.52291+00
5073682654;5040904740;true;0;2026-09-27 13:16:45.584708+00
5517014244;5580298339;true;0;2026-09-27 13:16:49.001907+00
6768004524;6312362664;true;0;2026-09-27 13:16:58.810552+00
6410824072;7480248070;true;0;2026-09-27 13:17:08.279959+00
6600233656;5133734491;true;0;2026-09-27 13:17:11.646269+00
6983568222;7360233425;true;0;2026-09-27 13:17:38.04825+00
8638873071;6546261693;true;0;2026-09-27 13:18:35.603127+00
5808624494;7387726100;true;0;2026-09-27 13:19:06.395153+00
5202159770;1923149727;true;0;2026-09-27 13:19:22.83961+00
7132852252;1762194412;true;0;2026-09-27 13:19:35.568924+00
6713444213;6746347091;true;0;2026-09-27 13:19:40.299607+00
1457133051;8811594840;true;0;2026-09-27 13:20:22.55027+00
5439994809;7500950840;true;0;2026-09-27 13:20:33.31692+00
6837293127;1028092977;true;0;2026-09-27 13:20:33.479278+00
6002124550;7503626528;true;0;2026-09-27 13:20:35.054629+00
7067352749;7518161618;true;0;2026-09-27 13:21:14.195068+00
6976645656;6694722648;true;0;2026-09-27 13:21:48.922788+00
1302586253;7040084040;true;0;2026-09-27 13:21:50.451349+00
5307895273;5580298339;true;0;2026-09-27 13:21:53.801922+00
7903711398;1736872830;true;0;2026-09-27 13:22:08.178913+00
7890262377;8358995102;true;0;2026-09-27 13:22:37.409953+00
7283795131;7651145168;true;0;2026-09-27 13:22:45.583942+00
8663293151;8304453784;true;0;2026-09-27 13:23:02.442904+00
6756798600;7630515620;true;0;2026-09-27 13:24:18.711129+00
7243190560;886866275;true;0;2026-09-27 13:26:11.798941+00
6991416641;8811594840;true;0;2026-09-27 13:26:14.916912+00
6352189299;8330897803;true;0;2026-09-27 13:26:15.919197+00
1246325610;7181163324;true;0;2026-09-27 13:26:31.615514+00
7879319390;7590298679;true;0;2026-09-27 13:57:31.305483+00
8625239023;7590298679;true;0;2026-09-27 13:57:37.253596+00
8303554794;6256155188;true;0;2026-09-27 13:57:48.606434+00
8615062739;7590298679;true;0;2026-09-27 13:58:04.534347+00
948767877;7799495300;true;0;2026-09-27 13:58:44.806472+00
8659300392;7590298679;true;0;2026-09-27 13:58:51.480929+00
8971237405;6387489441;true;0;2026-09-27 13:58:51.644051+00
8956692625;7590298679;true;0;2026-09-27 13:58:56.335507+00
8672656687;7590298679;true;0;2026-09-27 13:59:04.088945+00
8904318294;7637567582;true;0;2026-09-27 13:59:23.386951+00
99846912;226425775;true;0;2026-09-27 13:59:25.014461+00
6554527126;7387726100;true;0;2026-09-27 14:00:14.304568+00
5050613599;1923149727;true;0;2026-09-27 14:00:32.212787+00
8212817183;6396174153;true;0;2026-09-27 14:00:55.860927+00
6809914995;6133933014;true;0;2026-09-27 14:01:20.515943+00
8593031405;6371810631;true;0;2026-09-27 14:01:26.818927+00
8370414845;7422269738;true;0;2026-09-27 14:02:15.013585+00
8923914197;7637567582;true;0;2026-09-27 14:02:16.220908+00
5023258571;1923149727;true;0;2026-09-27 14:02:41.093488+00
8102303240;7793139330;true;0;2026-09-27 14:03:41.724926+00
7660414977;5709504255;true;0;2026-09-27 14:04:04.118369+00
7498152934;8121821371;true;0;2026-09-27 14:05:07.180924+00
813530656;8339299560;true;0;2026-09-27 14:06:54.236958+00
8421322060;6261740994;true;0;2026-09-27 14:06:58.927318+00
2111678003;1923149727;true;0;2026-09-27 14:07:01.559247+00
1261570152;7325818182;true;0;2026-09-27 14:07:14.426798+00
7989600602;7518161618;true;0;2026-09-27 14:07:29.510283+00
1911493676;5364798832;true;0;2026-09-27 14:07:48.28899+00
6041525159;8767867993;true;0;2026-09-27 14:07:55.574159+00
6608754595;8954036308;true;0;2026-09-27 14:08:31.910249+00
716151541;6546261693;true;0;2026-09-27 14:08:36.625433+00
8011707016;8445822293;true;0;2026-09-27 14:09:46.644232+00
8090036351;1391724592;true;0;2026-09-27 14:32:07.809577+00
7967369939;1391724592;true;0;2026-09-27 14:32:10.267394+00
7107074893;1391724592;true;0;2026-09-27 14:32:10.291484+00
7635584960;1391724592;true;0;2026-09-27 14:32:12.537641+00
7334490677;5060385283;true;0;2026-09-27 14:32:23.053441+00
7307112199;1391724592;true;0;2026-09-27 14:32:23.733916+00
8727511295;6662554051;true;0;2026-09-27 14:33:25.691042+00
8439688558;5709504255;true;0;2026-09-27 14:37:20.606367+00
8922931795;7822604875;true;0;2026-09-27 14:38:24.543209+00
5732136196;8905139640;true;0;2026-09-27 14:38:41.059125+00
7130777229;8954036308;true;0;2026-09-27 14:38:56.787924+00
8384220436;1956898640;true;0;2026-09-27 14:39:00.506932+00
6411797812;7563720163;true;0;2026-09-27 14:39:05.245928+00
8878671411;5987595217;true;0;2026-09-27 14:40:16.466913+00
7203368163;7387726100;true;0;2026-09-27 14:40:56.211786+00
7964748592;8846156146;true;0;2026-09-27 14:41:36.958663+00
1014404907;8653479591;true;0;2026-09-27 14:41:45.469414+00
8979019193;5987595217;true;0;2026-09-27 14:42:28.890895+00
7080472361;8505916897;true;0;2026-09-27 14:42:53.605293+00
8996893431;8954036308;true;0;2026-09-27 14:43:06.916519+00
1390100729;6990730373;true;0;2026-09-27 14:43:07.437851+00
2095569817;8680831775;true;0;2026-09-27 14:43:12.424699+00
6279279246;5919367787;true;0;2026-09-27 15:09:24.554819+00
1196069319;7150028516;true;0;2026-09-27 10:43:40.709384+00
8870203580;7070614700;true;0;2026-09-27 10:44:08.828922+00
8294372803;7150028516;true;0;2026-09-27 10:44:13.743887+00
7465103082;7070614700;true;0;2026-09-27 10:44:44.968582+00
7411242147;7422269738;true;0;2026-09-27 10:44:56.129734+00
8996773700;1855656384;true;0;2026-09-27 10:45:14.451444+00
8690482794;1855656384;true;0;2026-09-27 10:45:18.902431+00
6816527818;7070614700;true;0;2026-09-27 10:45:26.026713+00
8339466801;8427645117;true;0;2026-09-27 11:24:36.781721+00
7971789998;1855656384;true;0;2026-09-27 11:24:42.669968+00
8630997520;5382581275;true;0;2026-09-27 11:26:30.759024+00
921118688;98715176;true;0;2026-09-27 11:26:37.937907+00
8541454555;7052929719;true;0;2026-09-27 11:26:50.192371+00
7733806708;1956898640;true;0;2026-09-27 11:26:56.999673+00
8002339439;6382162952;true;0;2026-09-27 11:55:41.997909+00
8023199802;7890776779;true;0;2026-09-27 11:56:48.759639+00
7271656044;5863753382;true;0;2026-09-27 11:57:01.835716+00
8556073200;7905950265;true;0;2026-09-27 11:57:12.832932+00
5113771914;5249943765;true;0;2026-09-27 11:57:32.199872+00
7754353594;8365923252;true;0;2026-09-27 11:57:43.498049+00
8496506646;6368629004;true;0;2026-09-27 11:58:01.078669+00
7995580238;6515204020;true;0;2026-09-27 11:58:02.461543+00
5962918897;5141127080;true;0;2026-09-27 11:58:46.413732+00
7815510652;8346359287;true;0;2026-09-27 11:58:56.86699+00
6038287106;6317252244;true;0;2026-09-27 11:59:57.149148+00
6175220130;255837383;true;0;2026-09-27 12:00:06.99222+00
1684895905;7454546340;true;0;2026-09-27 12:00:10.931124+00
6345307839;7560073659;true;0;2026-09-27 12:00:20.119813+00
8617558023;7454546340;true;0;2026-09-27 12:00:44.007013+00
8038527197;7246552735;true;0;2026-09-27 12:01:21.759003+00
7644322971;6053921525;true;0;2026-09-27 12:02:25.983728+00
6596254535;7052929719;true;0;2026-09-27 12:02:29.411032+00
8722985762;7895908879;true;0;2026-09-27 12:04:09.838907+00
7132559444;6618225075;true;0;2026-09-27 12:06:13.002575+00
8042842548;6415125910;true;0;2026-09-27 12:06:37.470882+00
6470026081;8227777950;true;0;2026-09-27 12:06:54.247979+00
6322561258;7673104837;true;0;2026-09-27 12:07:06.061714+00
7134188206;6499229978;true;0;2026-09-27 12:07:24.632929+00
7095408890;1279900725;true;0;2026-09-27 12:07:25.983071+00
5777461113;7052929719;true;0;2026-09-27 12:07:28.993503+00
196205049;8811594840;true;0;2026-09-27 12:07:47.443736+00
7476746486;7569281154;true;0;2026-09-27 12:27:54.807802+00
8847034275;8394640321;true;0;2026-09-27 12:28:56.587848+00
602589959;8811594840;true;0;2026-09-27 12:28:58.191556+00
7445988526;8556328355;true;0;2026-09-27 12:29:30.509002+00
8708536259;7418456348;true;0;2026-09-27 12:29:36.631954+00
5160695853;7040084040;true;0;2026-09-27 12:29:45.832657+00
1544039075;7982325371;true;0;2026-09-27 12:29:55.42791+00
5863835480;8341589020;true;0;2026-09-27 12:30:05.246845+00
7432852487;5211801993;true;0;2026-09-27 12:30:22.629195+00
7600934676;1855656384;true;0;2026-09-27 12:30:32.454302+00
8020912293;6312362664;true;0;2026-09-27 12:30:40.446626+00
6930050287;6971638079;true;0;2026-09-27 12:30:55.404425+00
8783035571;5992551154;true;0;2026-09-27 12:30:59.083792+00
8924315650;6415125910;true;0;2026-09-27 12:31:48.377917+00
8767867993;7982325371;true;0;2026-09-27 12:32:48.124561+00
8915379399;5863753382;true;0;2026-09-27 12:33:05.74446+00
1156026483;2142924045;true;0;2026-09-27 12:34:36.058133+00
1394498915;7905854010;true;0;2026-09-27 12:34:44.672987+00
2080808728;7299021506;true;0;2026-09-27 12:35:13.313365+00
7141294331;7467214219;true;0;2026-09-27 12:35:33.88655+00
6968438807;7279658358;true;0;2026-09-27 12:36:03.039001+00
7610880789;1581440561;true;0;2026-09-27 12:36:28.973265+00
6795877163;1855656384;true;0;2026-09-27 12:36:32.150878+00
5454898721;6579786009;true;0;2026-09-27 12:37:25.173361+00
5444010419;7040084040;true;0;2026-09-27 12:37:26.802662+00
5052674411;1923149727;true;0;2026-09-27 13:13:43.952434+00
6437024330;5580298339;true;0;2026-09-27 13:13:50.559556+00
8248498741;7126566467;true;0;2026-09-27 13:13:52.552492+00
7238053646;5580298339;true;0;2026-09-27 13:14:00.583954+00
7814601009;1028092977;true;0;2026-09-27 13:14:03.830922+00
5094718505;1923149727;true;0;2026-09-27 13:14:24.256613+00
8998722975;7422269738;true;0;2026-09-27 13:14:49.663623+00
8219135382;199701603;true;0;2026-09-27 13:15:42.423396+00
5096998454;1923149727;true;0;2026-09-27 13:16:15.47983+00
5549788087;1390061339;true;0;2026-09-27 13:16:21.856912+00
7253933179;886866275;true;0;2026-09-27 13:16:32.957432+00
6106608387;8720739001;true;0;2026-09-27 13:16:33.734433+00
6404874070;5022137388;true;0;2026-09-27 13:16:47.875843+00
6953779667;7480248070;true;0;2026-09-27 13:17:42.386994+00
1136927164;7150028516;true;0;2026-09-27 13:18:00.550514+00
8604824856;8381740685;true;0;2026-09-27 13:18:10.12466+00
6334845632;6546261693;true;0;2026-09-27 13:19:07.997913+00
8387919710;1762194412;true;0;2026-09-27 13:19:16.339578+00
8777705786;886866275;true;0;2026-09-27 13:20:10.405458+00
7628002328;8239674592;true;0;2026-09-27 13:20:42.509564+00
8321946056;7793139330;true;0;2026-09-27 13:20:42.763961+00
1296115287;6312362664;true;0;2026-09-27 13:20:57.591919+00
7112417387;7637567582;true;0;2026-09-27 13:21:04.388501+00
8962330342;7299021506;true;0;2026-09-27 13:21:36.36445+00
8957016495;5040904740;true;0;2026-09-27 13:21:47.990613+00
7395338151;7637567582;true;0;2026-09-27 13:21:57.310239+00
7693251996;5580298339;true;0;2026-09-27 13:21:58.213921+00
6700947750;5580298339;true;0;2026-09-27 13:22:32.409551+00
1959727457;5065854600;true;0;2026-09-27 13:23:00.329145+00
8193076385;7422269738;true;0;2026-09-27 13:23:12.718638+00
1244865608;7040084040;true;0;2026-09-27 13:23:27.148918+00
8519060239;6312362664;true;0;2026-09-27 13:25:10.069392+00
8789776221;7518161618;true;0;2026-09-27 13:25:28.24241+00
5137667052;1923149727;true;0;2026-09-27 13:26:11.482369+00
8969111851;8056046629;true;0;2026-09-27 13:26:13.914927+00
8872110491;7590298679;true;0;2026-09-27 13:57:41.504406+00
7710323923;7637567582;true;0;2026-09-27 13:57:49.04012+00
8728952328;7590298679;true;0;2026-09-27 13:59:29.913819+00
7125811786;394397878;true;0;2026-09-27 13:59:54.823993+00
8875729541;1762194412;true;0;2026-09-27 14:00:14.764902+00
553264339;8653479591;true;0;2026-09-27 14:00:34.562908+00
7008307948;5528794190;true;0;2026-09-27 14:00:49.005981+00
279733837;5141127080;true;0;2026-09-27 14:01:30.7157+00
6277727728;6445238971;true;0;2026-09-27 14:02:03.157763+00
7701204247;8954036308;true;0;2026-09-27 14:02:17.835317+00
5907464129;8505916897;true;0;2026-09-27 14:02:33.458336+00
8331125036;8505916897;true;0;2026-09-27 14:02:45.742988+00
8014046758;5040904740;true;0;2026-09-27 14:02:49.240948+00
7957460609;226425775;true;0;2026-09-27 14:03:08.459883+00
7748843038;8954036308;true;0;2026-09-27 14:03:57.608822+00
1889611036;8774738339;true;0;2026-09-27 14:05:08.738821+00
1031789782;886866275;true;0;2026-09-27 14:05:51.078045+00
8908763981;226425775;true;0;2026-09-27 14:07:16.966911+00
175139221;8092753459;true;0;2026-09-27 14:07:48.963287+00
5110762787;8092753459;true;0;2026-09-27 14:08:05.564903+00
5090771730;1923149727;true;0;2026-09-27 14:09:44.039915+00
6669889127;5459309218;true;0;2026-09-27 14:10:22.31312+00
8614759338;7150028516;true;0;2026-09-27 14:38:30.606597+00
7103805379;5863753382;true;0;2026-09-27 14:39:34.867847+00
8111189637;8782326610;true;0;2026-09-27 14:39:54.76266+00
7324017566;7503626528;true;0;2026-09-27 14:39:58.164844+00
5528503124;5987595217;true;0;2026-09-27 14:40:19.731903+00
1302452847;8505916897;true;0;2026-09-27 14:40:19.878915+00
8278853015;7679749469;true;0;2026-09-27 14:40:58.783366+00
8583213835;6662554051;true;0;2026-09-27 14:41:07.886843+00
7681381514;890932798;true;0;2026-09-27 14:41:21.902974+00
8489604480;6799948605;true;0;2026-09-27 14:41:29.249742+00
8367160731;5732136196;true;0;2026-09-27 14:41:32.007082+00
8876415826;7915951342;true;0;2026-09-27 14:41:46.192995+00
8326656386;5987595217;true;0;2026-09-27 14:41:47.692441+00
7069612425;7240012520;true;0;2026-09-27 10:43:42.614927+00
6322400943;1925786737;true;0;2026-09-27 10:43:46.449091+00
8047156571;7422269738;true;0;2026-09-27 10:44:41.935973+00
8977447514;6635952181;true;0;2026-09-27 10:44:52.0323+00
8712338770;8407129254;true;0;2026-09-27 10:45:08.290325+00
8526573671;7651145168;true;0;2026-09-27 10:45:17.591655+00
6723279436;7070614700;true;0;2026-09-27 10:45:31.129241+00
7257326349;6618225075;true;0;2026-09-27 11:24:36.887316+00
7422849444;7560073659;true;0;2026-09-27 11:24:38.270526+00
7222154141;7422269738;true;0;2026-09-27 11:24:40.241306+00
2008738749;7454546340;true;0;2026-09-27 11:26:18.110109+00
6024495478;8339299560;true;0;2026-09-27 11:26:18.682965+00
8671471150;7454546340;true;0;2026-09-27 11:26:31.071941+00
6473786385;5382581275;true;0;2026-09-27 11:26:31.600922+00
8837483095;7138182580;true;0;2026-09-27 11:27:01.525831+00
8950173810;7334625664;true;0;2026-09-27 11:27:10.231452+00
832056103;7052929719;true;0;2026-09-27 11:27:10.755918+00
6313639331;1487314449;true;0;2026-09-27 11:27:19.095951+00
6610344401;1090534863;true;0;2026-09-27 11:55:47.630688+00
8559261159;8280616398;true;0;2026-09-27 12:27:56.831049+00
6403301719;7411242147;true;0;2026-09-27 12:28:02.25191+00
6827055488;7150028516;true;0;2026-09-27 12:28:33.847152+00
7635874235;5133734491;true;0;2026-09-27 12:28:47.801968+00
8704660250;8924298568;true;0;2026-09-27 12:28:49.346904+00
7783934059;6304381723;true;0;2026-09-27 12:28:50.479908+00
8944420793;6340638549;true;0;2026-09-27 12:28:52.758639+00
1803175933;8339299560;true;0;2026-09-27 12:29:09.787702+00
2024833041;7630465818;true;0;2026-09-27 12:29:13.179562+00
7254390962;8556328355;true;0;2026-09-27 12:29:22.793595+00
7173074246;8070764575;true;0;2026-09-27 12:30:56.631909+00
2076908447;7411242147;true;0;2026-09-27 12:31:42.211267+00
8187441283;7952962913;true;0;2026-09-27 12:31:44.77892+00
8990706097;7052929719;true;0;2026-09-27 12:32:12.862549+00
7546442061;7708561744;true;0;2026-09-27 12:32:40.591208+00
7947365232;7637567582;true;0;2026-09-27 12:32:47.188529+00
5860964164;1390061339;true;0;2026-09-27 12:32:49.108924+00
1735613449;2142924045;true;0;2026-09-27 12:34:36.180091+00
7997668196;7693447102;true;0;2026-09-27 12:35:12.56091+00
8829528544;8427645117;true;0;2026-09-27 12:35:31.856927+00
8589576784;5839623511;true;0;2026-09-27 12:35:36.891846+00
8350517603;886866275;true;0;2026-09-27 12:35:37.032558+00
8590238356;1666187866;true;0;2026-09-27 13:13:44.444903+00
7628214117;6350423486;true;0;2026-09-27 13:13:47.605208+00
1237926552;1390061339;true;0;2026-09-27 13:14:12.588838+00
5674131010;8121821371;true;0;2026-09-27 13:14:23.506415+00
5075133552;1923149727;true;0;2026-09-27 13:57:48.04741+00
8557287762;7590298679;true;0;2026-09-27 13:58:01.407855+00
8633627209;7590298679;true;0;2026-09-27 13:58:14.543932+00
8672972268;7590298679;true;0;2026-09-27 13:58:18.490395+00
2055705548;7040084040;true;0;2026-09-27 13:58:21.706923+00
8571802622;8477003681;true;0;2026-09-27 13:58:24.251719+00
6115197559;886866275;true;0;2026-09-27 13:59:36.006979+00
8086852616;8451882766;true;0;2026-09-27 13:59:39.902882+00
7831015788;8767867993;true;0;2026-09-27 13:59:48.525741+00
5136406527;8227777950;true;0;2026-09-27 14:00:03.061879+00
6094970102;7040084040;true;0;2026-09-27 14:00:34.389072+00
7589514373;7279658358;true;0;2026-09-27 14:00:43.324364+00
5041062712;1923149727;true;0;2026-09-27 14:01:10.367307+00
7215861258;8339299560;true;0;2026-09-27 14:01:29.569584+00
1430734691;8436438196;true;0;2026-09-27 14:03:08.39641+00
8873823887;7177076357;true;0;2026-09-27 14:03:47.212267+00
6089935726;5580298339;true;0;2026-09-27 14:04:24.605504+00
7215349879;8653479591;true;0;2026-09-27 14:04:52.031+00
5090827996;1923149727;true;0;2026-09-27 14:06:33.985543+00
7163915627;6662964886;true;0;2026-09-27 14:07:53.61498+00
5580259827;1707453611;true;0;2026-09-27 14:08:14.891023+00
1355220160;7637567582;true;0;2026-09-27 14:08:43.349407+00
6651440373;7630515620;true;0;2026-09-27 14:08:44.30785+00
6331184034;6313639331;true;0;2026-09-27 14:08:47.740905+00
5027258519;1923149727;true;0;2026-09-27 14:09:17.287006+00
8755376492;8365923252;true;0;2026-09-27 14:42:16.709394+00
5391494683;5987595217;true;0;2026-09-27 14:42:18.196943+00
7082697369;1855656384;true;0;2026-09-27 14:42:40.795924+00
6485939565;8647674253;true;0;2026-09-27 14:42:44.363916+00
8599302225;8365767752;true;0;2026-09-27 14:42:55.569539+00
8669180342;5040904740;true;0;2026-09-27 14:42:58.433819+00
7982521157;7150028516;true;0;2026-09-27 15:09:29.743913+00
8649288562;7637567582;true;0;2026-09-27 15:09:37.573004+00
7474839109;1724242845;true;0;2026-09-27 15:09:43.049955+00
8543597466;8228565359;true;0;2026-09-27 15:10:08.285288+00
8094973465;7865006773;true;0;2026-09-27 15:10:56.177472+00
8798270193;8228565359;true;0;2026-09-27 15:11:32.834534+00
8683598966;7865006773;true;0;2026-09-27 15:11:52.846544+00
8860771663;7865006773;true;0;2026-09-27 15:12:27.402926+00
8703953502;886866275;true;0;2026-09-27 15:12:39.486611+00
7602989369;7744682439;true;0;2026-09-27 15:12:53.186325+00
8928041576;7644619222;true;0;2026-09-27 15:13:55.680971+00
8814075443;5636526188;true;0;2026-09-27 15:13:57.512185+00
8998735423;8100296567;true;0;2026-09-27 15:14:25.899929+00
7221275423;8381740685;true;0;2026-09-27 15:15:37.793517+00
5287491448;5141127080;true;0;2026-09-27 15:15:52.794094+00
7497794589;5482229599;true;0;2026-09-27 15:16:05.339001+00
7142648343;6990730373;true;0;2026-09-27 15:16:24.693494+00
1803770407;8954036308;true;0;2026-09-27 15:16:36.860926+00
8157783590;8231324526;true;0;2026-09-27 15:16:38.602523+00
519364831;226425775;true;0;2026-09-27 15:16:42.478941+00
6651007792;7744682439;true;0;2026-09-27 15:16:45.698191+00
7128138475;6715338606;true;0;2026-09-27 15:17:35.84445+00
8562283336;7482479437;true;0;2026-09-27 15:19:14.210732+00
5545955050;8954036308;true;0;2026-09-27 15:19:50.460893+00
8428986234;8949686510;true;0;2026-09-27 15:20:03.659719+00
6703995568;5421899995;true;0;2026-09-27 15:21:05.09916+00
1820401022;1811309074;true;0;2026-09-27 15:21:06.677788+00
7797883674;1724242845;true;0;2026-09-27 15:21:14.008735+00
7605969471;8954036308;true;0;2026-09-27 15:21:48.505923+00
6571524619;8745305525;true;0;2026-09-27 15:23:30.124925+00
6562120078;8436438196;true;0;2026-09-27 15:25:13.445927+00
8836577596;394397878;true;0;2026-09-27 15:26:16.48416+00
7359806328;5987595217;true;0;2026-09-27 15:26:35.960287+00
1377164917;5732136196;true;0;2026-09-27 15:26:48.971213+00
5953296309;6867216476;true;0;2026-09-27 15:28:18.279557+00
7691076538;7630515620;true;0;2026-09-27 15:29:25.541999+00
7857133703;5087892889;true;0;2026-09-27 15:30:10.596248+00
6819830449;1421628675;true;0;2026-09-27 15:30:36.338147+00
7991857652;7538120158;true;0;2026-09-27 15:31:07.295971+00
6816397101;7422269738;true;0;2026-09-27 15:31:07.823995+00
8892381973;8330131823;true;0;2026-09-27 15:31:22.199692+00
1972540405;6480778192;true;0;2026-09-27 15:32:08.748883+00
8767874196;1046026624;true;0;2026-09-27 15:32:13.414957+00
6205157563;7467214219;true;0;2026-09-27 15:32:48.695931+00
6052124623;7181018784;true;0;2026-09-27 15:33:44.239255+00
8370110898;7545787996;true;0;2026-09-27 15:33:55.734623+00
7160173053;6449370830;true;0;2026-09-27 15:34:15.880798+00
7564091330;6970996359;true;0;2026-09-27 15:34:16.472718+00
7157762098;1681836970;true;0;2026-09-27 15:38:18.837589+00
8786399747;7952962913;true;0;2026-09-27 15:38:47.610557+00
7733072316;8042928083;true;0;2026-09-27 15:38:53.317563+00
1145925219;657851204;true;0;2026-09-27 15:39:06.041319+00
8823463805;7467214219;true;0;2026-09-27 15:39:07.778958+00
8721923264;5656742441;true;0;2026-09-27 15:39:08.480725+00
8860874459;6053921525;true;0;2026-09-27 15:39:16.94128+00
5684813987;6371810631;true;0;2026-09-27 15:39:17.461576+00
7087823498;7314491060;true;0;2026-09-27 15:39:30.460522+00
6566568127;5863753382;true;0;2026-09-27 15:40:00.152343+00
8476579415;7801311102;true;0;2026-09-27 15:40:24.445916+00
8092544896;7240012520;true;0;2026-09-27 10:43:47.929438+00
7791162406;7789411693;true;0;2026-09-27 10:43:51.160853+00
8140603314;7240012520;true;0;2026-09-27 10:44:07.605293+00
7673104837;7422269738;true;0;2026-09-27 10:44:17.756427+00
7644507244;7240012520;true;0;2026-09-27 10:44:20.987553+00
6771479329;7422269738;true;0;2026-09-27 10:44:23.320546+00
8418344986;7422269738;true;0;2026-09-27 10:44:45.799589+00
6777752086;7240012520;true;0;2026-09-27 10:45:13.861954+00
7034695742;1855656384;true;0;2026-09-27 10:45:21.184922+00
6280485720;7150028516;true;0;2026-09-27 10:45:24.06057+00
7559933943;1855656384;true;0;2026-09-27 10:45:31.99593+00
6941191333;1855656384;true;0;2026-09-27 10:45:35.415734+00
1793368825;7240012520;true;0;2026-09-27 10:45:37.4129+00
6053921525;7422269738;true;0;2026-09-27 10:45:43.507905+00
7458602264;7240012520;true;0;2026-09-27 10:45:44.29593+00
849890595;7150028516;true;0;2026-09-27 10:45:49.166511+00
8027153564;7476891094;true;0;2026-09-27 10:45:55.787231+00
1839133876;7240012520;true;0;2026-09-27 10:45:56.734958+00
6083149287;7480248070;true;0;2026-09-27 10:45:59.17283+00
563507131;7875362990;true;0;2026-09-27 10:46:04.006699+00
8142107124;1855656384;true;0;2026-09-27 10:46:04.299154+00
1968573329;7150028516;true;0;2026-09-27 10:46:07.387924+00
7446067878;7422269738;true;0;2026-09-27 10:46:10.484537+00
7032063751;7422269738;true;0;2026-09-27 10:46:11.198931+00
7489588943;1855656384;true;0;2026-09-27 10:46:11.367049+00
1698130348;7070614700;true;0;2026-09-27 10:46:12.229918+00
7663090735;7793139330;true;0;2026-09-27 10:46:17.245647+00
7711129807;7070614700;true;0;2026-09-27 10:46:18.278534+00
7943411123;7150028516;true;0;2026-09-27 10:46:22.503598+00
5040904740;7070614700;true;0;2026-09-27 10:46:23.75379+00
8966663297;1925786737;true;0;2026-09-27 10:46:23.807935+00
8556299607;7422269738;true;0;2026-09-27 10:46:24.149588+00
7049126879;1855656384;true;0;2026-09-27 10:46:28.224082+00
5931238789;6232093144;true;0;2026-09-27 10:46:31.640997+00
5217653685;6477559780;true;0;2026-09-27 10:46:31.877129+00
6327350058;7651145168;true;0;2026-09-27 10:46:32.503916+00
6028335644;1855656384;true;0;2026-09-27 10:46:33.444131+00
7971616393;7791162406;true;0;2026-09-27 10:46:37.602983+00
8350121548;7228902382;true;0;2026-09-27 10:46:43.202933+00
6287867073;1925786737;true;0;2026-09-27 10:46:46.343532+00
5596267812;7932425811;true;0;2026-09-27 10:46:50.796648+00
5148192454;7228902382;true;0;2026-09-27 10:46:53.887561+00
7786487391;7793139330;true;0;2026-09-27 10:46:59.783334+00
7500346747;7708561744;true;0;2026-09-27 10:47:09.761687+00
7503629980;7708561744;true;0;2026-09-27 10:47:11.657495+00
1458162778;7708561744;true;0;2026-09-27 10:47:14.039483+00
6446145632;7637567582;true;0;2026-09-27 10:47:14.137693+00
8746355988;7206619137;true;0;2026-09-27 10:47:18.406942+00
8311922924;7681447524;true;0;2026-09-27 10:47:19.751404+00
5978937788;1855656384;true;0;2026-09-27 10:47:19.834922+00
7405447154;7708561744;true;0;2026-09-27 10:47:21.17591+00
6538677566;1855656384;true;0;2026-09-27 10:47:21.261914+00
5791544401;7789411693;true;0;2026-09-27 10:47:22.634378+00
7317321712;7422269738;true;0;2026-09-27 10:47:25.811918+00
8683381795;7708561744;true;0;2026-09-27 10:47:26.288462+00
7046025321;7150028516;true;0;2026-09-27 10:47:27.566708+00
6385887395;7150028516;true;0;2026-09-27 10:47:28.786725+00
8936961441;7463935583;true;0;2026-09-27 10:47:29.504295+00
6639855768;7681447524;true;0;2026-09-27 10:47:30.607425+00
7924390831;7637567582;true;0;2026-09-27 10:47:30.963251+00
8200498777;7708561744;true;0;2026-09-27 10:47:32.330941+00
5888095155;1855656384;true;0;2026-09-27 10:47:34.810934+00
5216879705;7793139330;true;0;2026-09-27 10:47:36.187183+00
8314777594;7708561744;true;0;2026-09-27 10:47:37.44478+00
6499229978;7708561744;true;0;2026-09-27 10:47:43.131006+00
8884435182;1925786737;true;0;2026-09-27 10:47:44.32292+00
990769615;7206619137;true;0;2026-09-27 10:47:46.574977+00
7326883006;7240012520;true;0;2026-09-27 10:47:49.449421+00
6712219412;7651145168;true;0;2026-09-27 10:47:54.79427+00
6593699168;6635952181;true;0;2026-09-27 10:48:02.179631+00
7431708138;6635952181;true;0;2026-09-27 10:48:02.542192+00
8656517817;5383744781;true;0;2026-09-27 10:48:04.372962+00
1343397358;7681447524;true;0;2026-09-27 10:48:07.110325+00
6714992347;1855656384;true;0;2026-09-27 10:48:08.866565+00
6460074801;7952962913;true;0;2026-09-27 10:48:12.348555+00
6704117819;1855656384;true;0;2026-09-27 10:48:12.915291+00
698093311;7637567582;true;0;2026-09-27 10:48:13.141169+00
7038095339;7875362990;true;0;2026-09-27 10:48:13.219535+00
8781779699;1855656384;true;0;2026-09-27 10:48:14.058546+00
8506323813;7240012520;true;0;2026-09-27 10:48:16.667907+00
6461361848;7637567582;true;0;2026-09-27 10:48:19.364646+00
7291170597;7952962913;true;0;2026-09-27 10:48:22.031925+00
8440229655;1925786737;true;0;2026-09-27 10:48:24.971768+00
8303826269;6721438035;true;0;2026-09-27 10:48:25.559961+00
8288729262;7240012520;true;0;2026-09-27 10:48:29.657922+00
7751905239;8312791312;true;0;2026-09-27 10:48:33.151063+00
7198008125;7637567582;true;0;2026-09-27 10:48:33.951149+00
8835649023;6232093144;true;0;2026-09-27 10:48:38.921402+00
6109515620;7150028516;true;0;2026-09-27 10:48:39.547712+00
7310180650;7070614700;true;0;2026-09-27 10:48:43.149918+00
6638606520;7422269738;true;0;2026-09-27 10:48:46.48893+00
8619041461;1925786737;true;0;2026-09-27 10:48:46.835967+00
5739147727;7708561744;true;0;2026-09-27 10:48:54.386238+00
7325649821;7708561744;true;0;2026-09-27 10:49:01.405362+00
8482376505;7150028516;true;0;2026-09-27 10:49:03.977826+00
8022569495;7952962913;true;0;2026-09-27 10:49:06.709769+00
6851939150;7932425811;true;0;2026-09-27 10:49:07.43175+00
6594087861;7070614700;true;0;2026-09-27 10:49:09.059554+00
577519764;6232093144;true;0;2026-09-27 10:49:13.679196+00
1990480638;6477559780;true;0;2026-09-27 10:49:18.277447+00
5883256066;7708561744;true;0;2026-09-27 10:49:21.726903+00
5622314541;7458602264;true;0;2026-09-27 10:49:22.376908+00
7023881645;7150028516;true;0;2026-09-27 10:49:23.34592+00
7540358354;7458602264;true;0;2026-09-27 10:49:24.394059+00
7605217686;7240012520;true;0;2026-09-27 10:49:24.686281+00
7446162999;7240012520;true;0;2026-09-27 10:49:26.378743+00
6747306506;7637567582;true;0;2026-09-27 10:49:28.802794+00
6302543588;7070614700;true;0;2026-09-27 10:49:35.249167+00
7400940023;7708561744;true;0;2026-09-27 10:49:35.991927+00
672807189;6475645296;true;0;2026-09-27 10:49:39.788363+00
8713620419;5888095155;true;0;2026-09-27 10:49:45.35792+00
5339335944;7150028516;true;0;2026-09-27 10:49:46.126639+00
6280134579;7637567582;true;0;2026-09-27 10:49:47.135908+00
7332246060;7789411693;true;0;2026-09-27 10:49:47.682982+00
5023749972;7952962913;true;0;2026-09-27 10:50:00.02022+00
6095259017;7284765829;true;0;2026-09-27 10:50:03.439558+00
6737565898;7240012520;true;0;2026-09-27 10:50:09.363427+00
6971638079;7240012520;true;0;2026-09-27 10:50:11.323945+00
8732558910;6635952181;true;0;2026-09-27 10:50:11.993921+00
7430206923;5978937788;true;0;2026-09-27 10:50:17.866268+00
8647490003;7637567582;true;0;2026-09-27 10:50:25.107895+00
8024283293;8596120398;true;0;2026-09-27 10:50:27.905608+00
7001848455;7240012520;true;0;2026-09-27 10:50:31.058948+00
8010961843;1925786737;true;0;2026-09-27 10:50:31.609638+00
6661412112;7476891094;true;0;2026-09-27 10:50:35.064719+00
7186537555;6611339927;true;0;2026-09-27 10:50:42.085907+00
7891539109;1925786737;true;0;2026-09-27 10:50:47.403435+00
1756205088;7240012520;true;0;2026-09-27 10:50:47.432915+00
6525767534;6499229978;true;0;2026-09-27 10:50:56.975396+00
5133734491;7708561744;true;0;2026-09-27 10:51:02.889405+00
6559849825;6499229978;true;0;2026-09-27 10:51:05.903845+00
1884424468;7637567582;true;0;2026-09-27 10:51:07.926123+00
888248846;7711129807;true;0;2026-09-27 10:51:08.527516+00
1995471988;7240012520;true;0;2026-09-27 10:51:08.757954+00
8655837682;6053921525;true;0;2026-09-27 10:51:09.157232+00
8185585438;7284765829;true;0;2026-09-27 10:51:11.451921+00
7350486146;7681447524;true;0;2026-09-27 10:51:12.69955+00
7433935669;6978820493;true;0;2026-09-27 11:24:39.759902+00
6923189643;5599422047;true;0;2026-09-27 11:25:42.711518+00
6808074477;5382581275;true;0;2026-09-27 11:26:30.907905+00
7400827078;6978820493;true;0;2026-09-27 11:26:36.873975+00
8926400151;8239674592;true;0;2026-09-27 11:26:38.194894+00
6434273964;7637567582;true;0;2026-09-27 11:26:45.072939+00
8788688086;6123506819;true;0;2026-09-27 11:27:01.652993+00
7283522501;7006377955;true;0;2026-09-27 11:55:47.978963+00
8171396111;7052929719;true;0;2026-09-27 11:55:54.453144+00
8243258638;8715575721;true;0;2026-09-27 11:55:57.385922+00
8669246665;8432699815;true;0;2026-09-27 11:55:58.579443+00
8986348932;7360570017;true;0;2026-09-27 11:56:00.936033+00
8384092914;7052929719;true;0;2026-09-27 11:56:51.415929+00
6405618681;8619041461;true;0;2026-09-27 11:56:51.852123+00
1046974212;1254022510;true;0;2026-09-27 11:57:01.500299+00
8820740430;8986348932;true;0;2026-09-27 11:57:42.460935+00
7507674075;6715338606;true;0;2026-09-27 11:58:01.316623+00
8225988984;8356487329;true;0;2026-09-27 11:58:30.230105+00
6702759798;5459309218;true;0;2026-09-27 11:58:32.336012+00
6154708493;1956898640;true;0;2026-09-27 11:58:50.951665+00
8726318842;1855656384;true;0;2026-09-27 12:00:18.839184+00
8043267959;7422269738;true;0;2026-09-27 12:00:34.855163+00
5510328878;7454546340;true;0;2026-09-27 12:00:36.200724+00
6852189133;7510179367;true;0;2026-09-27 12:00:57.850531+00
7863823372;6512885308;true;0;2026-09-27 12:01:50.417334+00
6906043028;6546261693;true;0;2026-09-27 12:01:54.33343+00
5645898100;7290520808;true;0;2026-09-27 12:02:00.818964+00
6257424662;6477559780;true;0;2026-09-27 12:02:26.14392+00
6552314768;6829902899;true;0;2026-09-27 12:02:41.061764+00
8863620535;7097617708;true;0;2026-09-27 12:03:02.159543+00
1285712020;7150028516;true;0;2026-09-27 12:05:37.063191+00
8104783557;8427645117;true;0;2026-09-27 12:05:56.262196+00
7595848148;6499229978;true;0;2026-09-27 12:06:14.143182+00
7980279356;6146797678;true;0;2026-09-27 12:06:24.90328+00
8633081480;8670732503;true;0;2026-09-27 12:06:52.480983+00
7964651991;8924298568;true;0;2026-09-27 12:07:08.105982+00
5481077466;1390061339;true;0;2026-09-27 12:34:40.858152+00
8821236084;8944420793;true;0;2026-09-27 12:36:05.706261+00
5667992930;6993856640;true;0;2026-09-27 12:37:04.493372+00
8712184474;1736872830;true;0;2026-09-27 13:13:45.622904+00
5767210208;1762194412;true;0;2026-09-27 13:14:52.312815+00
6371827639;8427645117;true;0;2026-09-27 13:16:35.599782+00
5926018860;7550767573;true;0;2026-09-27 13:17:22.040268+00
7145628016;6955951067;true;0;2026-09-27 13:17:48.527986+00
8060164048;8653479591;true;0;2026-09-27 13:17:57.767905+00
5237268696;1923149727;true;0;2026-09-27 13:18:04.395658+00
7174471408;6971638079;true;0;2026-09-27 13:18:56.395922+00
7298663381;7637567582;true;0;2026-09-27 13:21:23.155923+00
6529115179;8556328355;true;0;2026-09-27 13:21:46.971231+00
8100448854;7164188765;true;0;2026-09-27 13:21:52.432092+00
7403285377;7422269738;true;0;2026-09-27 13:21:55.412739+00
2136938060;8427645117;true;0;2026-09-27 13:23:01.945787+00
6725870315;1814586555;true;0;2026-09-27 13:23:30.219012+00
1314186977;542822412;true;0;2026-09-27 13:23:36.804071+00
1466925394;8282904213;true;0;2026-09-27 13:23:37.701539+00
5669856842;7503626528;true;0;2026-09-27 13:23:44.907979+00
7371731227;5863753382;true;0;2026-09-27 13:23:59.79967+00
1364553284;8241890865;true;0;2026-09-27 13:24:22.73869+00
8541740717;886866275;true;0;2026-09-27 13:25:05.91182+00
1225420916;7191905983;true;0;2026-09-27 13:25:53.205904+00
8114424333;5647894109;true;0;2026-09-27 13:26:40.463626+00
8985309689;7590298679;true;0;2026-09-27 13:57:53.924242+00
6726440350;8954036308;true;0;2026-09-27 13:57:54.189143+00
7843888585;7590298679;true;0;2026-09-27 13:58:28.519355+00
8913096812;5817186772;true;0;2026-09-27 13:59:00.541486+00
5034898383;6716581083;true;0;2026-09-27 13:59:10.766919+00
2141256930;1923149727;true;0;2026-09-27 13:59:22.927859+00
7332111427;8330897803;true;0;2026-09-27 13:59:41.201686+00
7304864186;8381740685;true;0;2026-09-27 13:59:42.371457+00
5604591643;8954036308;true;0;2026-09-27 13:59:58.388541+00
135121329;6504497274;true;0;2026-09-27 14:00:06.477962+00
6147137445;6475645296;true;0;2026-09-27 14:02:32.120691+00
1918867919;5269924881;true;0;2026-09-27 14:02:41.386713+00
6812457344;7860110882;true;0;2026-09-27 14:02:43.560327+00
8525819992;8783092908;true;0;2026-09-27 14:03:47.942085+00
8452169186;6275213213;true;0;2026-09-27 14:04:23.2798+00
8744659337;7257439741;true;0;2026-09-27 14:04:36.079745+00
6704527623;7411242147;true;0;2026-09-27 14:04:55.010767+00
8992606602;7518161618;true;0;2026-09-27 14:05:26.327945+00
8153209520;5459309218;true;0;2026-09-27 14:05:28.884691+00
8499063663;226425775;true;0;2026-09-27 14:05:41.296682+00
5037825040;1923149727;true;0;2026-09-27 14:05:52.885916+00
98948489;7637567582;true;0;2026-09-27 14:06:06.894717+00
7487783403;6277727728;true;0;2026-09-27 14:06:41.046335+00
7467198567;7637567582;true;0;2026-09-27 14:06:47.498875+00
6493585981;8647674253;true;0;2026-09-27 14:07:27.948608+00
6329126688;8999680099;true;0;2026-09-27 14:07:30.669327+00
7641721776;6552177299;true;0;2026-09-27 14:07:56.754261+00
895235446;8436438196;true;0;2026-09-27 14:08:45.767524+00
8691989471;5863753382;true;0;2026-09-27 14:09:11.729158+00
8555482598;6618225075;true;0;2026-09-27 14:09:18.34994+00
7961771674;7070614700;true;0;2026-09-27 14:10:32.514858+00
5083436124;1923149727;true;0;2026-09-27 14:10:40.561925+00
8486232010;8329073432;true;0;2026-09-27 14:42:18.214772+00
8783258438;101612147;true;0;2026-09-27 14:42:55.589484+00
1156994341;7164188765;true;0;2026-09-27 14:43:07.636083+00
8287430355;5459309218;true;0;2026-09-27 14:43:18.567907+00
7391250164;6659171452;true;0;2026-09-27 15:13:51.693293+00
7410591209;7325818182;true;0;2026-09-27 15:15:42.75209+00
7034409457;6515204020;true;0;2026-09-27 15:16:19.729947+00
6512987701;226425775;true;0;2026-09-27 15:16:35.373433+00
8988532804;1620730859;true;0;2026-09-27 15:17:18.612166+00
7050664521;6659171452;true;0;2026-09-27 15:17:34.581547+00
8457181677;7070614700;true;0;2026-09-27 15:19:28.52855+00
8314788979;8416086741;true;0;2026-09-27 15:19:41.443118+00
8899524731;8656411816;true;0;2026-09-27 15:20:04.57371+00
8791559351;8695445097;true;0;2026-09-27 15:20:19.41226+00
6081608403;6978820493;true;0;2026-09-27 15:20:32.206776+00
7085096646;5987595217;true;0;2026-09-27 15:20:58.389297+00
1758218845;1811309074;true;0;2026-09-27 15:21:04.896385+00
8136511232;7637567582;true;0;2026-09-27 15:22:03.770042+00
1869675801;8312791312;true;0;2026-09-27 15:22:04.696103+00
7355888816;7822604875;true;0;2026-09-27 15:22:25.73797+00
6656879747;5482229599;true;0;2026-09-27 15:22:51.895571+00
8538960570;8954036308;true;0;2026-09-27 15:25:15.250045+00
8624683041;6496678531;true;0;2026-09-27 15:26:21.29193+00
5317716953;6499229978;true;0;2026-09-27 15:26:35.093058+00
8766063561;8925548868;true;0;2026-09-27 15:27:30.349315+00
8884498761;6317252244;true;0;2026-09-27 15:27:55.006197+00
8943088601;6559016165;true;0;2026-09-27 15:28:05.820116+00
6683886843;7181499818;true;0;2026-09-27 15:29:00.116274+00
6138621005;6799948605;true;0;2026-09-27 15:29:18.004923+00
5362751604;6112439362;true;0;2026-09-27 15:29:21.757702+00
8327446819;6563330787;true;0;2026-09-27 15:29:27.855914+00
780151448;8200498777;true;0;2026-09-27 15:30:06.47593+00
5965549443;5211801993;true;0;2026-09-27 15:30:07.093035+00
7693414644;7693447102;true;0;2026-09-27 15:30:15.550189+00
8114267120;7744682439;true;0;2026-09-27 15:30:25.131315+00
8567225694;6618225075;true;0;2026-09-27 15:32:06.974924+00
7661445198;6970996359;true;0;2026-09-27 15:32:28.718425+00
8976189967;7689308424;true;0;2026-09-27 15:32:42.053652+00
7894302129;7246552735;true;0;2026-09-27 15:32:54.953396+00
8660467981;8898839079;true;0;2026-09-27 15:33:06.378347+00
8917896944;8608248742;true;0;2026-09-27 15:34:06.85949+00
5660915558;6792078503;true;0;2026-09-27 15:34:15.346577+00
7665592924;8619041461;true;0;2026-09-27 10:51:15.060951+00
7006091197;7150028516;true;0;2026-09-27 10:51:45.127369+00
6947435290;7240012520;true;0;2026-09-27 10:52:22.556196+00
8489223953;8924298568;true;0;2026-09-27 11:24:41.674922+00
6371354417;8232768035;true;0;2026-09-27 11:25:46.008485+00
1431782797;7454546340;true;0;2026-09-27 11:26:29.596781+00
8977848818;5382581275;true;0;2026-09-27 11:26:35.416145+00
6242452151;8432699815;true;0;2026-09-27 11:26:51.5656+00
949957732;8339299560;true;0;2026-09-27 11:27:01.007919+00
8460429630;7046025321;true;0;2026-09-27 11:27:11.043+00
382370457;6424915694;true;0;2026-09-27 11:55:51.361004+00
7183919669;8427645117;true;0;2026-09-27 11:55:57.47584+00
6792474766;1193894441;true;0;2026-09-27 11:56:14.116942+00
8990644497;7360233425;true;0;2026-09-27 11:58:41.039843+00
8997435719;8647674253;true;0;2026-09-27 11:59:07.289836+00
7676252100;8594377665;true;0;2026-09-27 11:59:12.996952+00
5617042415;8305463159;true;0;2026-09-27 11:59:46.401904+00
6217115278;7454546340;true;0;2026-09-27 12:00:06.826638+00
7806903251;6635952181;true;0;2026-09-27 12:00:27.653252+00
6415125910;5863753382;true;0;2026-09-27 12:01:04.637914+00
8401097557;6362587740;true;0;2026-09-27 12:01:18.466074+00
6440674255;7613542825;true;0;2026-09-27 12:01:21.696487+00
8684163834;7150028516;true;0;2026-09-27 12:01:59.97579+00
8226438663;8394640321;true;0;2026-09-27 12:02:00.364052+00
968587725;6546261693;true;0;2026-09-27 12:04:37.551156+00
7388970890;8427645117;true;0;2026-09-27 12:05:11.209519+00
7236875861;7150028516;true;0;2026-09-27 12:05:20.094298+00
8413031744;7052929719;true;0;2026-09-27 12:05:23.871998+00
8434832839;7044356980;true;0;2026-09-27 12:05:43.368923+00
1520562450;5930588873;true;0;2026-09-27 12:06:02.287098+00
8780579430;1666187866;true;0;2026-09-27 12:06:49.919682+00
7638029378;5459309218;true;0;2026-09-27 12:07:09.07748+00
8119631996;7118706481;true;0;2026-09-27 12:07:41.690062+00
7814391509;7609451022;true;0;2026-09-27 12:07:44.740965+00
5742299903;1487314449;true;0;2026-09-27 12:07:47.569646+00
6582068160;8936865609;true;0;2026-09-27 12:08:26.561749+00
6767575357;8227777950;true;0;2026-09-27 12:34:57.918832+00
8024487736;7708561744;true;0;2026-09-27 12:35:31.312906+00
8063000835;6638606520;true;0;2026-09-27 12:35:34.236954+00
8123704101;5863753382;true;0;2026-09-27 12:35:36.152904+00
6856461858;7299021506;true;0;2026-09-27 12:35:43.020437+00
6117446621;6769110358;true;0;2026-09-27 13:13:55.786964+00
7413836684;6312362664;true;0;2026-09-27 13:14:51.591908+00
7296900734;6123506819;true;0;2026-09-27 13:15:02.312998+00
6772825293;6799948605;true;0;2026-09-27 13:15:07.995989+00
1860418104;8227777950;true;0;2026-09-27 13:16:33.708974+00
8638077551;7422269738;true;0;2026-09-27 13:16:46.235922+00
8947007218;5817186772;true;0;2026-09-27 14:02:16.161016+00
7423405378;7290520808;true;0;2026-09-27 14:02:22.082235+00
5370236211;255837383;true;0;2026-09-27 14:03:26.009954+00
1438997673;5059162020;true;0;2026-09-27 14:04:00.536095+00
1863305046;5040904740;true;0;2026-09-27 14:04:01.045456+00
2127799428;1923149727;true;0;2026-09-27 14:04:39.07103+00
7668816360;7952962913;true;0;2026-09-27 14:05:12.653007+00
8484475624;6861918826;true;0;2026-09-27 14:05:30.532449+00
7246574767;8811594840;true;0;2026-09-27 14:05:50.299567+00
901699358;886866275;true;0;2026-09-27 14:05:57.337087+00
8832424639;7518161618;true;0;2026-09-27 14:06:05.219719+00
5770775743;8527014627;true;0;2026-09-27 14:06:19.028481+00
83262749;8811594840;true;0;2026-09-27 14:07:17.709561+00
7440873135;6993856640;true;0;2026-09-27 14:07:30.064624+00
8309228216;8330897803;true;0;2026-09-27 14:07:57.164908+00
6689295974;226425775;true;0;2026-09-27 14:08:18.510905+00
7863465979;7422269738;true;0;2026-09-27 14:08:54.928037+00
81456739;7957460609;true;0;2026-09-27 14:09:19.464761+00
5013983568;1923149727;true;0;2026-09-27 14:10:12.066718+00
8282179974;1939714169;true;0;2026-09-27 14:10:32.211988+00
8809921600;5228868441;true;0;2026-09-27 14:10:42.630908+00
407134135;30105081;true;0;2026-09-27 14:42:32.641665+00
8888853999;7679749469;true;0;2026-09-27 14:42:43.973646+00
6668422032;8556328355;true;0;2026-09-27 14:43:17.462213+00
8668671116;8432699815;true;0;2026-09-27 14:43:38.125882+00
1360674469;6535589968;true;0;2026-09-27 15:15:38.787141+00
5110542687;5054324352;true;0;2026-09-27 15:16:01.509383+00
7870889871;8620606936;true;0;2026-09-27 15:16:37.926726+00
8996634702;5059162020;true;0;2026-09-27 15:16:48.956217+00
8979437005;7476891094;true;0;2026-09-27 15:17:38.25805+00
6201214610;7822604875;true;0;2026-09-27 15:19:41.659986+00
1119999438;7040084040;true;0;2026-09-27 15:19:57.07861+00
8329199932;7473583167;true;0;2026-09-27 15:20:26.100998+00
1076329955;5269762185;true;0;2026-09-27 15:20:52.503927+00
6134465123;7002136618;true;0;2026-09-27 15:21:07.789954+00
8508185190;8026237942;true;0;2026-09-27 15:21:30.025206+00
7553124293;6371810631;true;0;2026-09-27 15:22:05.797989+00
7114689131;7942503037;true;0;2026-09-27 15:22:32.256598+00
8971707810;8811594840;true;0;2026-09-27 15:23:29.519199+00
8857786449;8954036308;true;0;2026-09-27 15:26:19.072458+00
7283513806;8967726776;true;0;2026-09-27 15:26:19.220919+00
403198854;8432699815;true;0;2026-09-27 15:26:22.848921+00
6471064744;6694722648;true;0;2026-09-27 15:26:23.445092+00
6438604301;7952962913;true;0;2026-09-27 15:26:25.165478+00
7752106152;6340638549;true;0;2026-09-27 15:26:39.296645+00
6263639631;7708561744;true;0;2026-09-27 15:28:12.877924+00
6269502140;1421628675;true;0;2026-09-27 15:28:57.950735+00
7011847112;125872776;true;0;2026-09-27 15:29:46.240623+00
8309830262;7214193796;true;0;2026-09-27 15:29:53.296855+00
6872726228;1956898640;true;0;2026-09-27 15:29:57.196927+00
2036774255;6618225075;true;0;2026-09-27 15:31:25.04683+00
5808353176;7052929719;true;0;2026-09-27 15:31:29.310791+00
8333891930;7630515620;true;0;2026-09-27 15:31:32.227984+00
6812044069;5087892889;true;0;2026-09-27 15:31:55.421428+00
7685921715;6939104810;true;0;2026-09-27 15:33:05.268922+00
8298748071;5709504255;true;0;2026-09-27 15:33:13.938424+00
6346994913;7482479437;true;0;2026-09-27 15:33:15.929134+00
6828016672;7822604875;true;0;2026-09-27 15:33:21.775926+00
8389124617;8898839079;true;0;2026-09-27 15:33:40.338234+00
8517454349;8864672074;true;0;2026-09-27 15:34:04.578938+00
8851783848;6618225075;true;0;2026-09-27 15:34:17.799721+00
5297184802;8615498502;true;0;2026-09-27 15:34:32.741331+00
6014866349;5269762185;true;0;2026-09-27 15:34:33.346839+00
660175928;7410465216;true;0;2026-09-27 15:38:07.741275+00
5983883421;5558416024;true;0;2026-09-27 15:38:24.131379+00
1727336493;8870203580;true;0;2026-09-27 15:38:52.893133+00
8400100186;8400450054;true;0;2026-09-27 15:39:02.19179+00
7470048953;394397878;true;0;2026-09-27 15:39:04.885675+00
532646696;5528455120;true;0;2026-09-27 15:39:11.718607+00
8862818128;1811309074;true;0;2026-09-27 15:39:12.752664+00
8645197397;8783092908;true;0;2026-09-27 15:39:29.994926+00
928187043;1430283082;true;0;2026-09-27 15:40:13.563592+00
8300499269;5459309218;true;0;2026-09-27 15:40:14.597054+00
6427672320;5687144933;true;0;2026-09-27 15:41:09.509798+00
6841523178;8301294674;true;0;2026-09-27 15:41:18.527956+00
1643348581;5709504255;true;0;2026-09-27 15:41:24.778646+00
6594752733;8720739001;true;0;2026-09-27 15:41:25.060924+00
8801179323;6133084356;true;0;2026-09-27 15:41:29.583086+00
5735221001;6312362664;true;0;2026-09-27 15:41:32.496922+00
8137976593;6432254889;true;0;2026-09-27 15:41:33.442643+00
8719659427;7443720171;true;0;2026-09-27 15:41:34.598511+00
6021184622;7957460609;true;0;2026-09-27 15:41:35.636164+00
1018669194;5438549908;true;0;2026-09-27 15:42:06.678411+00
5709727860;5438549908;true;0;2026-09-27 15:42:10.949668+00
7021066805;6867216476;true;0;2026-09-27 15:42:11.113654+00
8776253804;7538120158;true;0;2026-09-27 15:42:19.547986+00
8913685959;7403285377;true;0;2026-09-27 15:42:25.256107+00
1888939170;5438549908;true;0;2026-09-27 15:42:28.654805+00
7923791214;5438549908;true;0;2026-09-27 15:42:36.61199+00
8944211094;7458602264;true;0;2026-09-27 10:51:18.969755+00
8240992955;7793139330;true;0;2026-09-27 10:51:34.4765+00
7532391908;6499229978;true;0;2026-09-27 10:52:28.157139+00
7370452310;7150028516;true;0;2026-09-27 10:52:30.049921+00
7525154765;7422269738;true;0;2026-09-27 11:24:44.463923+00
7300028109;6971638079;true;0;2026-09-27 11:25:56.920512+00
7681730875;6618225075;true;0;2026-09-27 11:26:16.109044+00
6644418491;5382581275;true;0;2026-09-27 11:26:37.148943+00
6634775234;5382581275;true;0;2026-09-27 11:26:39.796959+00
6479856239;8647674253;true;0;2026-09-27 11:26:47.906925+00
5695446227;8556328355;true;0;2026-09-27 11:55:54.526265+00
8931897108;7163911103;true;0;2026-09-27 11:57:11.678049+00
6985705497;7592257199;true;0;2026-09-27 11:57:30.917568+00
8278581797;5459309218;true;0;2026-09-27 11:58:14.50597+00
7773414630;1855656384;true;0;2026-09-27 11:58:55.915904+00
8267734172;7097617708;true;0;2026-09-27 11:59:03.916027+00
7058896829;7163911103;true;0;2026-09-27 11:59:24.550042+00
1666187866;6146797678;true;0;2026-09-27 12:00:23.771617+00
5915099484;5863753382;true;0;2026-09-27 12:00:38.880938+00
358263157;7150028516;true;0;2026-09-27 12:00:42.916939+00
6883903580;8365923252;true;0;2026-09-27 12:00:43.437552+00
2030460181;6715338606;true;0;2026-09-27 12:00:44.970922+00
8067169428;6146797678;true;0;2026-09-27 12:02:39.028114+00
8317545764;1254022510;true;0;2026-09-27 12:02:39.317266+00
6659411428;6587611725;true;0;2026-09-27 12:03:12.277017+00
7961014634;7644619222;true;0;2026-09-27 12:05:51.552925+00
8893944527;7279658358;true;0;2026-09-27 12:06:11.931472+00
1817804159;8745305525;true;0;2026-09-27 12:06:41.365908+00
8415047276;8914617325;true;0;2026-09-27 12:07:04.030144+00
7370373262;8709332555;true;0;2026-09-27 12:07:20.930128+00
7224994931;1855656384;true;0;2026-09-27 12:07:36.773848+00
8590664545;6694722648;true;0;2026-09-27 12:07:59.408535+00
6085593806;8848967782;true;0;2026-09-27 12:08:07.765806+00
8892981754;5647628977;true;0;2026-09-27 12:35:20.490194+00
7424643743;7809671567;true;0;2026-09-27 12:35:45.177388+00
8019125630;6035999261;true;0;2026-09-27 12:35:51.298913+00
5871984841;6990730373;true;0;2026-09-27 12:36:39.337826+00
1710097750;5961534680;true;0;2026-09-27 12:37:12.13867+00
8779642400;8999680099;true;0;2026-09-27 13:14:30.779713+00
8421655507;7176524194;true;0;2026-09-27 13:14:31.44622+00
5007890727;1923149727;true;0;2026-09-27 14:07:59.107295+00
2128331844;1923149727;true;0;2026-09-27 14:08:29.734819+00
6715756062;5040904740;true;0;2026-09-27 14:09:03.2621+00
7609683899;7676595679;true;0;2026-09-27 14:09:12.907438+00
7484644308;7467214219;true;0;2026-09-27 14:09:53.06077+00
6955982587;7681447524;true;0;2026-09-27 14:10:39.499894+00
5859016512;6557934579;true;0;2026-09-27 14:43:47.07233+00
1970880279;8229825936;true;0;2026-09-27 14:46:04.930157+00
7303669420;6829902899;true;0;2026-09-27 14:48:30.33691+00
6920350904;5863753382;true;0;2026-09-27 15:17:44.948921+00
8755920510;6432254889;true;0;2026-09-27 15:17:51.174852+00
6510963461;5269762185;true;0;2026-09-27 15:19:44.71402+00
8114953427;6025210487;true;0;2026-09-27 15:19:59.64905+00
2060142787;7933223259;true;0;2026-09-27 15:20:10.490144+00
7030462464;5459309218;true;0;2026-09-27 15:21:21.116144+00
7222164359;5839623511;true;0;2026-09-27 15:21:49.296785+00
8754017010;6148710113;true;0;2026-09-27 15:23:27.004204+00
7239047749;7410465216;true;0;2026-09-27 15:26:46.900266+00
6455655868;5919367787;true;0;2026-09-27 15:26:55.79978+00
5074763998;5839623511;true;0;2026-09-27 15:27:36.951726+00
1746292329;7387726100;true;0;2026-09-27 15:27:39.633907+00
6497838711;5709504255;true;0;2026-09-27 15:28:12.091357+00
7365421555;8166228440;true;0;2026-09-27 15:28:17.371922+00
8540093493;1046026624;true;0;2026-09-27 15:29:32.33709+00
1283220929;7822604875;true;0;2026-09-27 15:31:04.835971+00
7782842268;8381740685;true;0;2026-09-27 15:31:08.198228+00
5985793568;7822604875;true;0;2026-09-27 15:31:20.876936+00
1034945017;7994081760;true;0;2026-09-27 15:31:24.319055+00
8122824139;5269762185;true;0;2026-09-27 15:32:07.463905+00
1430283082;5691687165;true;0;2026-09-27 15:33:09.056911+00
8939196961;8608248742;true;0;2026-09-27 15:33:14.119804+00
8896065160;5087892889;true;0;2026-09-27 15:33:23.855201+00
8693295489;6312362664;true;0;2026-09-27 15:33:31.195451+00
7212517699;6449370830;true;0;2026-09-27 15:34:04.592295+00
7006562259;7070614700;true;0;2026-09-27 15:34:10.405132+00
8445441642;8707201786;true;0;2026-09-27 15:34:20.007918+00
8661340041;6499229978;true;0;2026-09-27 15:34:23.970287+00
8436986869;6546027475;true;0;2026-09-27 15:34:29.971507+00
1680721131;6608387271;true;0;2026-09-27 15:34:58.819991+00
8757506870;8985098303;true;0;2026-09-27 15:35:03.357874+00
5792486843;6567867847;true;0;2026-09-27 15:38:52.70091+00
7138769338;7545787996;true;0;2026-09-27 15:39:01.93366+00
8697411023;8205455966;true;0;2026-09-27 15:39:03.239907+00
6722420812;7942503037;true;0;2026-09-27 15:39:04.356561+00
1442286570;6340638549;true;0;2026-09-27 15:39:04.475131+00
8135864973;7446650912;true;0;2026-09-27 15:39:06.372896+00
6045487095;7708561744;true;0;2026-09-27 15:39:07.139735+00
6250695543;8018853157;true;0;2026-09-27 15:39:08.756187+00
7987289106;852872596;true;0;2026-09-27 15:39:13.487253+00
8343231299;5988245172;true;0;2026-09-27 15:39:21.638085+00
5584257638;5660915558;true;0;2026-09-27 15:39:23.353773+00
6920617363;1268873313;true;0;2026-09-27 15:39:41.833198+00
7109959835;5988245172;true;0;2026-09-27 15:39:52.315566+00
7102708036;6590345572;true;0;2026-09-27 15:40:10.565746+00
5129194293;5297184802;true;0;2026-09-27 15:40:15.166914+00
6853807717;7321510881;true;0;2026-09-27 15:40:23.2093+00
6526037178;1438333652;true;0;2026-09-27 15:40:29.218374+00
7769887426;6506658990;true;0;2026-09-27 15:40:31.428233+00
5159208832;5987595217;true;0;2026-09-27 15:40:42.841542+00
8040947793;8436438196;true;0;2026-09-27 15:40:57.55689+00
8915036567;5584257638;true;0;2026-09-27 15:42:06.713558+00
6861703918;7105245450;true;0;2026-09-27 15:42:09.03471+00
8480606587;8400450054;true;0;2026-09-27 15:42:22.35192+00
6137292270;7470048953;true;0;2026-09-27 15:42:24.957413+00
8806399128;7538120158;true;0;2026-09-27 15:42:27.853646+00
8516828851;8782326610;true;0;2026-09-27 15:43:02.008117+00
6071329885;7932425811;true;0;2026-09-27 15:43:27.17596+00
2141683420;7822604875;true;0;2026-09-27 15:43:31.359901+00
5836069336;5528455120;true;0;2026-09-27 15:43:43.135445+00
8518605172;5987595217;true;0;2026-09-27 15:43:51.795923+00
8704528873;5438549908;true;0;2026-09-27 15:45:29.154901+00
7321779830;8954036308;true;0;2026-09-27 15:47:22.09702+00
8225031459;6677797998;true;0;2026-09-27 15:48:10.480919+00
1728966196;8954036308;true;0;2026-09-27 15:48:12.939959+00
6653622861;7299021506;true;0;2026-09-27 15:48:18.868504+00
8355173581;8707201786;true;0;2026-09-27 15:48:20.318181+00
6981691177;8954036308;true;0;2026-09-27 15:48:21.159842+00
6660398823;8247227738;true;0;2026-09-27 15:48:26.783705+00
8067422024;6340638549;true;0;2026-09-27 15:48:33.40601+00
8206571366;8811594840;true;0;2026-09-27 15:48:36.470054+00
951870872;7299021506;true;0;2026-09-27 15:48:44.823704+00
8382590597;7744682439;true;0;2026-09-27 15:49:05.014925+00
867689931;6665519623;true;0;2026-09-27 15:49:07.942921+00
8271509716;627637425;true;0;2026-09-27 15:49:15.037924+00
793177517;8556328355;true;0;2026-09-27 15:49:17.0663+00
8991133249;8985098303;true;0;2026-09-27 15:49:25.316205+00
5941769613;7563720163;true;0;2026-09-27 15:49:28.336907+00
8696524777;8026237942;true;0;2026-09-27 15:49:32.748946+00
8407947810;7564486421;true;0;2026-09-27 15:49:48.725397+00
844149282;5141127080;true;0;2026-09-27 15:49:52.150679+00
7512602520;8740386488;true;0;2026-09-27 15:49:59.019401+00
6081327375;8200596043;true;0;2026-09-27 15:50:05.516298+00
6625127018;6494286367;true;0;2026-09-27 15:50:15.590923+00
1926037912;5919367787;true;0;2026-09-27 15:50:16.826241+00
8023755331;7744682439;true;0;2026-09-27 15:50:20.600694+00
1031588607;7822604875;true;0;2026-09-27 15:50:33.511072+00
5960680512;6461361848;true;0;2026-09-27 10:51:22.130281+00
8999680099;6499229978;true;0;2026-09-27 10:51:27.391126+00
8537774385;6499229978;true;0;2026-09-27 10:51:38.862911+00
6928943908;7070614700;true;0;2026-09-27 10:51:39.306915+00
7828353413;7150028516;true;0;2026-09-27 10:51:50.303921+00
7510179367;7458602264;true;0;2026-09-27 10:52:24.545487+00
279402661;1743469511;true;0;2026-09-27 11:25:11.289924+00
998409296;6355193298;true;0;2026-09-27 11:26:10.36682+00
6489457393;5382581275;true;0;2026-09-27 11:26:37.421802+00
7240599961;7532391908;true;0;2026-09-27 11:26:46.95817+00
7312646890;5930588873;true;0;2026-09-27 11:55:59.517911+00
6301850145;6111311826;true;0;2026-09-27 11:57:30.369612+00
1447180206;6368629004;true;0;2026-09-27 11:57:42.064626+00
7504820789;6368629004;true;0;2026-09-27 11:57:53.768926+00
1203536631;8339299560;true;0;2026-09-27 11:58:32.537215+00
8891394019;8782326610;true;0;2026-09-27 11:58:43.586251+00
123367144;1170564122;true;0;2026-09-27 11:59:06.001633+00
8280616398;7613542825;true;0;2026-09-27 11:59:14.900946+00
7695798648;5459309218;true;0;2026-09-27 11:59:28.347175+00
6302267277;1170564122;true;0;2026-09-27 11:59:39.117401+00
8807435619;5863753382;true;0;2026-09-27 12:01:02.329907+00
7858243381;8811594840;true;0;2026-09-27 12:01:50.855287+00
7090594354;6715338606;true;0;2026-09-27 12:02:00.192779+00
5068385451;5141127080;true;0;2026-09-27 12:03:01.025676+00
7980282219;6371810631;true;0;2026-09-27 12:03:19.050649+00
6157392461;6579786009;true;0;2026-09-27 12:03:20.917915+00
8896778596;6371810631;true;0;2026-09-27 12:03:49.219176+00
7063010849;6371810631;true;0;2026-09-27 12:05:45.037834+00
8832649026;5211801993;true;0;2026-09-27 12:05:58.167039+00
6911245018;1279900725;true;0;2026-09-27 12:06:20.355772+00
259383846;59587816;true;0;2026-09-27 12:07:59.928018+00
8826494002;8670732503;true;0;2026-09-27 12:08:27.971879+00
6654239137;1992686356;true;0;2026-09-27 12:35:26.137599+00
8719280207;8769232127;true;0;2026-09-27 12:35:27.337235+00
8732669699;59587816;true;0;2026-09-27 12:35:31.274744+00
8611575462;2142924045;true;0;2026-09-27 12:35:33.444906+00
1061181382;7299021506;true;0;2026-09-27 12:35:53.697911+00
7389617849;7387726100;true;0;2026-09-27 12:36:05.582825+00
7819937011;5863753382;true;0;2026-09-27 12:36:17.87799+00
1410916384;7299021506;true;0;2026-09-27 12:36:56.274747+00
6834699172;7040084040;true;0;2026-09-27 12:37:25.214015+00
6267138946;8339299560;true;0;2026-09-27 13:14:45.469124+00
8276621663;7467214219;true;0;2026-09-27 14:08:04.629089+00
5576696753;5817186772;true;0;2026-09-27 14:08:07.469924+00
8579042386;6424915694;true;0;2026-09-27 14:08:48.434915+00
5547183016;6123506819;true;0;2026-09-27 14:08:54.053223+00
7466067512;8985797123;true;0;2026-09-27 14:09:57.183782+00
8985702128;6371810631;true;0;2026-09-27 14:10:15.902372+00
6310044798;8086691473;true;0;2026-09-27 14:10:27.483771+00
7433960788;7070614700;true;0;2026-09-27 14:43:47.438329+00
1620730859;8282179974;true;0;2026-09-27 14:46:27.550128+00
6626146547;8231324526;true;0;2026-09-27 14:47:34.724906+00
7008389950;7080472361;true;0;2026-09-27 14:48:32.536992+00
6800748216;226425775;true;0;2026-09-27 15:17:46.022616+00
2057701916;1020492563;true;0;2026-09-27 15:17:58.216918+00
6738095352;5482229599;true;0;2026-09-27 15:18:04.957901+00
6652387509;8811594840;true;0;2026-09-27 15:18:22.876522+00
6147289918;7482479437;true;0;2026-09-27 15:18:28.556062+00
6593313385;7637567582;true;0;2026-09-27 15:20:25.421922+00
8330131823;7942503037;true;0;2026-09-27 15:20:47.371337+00
8604601257;1193894441;true;0;2026-09-27 15:21:00.46191+00
5653901515;1211642983;true;0;2026-09-27 15:21:20.460242+00
6678472551;8954036308;true;0;2026-09-27 15:21:35.398017+00
6232012810;7321510881;true;0;2026-09-27 15:21:41.424907+00
8474337150;837442850;true;0;2026-09-27 15:22:12.887928+00
7138061410;6799948605;true;0;2026-09-27 15:22:17.985086+00
7795500991;6424593297;true;0;2026-09-27 15:22:19.166473+00
7683325322;7467214219;true;0;2026-09-27 15:22:32.712494+00
8383943253;1211642983;true;0;2026-09-27 15:22:49.111593+00
7750500718;101612147;true;0;2026-09-27 15:23:06.265266+00
7515221492;8756688378;true;0;2026-09-27 15:27:08.110671+00
7391750162;1125479544;true;0;2026-09-27 15:27:35.818785+00
5560453912;5040904740;true;0;2026-09-27 15:28:01.206428+00
6914252424;5988245172;true;0;2026-09-27 15:28:08.179927+00
5529973517;8229825936;true;0;2026-09-27 15:28:52.059956+00
7615837593;8144143694;true;0;2026-09-27 15:28:58.394612+00
5623397134;6970277836;true;0;2026-09-27 15:29:07.362039+00
7332993424;1950114491;true;0;2026-09-27 15:29:27.414946+00
8359406151;7796117435;true;0;2026-09-27 15:29:31.274915+00
7702453548;7708561744;true;0;2026-09-27 15:29:33.949934+00
6530634293;7411242147;true;0;2026-09-27 15:30:59.753929+00
5926482779;7299021506;true;0;2026-09-27 15:31:04.772985+00
6425732223;8107131288;true;0;2026-09-27 15:31:29.317816+00
7756261431;7387726100;true;0;2026-09-27 15:31:43.198895+00
1014293389;7040084040;true;0;2026-09-27 15:31:58.187765+00
8272918524;7240012520;true;0;2026-09-27 15:32:15.715968+00
6414270522;1811309074;true;0;2026-09-27 15:32:37.583032+00
8295035009;7387726100;true;0;2026-09-27 15:32:47.530919+00
1714753445;6559016165;true;0;2026-09-27 15:32:53.603183+00
1517765703;542822412;true;0;2026-09-27 15:33:21.273908+00
6574703136;7354066903;true;0;2026-09-27 15:33:32.638067+00
8819713234;8107131288;true;0;2026-09-27 15:33:38.623961+00
8541902578;5269762185;true;0;2026-09-27 15:33:59.010575+00
6420054456;5919367787;true;0;2026-09-27 15:34:02.757903+00
8472477805;6449370830;true;0;2026-09-27 15:34:15.972806+00
6934190040;6475645296;true;0;2026-09-27 15:34:50.731051+00
8331360680;5040904740;true;0;2026-09-27 15:38:51.381978+00
5621413886;8954036308;true;0;2026-09-27 15:39:06.037911+00
6326132680;8653479591;true;0;2026-09-27 15:39:06.86391+00
8135490354;6340638549;true;0;2026-09-27 15:39:52.229557+00
7443720171;8058567482;true;0;2026-09-27 15:39:54.894135+00
7411447027;8896065160;true;0;2026-09-27 15:40:26.248018+00
6665519623;7040084040;true;0;2026-09-27 15:40:27.613722+00
872826987;7040084040;true;0;2026-09-27 15:40:30.536805+00
8335967099;6415125910;true;0;2026-09-27 15:40:36.254927+00
8901976255;5570136859;true;0;2026-09-27 15:41:13.53906+00
8929514548;6112439362;true;0;2026-09-27 15:41:36.233042+00
2051931436;8716039477;true;0;2026-09-27 15:42:23.06232+00
8247227738;5438549908;true;0;2026-09-27 15:42:23.738544+00
5650890862;8229825936;true;0;2026-09-27 15:42:31.175675+00
6268143106;5709504255;true;0;2026-09-27 15:42:41.757134+00
7231600813;7994624435;true;0;2026-09-27 15:42:52.01864+00
1758743835;5656742441;true;0;2026-09-27 15:43:38.24376+00
6006568411;403198854;true;0;2026-09-27 15:43:39.49693+00
1607167826;1762194412;true;0;2026-09-27 15:43:39.686993+00
7843727582;5987595217;true;0;2026-09-27 15:44:16.040944+00
952811237;5438549908;true;0;2026-09-27 15:45:29.651972+00
7354641456;5459309218;true;0;2026-09-27 15:47:34.190933+00
5161761221;5438549908;true;0;2026-09-27 15:48:12.599826+00
8428238745;7644619222;true;0;2026-09-27 15:48:13.06699+00
8868342312;7422269738;true;0;2026-09-27 15:48:13.360903+00
8623250240;6123506819;true;0;2026-09-27 15:48:14.653703+00
7441218029;7422269738;true;0;2026-09-27 15:48:18.195917+00
6571834389;5919367787;true;0;2026-09-27 15:48:18.81354+00
8780216215;458573227;true;0;2026-09-27 15:48:20.006922+00
5596762774;5438549908;true;0;2026-09-27 15:48:40.960577+00
7242493405;5438549908;true;0;2026-09-27 15:48:57.596912+00
5665378972;5438549908;true;0;2026-09-27 15:49:09.962933+00
5443650694;5297184802;true;0;2026-09-27 15:49:17.061712+00
6060928294;8292717249;true;0;2026-09-27 15:49:32.872946+00
7464901735;7480248070;true;0;2026-09-27 15:49:50.732923+00
5059455063;6939104810;true;0;2026-09-27 15:49:53.943631+00
7799924965;1193894441;true;0;2026-09-27 15:50:09.559601+00
7490219799;7630515620;true;0;2026-09-27 15:50:17.05579+00
7487596400;5570136859;true;0;2026-09-27 15:50:29.541903+00
6229432561;1431874947;true;0;2026-09-27 15:50:36.16149+00
7139646316;1698130348;true;0;2026-09-27 10:51:22.206577+00
1999113415;6993856640;true;0;2026-09-27 10:52:16.993769+00
5662674835;8811594840;true;0;2026-09-27 11:26:22.495965+00
6757194390;5382581275;true;0;2026-09-27 11:26:28.439763+00
8352502055;7454546340;true;0;2026-09-27 11:26:31.137816+00
8906834712;1487314449;true;0;2026-09-27 11:26:31.947904+00
817272560;8999680099;true;0;2026-09-27 11:55:59.770077+00
8635834893;6317252244;true;0;2026-09-27 11:56:01.054721+00
6853045424;7454546340;true;0;2026-09-27 12:35:33.707675+00
1811309074;542822412;true;0;2026-09-27 12:35:36.478125+00
6017160477;7254390962;true;0;2026-09-27 12:35:43.315828+00
6557218081;1090534863;true;0;2026-09-27 12:36:05.958542+00
7945393040;7676595679;true;0;2026-09-27 12:36:07.018913+00
7419443961;7279658358;true;0;2026-09-27 12:36:21.671888+00
8953173121;8427645117;true;0;2026-09-27 12:36:52.25392+00
8884236683;8670732503;true;0;2026-09-27 12:37:06.933509+00
8408778547;8305463159;true;0;2026-09-27 12:37:07.0505+00
2008322532;7467214219;true;0;2026-09-27 12:37:09.656762+00
7405369376;7467214219;true;0;2026-09-27 12:37:11.981202+00
445491530;5883256066;true;0;2026-09-27 13:15:09.618877+00
1204021573;5580298339;true;0;2026-09-27 13:15:27.197924+00
8130477600;7177076357;true;0;2026-09-27 13:16:10.159939+00
8638424060;5580298339;true;0;2026-09-27 13:17:10.920901+00
5750249595;7299021506;true;0;2026-09-27 13:17:39.293519+00
8456232153;5580298339;true;0;2026-09-27 13:18:26.018916+00
7482551642;7637567582;true;0;2026-09-27 13:18:38.093932+00
8569777809;5040904740;true;0;2026-09-27 13:18:53.090984+00
7497925500;8999680099;true;0;2026-09-27 13:19:11.938929+00
8608347499;5528794190;true;0;2026-09-27 13:19:29.595353+00
7425819308;6035999261;true;0;2026-09-27 13:19:57.62592+00
103756446;8653479591;true;0;2026-09-27 13:20:10.491383+00
8574940318;101612147;true;0;2026-09-27 13:21:12.334924+00
8564588897;7708561744;true;0;2026-09-27 13:21:17.118364+00
6776027563;8380063256;true;0;2026-09-27 13:21:32.648262+00
7230777183;7254879832;true;0;2026-09-27 13:21:35.862681+00
8771453695;8670689965;true;0;2026-09-27 13:21:44.466377+00
1780758865;6884462447;true;0;2026-09-27 13:21:55.532994+00
7004276287;8679476564;true;0;2026-09-27 13:22:38.197125+00
8864993017;7518161618;true;0;2026-09-27 13:23:15.502281+00
8252763739;7518161618;true;0;2026-09-27 13:23:20.436415+00
6441240805;8381740685;true;0;2026-09-27 13:23:38.481427+00
1284275909;7637567582;true;0;2026-09-27 13:23:55.187921+00
8567283671;6504497274;true;0;2026-09-27 13:24:09.019585+00
214337651;5709504255;true;0;2026-09-27 13:25:31.812304+00
8061417139;5826659809;true;0;2026-09-27 13:25:41.441119+00
8982860007;8427645117;true;0;2026-09-27 13:26:06.939408+00
5408534997;6926410286;true;0;2026-09-27 13:26:09.438923+00
5676590742;8890869221;true;0;2026-09-27 13:27:06.442192+00
5728977611;1762194412;true;0;2026-09-27 13:27:20.505918+00
5526950408;1811309074;true;0;2026-09-27 13:27:27.642921+00
8571315417;8432699815;true;0;2026-09-27 13:27:45.374488+00
6269350334;5915249486;true;0;2026-09-27 13:29:43.744924+00
6943894085;6340638549;true;0;2026-09-27 13:30:01.982943+00
8816850171;6769110358;true;0;2026-09-27 13:30:08.105908+00
7411501390;5863753382;true;0;2026-09-27 13:30:20.933027+00
8229292149;7226134525;true;0;2026-09-27 13:30:51.808942+00
6056792141;7708561744;true;0;2026-09-27 13:31:05.293907+00
8746407164;6313639331;true;0;2026-09-27 13:31:07.403019+00
1995652316;8290536071;true;0;2026-09-27 13:32:52.957941+00
6285019552;5466572721;true;0;2026-09-27 13:32:59.639915+00
1842606188;5211801993;true;0;2026-09-27 14:09:33.513482+00
8324258857;6256155188;true;0;2026-09-27 14:10:01.447727+00
1384281989;6133933014;true;0;2026-09-27 14:10:08.993483+00
6368998794;5459309218;true;0;2026-09-27 14:10:42.333905+00
8626425490;8452083722;true;0;2026-09-27 14:43:50.347836+00
7049786122;6445238971;true;0;2026-09-27 14:46:36.43609+00
5482681946;1855656384;true;0;2026-09-27 14:47:02.769504+00
8744022039;8715575721;true;0;2026-09-27 14:47:26.644039+00
6482728557;8123704101;true;0;2026-09-27 14:48:30.975088+00
1195209609;226425775;true;0;2026-09-27 15:17:49.579681+00
8416086741;627637425;true;0;2026-09-27 15:17:54.371261+00
6685070109;5486251799;true;0;2026-09-27 15:18:12.491363+00
7205362745;8715575721;true;0;2026-09-27 15:18:36.215923+00
7834005223;8811594840;true;0;2026-09-27 15:20:39.017886+00
8478084958;7744682439;true;0;2026-09-27 15:20:58.34073+00
7511341240;8568700581;true;0;2026-09-27 15:21:32.143574+00
8564806545;7467214219;true;0;2026-09-27 15:21:45.504988+00
6311107967;7410465216;true;0;2026-09-27 15:21:45.936115+00
7063986597;6499229978;true;0;2026-09-27 15:23:30.221924+00
1517926643;5202704935;true;0;2026-09-27 15:27:45.869959+00
8817846365;8280616398;true;0;2026-09-27 15:27:56.390934+00
6637977402;8848967782;true;0;2026-09-27 15:28:02.571405+00
6972315279;226425775;true;0;2026-09-27 15:28:13.283903+00
1034291036;5269762185;true;0;2026-09-27 15:28:32.609788+00
7955634008;6563330787;true;0;2026-09-27 15:29:24.773904+00
8384666078;7933223259;true;0;2026-09-27 15:29:29.724075+00
6660775549;5900656364;true;0;2026-09-27 15:29:44.198579+00
8832976526;8839729543;true;0;2026-09-27 15:30:05.957185+00
7187299659;6480778192;true;0;2026-09-27 15:30:12.959306+00
5493754623;6214727816;true;0;2026-09-27 15:30:15.895484+00
5377373425;5459309218;true;0;2026-09-27 15:30:45.704907+00
8877933802;7538120158;true;0;2026-09-27 15:30:51.901299+00
944105483;7167930724;true;0;2026-09-27 15:31:25.041997+00
7833867228;7410237413;true;0;2026-09-27 15:31:26.896954+00
8450100451;7796117435;true;0;2026-09-27 15:31:51.052406+00
7139020196;6317252244;true;0;2026-09-27 15:31:52.778428+00
531157764;458573227;true;0;2026-09-27 15:31:54.579132+00
6012137767;8608248742;true;0;2026-09-27 15:33:45.078391+00
461899795;5257162976;true;0;2026-09-27 15:34:32.221298+00
7249518633;1543180716;true;0;2026-09-27 15:39:03.66388+00
6932744278;5040904740;true;0;2026-09-27 15:39:16.740158+00
8381824559;542822412;true;0;2026-09-27 15:39:25.759902+00
175207800;8954036308;true;0;2026-09-27 15:40:17.289274+00
8495429595;1430283082;true;0;2026-09-27 15:40:23.696382+00
7002028306;6138621005;true;0;2026-09-27 15:40:48.320744+00
6511873901;7708561744;true;0;2026-09-27 15:40:52.098188+00
987370065;6867216476;true;0;2026-09-27 15:40:54.85383+00
8794834098;7118439512;true;0;2026-09-27 15:41:03.395579+00
1682777404;1254950818;true;0;2026-09-27 15:41:54.834679+00
8721929669;1068119624;true;0;2026-09-27 15:42:00.19491+00
6303274666;6678468279;true;0;2026-09-27 15:42:15.895052+00
8953312064;6432254889;true;0;2026-09-27 15:42:23.276366+00
8201016498;8954036308;true;0;2026-09-27 15:42:31.233913+00
7849465340;7467214219;true;0;2026-09-27 15:42:31.255688+00
8249486447;8954036308;true;0;2026-09-27 15:43:24.055363+00
8790750208;6138621005;true;0;2026-09-27 15:43:47.640291+00
8488488682;1762194412;true;0;2026-09-27 15:43:54.616402+00
6839271592;5421899995;true;0;2026-09-27 15:47:14.007914+00
8866522945;6317252244;true;0;2026-09-27 15:48:07.752905+00
7183242849;5087892889;true;0;2026-09-27 15:48:11.100001+00
8615790043;8547123556;true;0;2026-09-27 15:48:12.693752+00
7774757885;5987595217;true;0;2026-09-27 15:48:13.035197+00
1016481235;1811309074;true;0;2026-09-27 15:48:16.158922+00
8431488144;6432254889;true;0;2026-09-27 15:48:20.270313+00
6753766359;1594808843;true;0;2026-09-27 15:48:25.334531+00
5002565768;8695445097;true;0;2026-09-27 15:48:33.396546+00
6870937753;8954036308;true;0;2026-09-27 15:48:50.162932+00
6206966692;8615498502;true;0;2026-09-27 15:49:27.558635+00
8362297487;6587611725;true;0;2026-09-27 15:49:36.792611+00
6000381631;8954036308;true;0;2026-09-27 15:49:42.259659+00
8576138168;7952962913;true;0;2026-09-27 15:49:54.991781+00
8718410258;8905139640;true;0;2026-09-27 15:49:55.164367+00
8967069917;6607031636;true;0;2026-09-27 15:49:56.976989+00
7191332481;7545787996;true;0;2026-09-27 15:49:57.681277+00
7059390801;7467214219;true;0;2026-09-27 15:50:10.578678+00
8076660811;6799948605;true;0;2026-09-27 15:50:33.681943+00
7461820446;7711129807;true;0;2026-09-27 10:51:22.236617+00
7428131131;7637567582;true;0;2026-09-27 10:51:23.233164+00
8107919303;5739147727;true;0;2026-09-27 10:51:29.231926+00
8288463004;8619041461;true;0;2026-09-27 10:51:46.965698+00
5232087275;7150028516;true;0;2026-09-27 10:52:28.887908+00
5156300922;7454546340;true;0;2026-09-27 11:26:29.627833+00
6767325077;7422269738;true;0;2026-09-27 11:27:15.227138+00
8031055221;8647674253;true;0;2026-09-27 11:56:01.251921+00
7976214923;6177030021;true;0;2026-09-27 11:56:57.300498+00
7107765714;5040904740;true;0;2026-09-27 11:57:04.55191+00
6076797735;7467214219;true;0;2026-09-27 12:35:33.879903+00
6785224349;1855656384;true;0;2026-09-27 12:35:35.526957+00
637211271;1028092977;true;0;2026-09-27 12:35:43.094153+00
8467411203;7418456348;true;0;2026-09-27 12:35:52.164944+00
6148710113;8380916723;true;0;2026-09-27 12:35:56.719463+00
5412797939;6535589968;true;0;2026-09-27 12:36:41.551467+00
8967395650;7299021506;true;0;2026-09-27 12:36:45.062951+00
6504497274;1956898640;true;0;2026-09-27 12:37:01.833366+00
8018853157;8811594840;true;0;2026-09-27 13:15:39.712469+00
7095385325;468152238;true;0;2026-09-27 13:15:41.356434+00
8967644967;8811594840;true;0;2026-09-27 13:15:55.300158+00
2030593287;7040084040;true;0;2026-09-27 13:17:19.282907+00
682013519;6504497274;true;0;2026-09-27 13:17:33.613902+00
8920669571;5528794190;true;0;2026-09-27 13:18:30.737776+00
6704116117;6746258222;true;0;2026-09-27 13:18:34.890633+00
8450270383;7422269738;true;0;2026-09-27 13:19:26.253563+00
7624652429;1925786737;true;0;2026-09-27 13:20:07.045493+00
8372845602;8550020292;true;0;2026-09-27 13:20:27.112927+00
5310318905;2021844162;true;0;2026-09-27 13:21:40.36552+00
7182795046;6884462447;true;0;2026-09-27 13:21:42.01703+00
169189995;8070764575;true;0;2026-09-27 13:21:48.461923+00
8502193279;7191905983;true;0;2026-09-27 13:22:15.437922+00
8046401820;8811594840;true;0;2026-09-27 13:22:30.748499+00
5269924881;5136882300;true;0;2026-09-27 13:22:42.09714+00
7337696992;886866275;true;0;2026-09-27 13:22:43.926761+00
8685097901;5709504255;true;0;2026-09-27 13:22:49.859589+00
7197666425;7681447524;true;0;2026-09-27 13:23:16.483343+00
5699911586;5580298339;true;0;2026-09-27 13:23:42.356923+00
6025944518;5709504255;true;0;2026-09-27 13:24:11.547173+00
7032884549;7246552735;true;0;2026-09-27 13:24:17.961459+00
1294214980;886866275;true;0;2026-09-27 13:25:48.078113+00
6455138885;8924298568;true;0;2026-09-27 13:28:05.019046+00
5042308324;255837383;true;0;2026-09-27 13:29:55.293956+00
1586374935;7299021506;true;0;2026-09-27 13:30:33.580707+00
8243911117;8925548868;true;0;2026-09-27 13:30:47.579019+00
1210455445;7196677406;true;0;2026-09-27 13:32:03.045907+00
5706414510;7022346297;true;0;2026-09-27 13:32:16.536064+00
963306609;5054324352;true;0;2026-09-27 13:33:15.537637+00
1814586555;8550020292;true;15.5000;2026-09-27 13:16:59.330899+00
5041171318;1923149727;true;0;2026-09-27 14:11:08.619427+00
8931612342;8550020292;true;0;2026-09-27 14:12:03.734905+00
6695278329;886866275;true;0;2026-09-27 14:12:15.607073+00
6918567829;6475645296;true;0;2026-09-27 14:12:30.26495+00
8578998974;6371810631;true;0;2026-09-27 14:12:55.885277+00
8934705345;5863753382;true;0;2026-09-27 14:15:34.039249+00
5859476756;6367762579;true;0;2026-09-27 14:15:37.538792+00
7563544271;8905139640;true;0;2026-09-27 14:15:42.599975+00
8798353257;5993705428;true;0;2026-09-27 14:15:46.50099+00
1899879911;7325818182;true;0;2026-09-27 14:16:11.708258+00
7109089328;1811309074;true;0;2026-09-27 14:16:38.499118+00
8798258754;6350423486;true;0;2026-09-27 14:17:50.779629+00
1397799255;6445238971;true;0;2026-09-27 14:43:51.65545+00
7819797201;8985797123;true;0;2026-09-27 14:46:05.168777+00
1666560026;7637567582;true;0;2026-09-27 14:47:34.749661+00
7976575270;8024283293;true;0;2026-09-27 14:47:39.510741+00
7833857911;7112182618;true;0;2026-09-27 15:17:52.675303+00
288707157;8907726601;true;0;2026-09-27 15:17:56.458922+00
6476684841;7737960763;true;0;2026-09-27 15:17:59.697775+00
7385372326;226425775;true;0;2026-09-27 15:18:34.284902+00
8544889794;1594808843;true;0;2026-09-27 15:20:48.579915+00
7560823630;7246552735;true;0;2026-09-27 15:20:49.338701+00
8757488600;8638077551;true;0;2026-09-27 15:21:25.37582+00
5244486322;6123506819;true;0;2026-09-27 15:22:06.238909+00
5215819947;5370236211;true;0;2026-09-27 15:22:21.35854+00
8130345779;8811594840;true;0;2026-09-27 15:30:37.317056+00
5293560394;7822604875;true;0;2026-09-27 15:30:49.737479+00
7333090719;6480778192;true;0;2026-09-27 15:31:31.17612+00
8953389237;6138621005;true;0;2026-09-27 15:31:55.505702+00
8950690460;8898839079;true;0;2026-09-27 15:32:37.632586+00
8747649221;8330897803;true;0;2026-09-27 15:32:38.04749+00
6475672903;5558416024;true;0;2026-09-27 15:32:53.888733+00
8358064185;5808353176;true;0;2026-09-27 15:32:57.797925+00
6994495378;8667938531;true;0;2026-09-27 15:33:13.700908+00
6853281695;7708561744;true;0;2026-09-27 15:33:25.464312+00
8997690424;6662554051;true;0;2026-09-27 15:33:42.997993+00
8382386868;6618225075;true;0;2026-09-27 15:34:02.757669+00
8574135372;7538120158;true;0;2026-09-27 15:34:29.419928+00
8764807851;6496678531;true;0;2026-09-27 15:36:30.969714+00
7692767032;6138621005;true;0;2026-09-27 15:38:18.360978+00
6493456103;6853281695;true;0;2026-09-27 15:38:38.247785+00
7530703263;6494286367;true;0;2026-09-27 15:38:54.020965+00
7152167972;7454546340;true;0;2026-09-27 15:39:03.240451+00
2077351733;8229825936;true;0;2026-09-27 15:39:23.858919+00
6493519785;6146797678;true;0;2026-09-27 15:40:17.165853+00
8621547062;6432254889;true;0;2026-09-27 15:40:29.497735+00
1809111274;8330897803;true;0;2026-09-27 15:41:08.709914+00
8782955254;8205455966;true;0;2026-09-27 15:41:32.897225+00
8620075383;8590238356;true;0;2026-09-27 15:41:46.226464+00
8292717249;5660915558;true;0;2026-09-27 15:41:46.257008+00
7394267772;5297184802;true;0;2026-09-27 15:42:07.357931+00
8987488799;6346994913;true;0;2026-09-27 15:42:47.015661+00
6435715315;7321510881;true;0;2026-09-27 15:42:50.966329+00
5955680156;7822604875;true;0;2026-09-27 15:43:05.195397+00
6483676743;5987595217;true;0;2026-09-27 15:43:07.954923+00
8851611859;5656742441;true;0;2026-09-27 15:43:19.814034+00
6135476643;8200596043;true;0;2026-09-27 15:43:24.919961+00
109356577;8979783103;true;0;2026-09-27 15:43:25.33279+00
5461760153;5368892205;true;0;2026-09-27 15:43:40.742886+00
1370525648;59587816;true;0;2026-09-27 15:47:25.505461+00
6341931842;8288463004;true;0;2026-09-27 15:47:59.350824+00
7104973308;5570136859;true;0;2026-09-27 15:48:00.823877+00
8511106239;1855656384;true;0;2026-09-27 15:48:03.484689+00
8662709127;1925786737;true;0;2026-09-27 15:48:03.56957+00
8281390524;886866275;true;0;2026-09-27 15:48:09.636495+00
7903004569;7957460609;true;0;2026-09-27 15:48:13.239544+00
6070408971;6587611725;true;0;2026-09-27 15:48:13.721488+00
8228080708;7059727717;true;0;2026-09-27 15:48:21.882779+00
8363784174;5438549908;true;0;2026-09-27 15:48:27.529364+00
7413536508;8351020688;true;0;2026-09-27 15:48:28.814345+00
6398091167;7193005286;true;0;2026-09-27 15:49:01.096404+00
8812924213;1762194412;true;0;2026-09-27 15:49:10.019978+00
7618319688;1929855145;true;0;2026-09-27 15:49:10.455718+00
8410550097;1918211503;true;0;2026-09-27 15:49:58.240903+00
913853985;7581250020;true;0;2026-09-27 15:50:05.635099+00
8936337442;7002136618;true;0;2026-09-27 15:50:16.74403+00
6073885343;7411242147;true;0;2026-09-27 15:50:35.517917+00
5492656080;7708561744;true;0;2026-09-27 15:50:37.484301+00
6827108049;7682381175;true;0;2026-09-27 15:50:47.932571+00
7115844477;5919367787;true;0;2026-09-27 15:50:48.016668+00
7529793544;8811594840;true;0;2026-09-27 15:50:48.919732+00
8460459479;7545787996;true;0;2026-09-27 15:50:50.631809+00
6199153543;8857721394;true;0;2026-09-27 15:50:54.235062+00
8019938986;8567091232;true;0;2026-09-27 15:50:55.340901+00
8707613458;6424320081;true;0;2026-09-27 15:50:55.646165+00
8464040857;8053030580;true;0;2026-09-27 15:50:55.771027+00
8371379483;5709504255;true;0;2026-09-27 15:51:04.319754+00
8163049627;6611339927;true;0;2026-09-27 10:51:22.293407+00
8568043698;7070614700;true;0;2026-09-27 10:51:37.500925+00
8635546678;6618225075;true;0;2026-09-27 11:27:28.441364+00
7821520594;1487314449;true;0;2026-09-27 11:56:55.072819+00
7575648514;6587611725;true;0;2026-09-27 11:57:01.139746+00
7582794336;8649309760;true;0;2026-09-27 12:37:39.412136+00
5400321874;2142924045;true;0;2026-09-27 12:38:11.789589+00
7624971174;5883256066;true;0;2026-09-27 12:38:29.362755+00
8816741346;8380916723;true;0;2026-09-27 12:38:33.591649+00
6325236889;7610880789;true;0;2026-09-27 12:38:54.636985+00
6413170818;5459309218;true;0;2026-09-27 12:39:15.335055+00
6182075240;7387726100;true;0;2026-09-27 12:39:21.659685+00
7672190413;8783092908;true;0;2026-09-27 12:39:41.422708+00
7361272063;5449080242;true;0;2026-09-27 12:39:43.494312+00
7137850180;6028335644;true;0;2026-09-27 12:39:47.091399+00
6687238379;6579786009;true;0;2026-09-27 12:40:10.664923+00
8008342747;7350200155;true;0;2026-09-27 12:40:57.980319+00
8283907268;7467214219;true;0;2026-09-27 12:41:14.014997+00
8217128972;8227777950;true;0;2026-09-27 12:41:21.557719+00
8596031129;8679476564;true;0;2026-09-27 12:41:28.383986+00
5458298831;7467214219;true;0;2026-09-27 12:42:28.464334+00
7940123651;7097617708;true;0;2026-09-27 12:43:07.709275+00
6419473814;542822412;true;0;2026-09-27 12:43:11.411338+00
6699717640;7196677406;true;0;2026-09-27 12:44:31.260174+00
7772628823;1028092977;true;0;2026-09-27 12:44:58.422584+00
6620877756;5863753382;true;0;2026-09-27 12:45:42.559187+00
1414996643;7191905983;true;0;2026-09-27 12:46:02.626825+00
5635356397;7040084040;true;0;2026-09-27 12:46:14.617704+00
7301060487;7952962913;true;0;2026-09-27 12:46:21.542987+00
7562785417;6694722648;true;0;2026-09-27 12:46:55.414908+00
634187070;1090534863;true;0;2026-09-27 12:47:01.886641+00
8176636830;6971638079;true;0;2026-09-27 12:47:24.985912+00
6975194617;7299021506;true;0;2026-09-27 12:48:57.797461+00
6970277836;7350200155;true;0;2026-09-27 12:49:19.074904+00
6696400088;7411242147;true;0;2026-09-27 12:49:47.979475+00
6262750532;5988245172;true;0;2026-09-27 12:50:12.605275+00
7442866362;5930588873;true;0;2026-09-27 12:50:13.127918+00
753384747;5930588873;true;0;2026-09-27 12:50:18.898054+00
7954878587;5459309218;true;0;2026-09-27 13:16:13.634306+00
8468630747;6350423486;true;0;2026-09-27 13:16:13.997454+00
1478069656;7637567582;true;0;2026-09-27 13:16:53.821006+00
6183836745;7040084040;true;0;2026-09-27 13:16:55.981364+00
5774013803;7411242147;true;0;2026-09-27 13:16:57.126111+00
8803201490;6058299898;true;0;2026-09-27 13:17:09.366677+00
8005151293;8257496353;true;0;2026-09-27 13:17:33.726387+00
5626011151;5245365505;true;0;2026-09-27 13:18:01.456749+00
5210998211;1923149727;true;0;2026-09-27 13:18:38.871164+00
2124596872;7637567582;true;0;2026-09-27 13:20:17.596917+00
7816247570;7411242147;true;0;2026-09-27 13:21:18.83793+00
5171968043;1923149727;true;0;2026-09-27 13:22:11.535667+00
7872456540;6499229978;true;0;2026-09-27 13:22:31.086163+00
5663528954;1736872830;true;0;2026-09-27 13:23:08.179099+00
7429153272;7637567582;true;0;2026-09-27 13:23:13.177246+00
8649796752;8647674253;true;0;2026-09-27 13:23:22.119895+00
7791136048;8451882766;true;0;2026-09-27 13:24:03.347991+00
7392946302;8507151942;true;0;2026-09-27 13:26:08.77392+00
1080483281;7145628016;true;0;2026-09-27 13:26:09.919547+00
928681043;6769110358;true;0;2026-09-27 13:26:17.828794+00
7481619474;7467214219;true;0;2026-09-27 13:27:01.630273+00
1601227844;6926410286;true;0;2026-09-27 13:27:29.962139+00
5151889996;1923149727;true;0;2026-09-27 13:27:35.905829+00
7309788903;7365796636;true;0;2026-09-27 13:27:44.041249+00
5994178317;7126566467;true;0;2026-09-27 13:27:44.5297+00
8063868651;6340638549;true;0;2026-09-27 13:28:04.219305+00
6224523025;7467214219;true;0;2026-09-27 13:28:37.640579+00
1193760901;1811309074;true;0;2026-09-27 13:29:28.529711+00
8222004196;8923800144;true;0;2026-09-27 13:29:32.287796+00
6163547201;8670732503;true;0;2026-09-27 13:30:07.312789+00
8708990691;7536735506;true;0;2026-09-27 13:30:13.90944+00
873300758;8365923252;true;0;2026-09-27 13:30:28.132003+00
7635883756;6312362664;true;0;2026-09-27 13:30:49.549562+00
8743938770;5022137388;true;0;2026-09-27 13:31:33.521945+00
8208433486;7422269738;true;0;2026-09-27 13:32:31.578216+00
7640195144;6475645296;true;0;2026-09-27 13:32:44.150418+00
7353135463;7458602264;true;0;2026-09-27 13:33:10.439575+00
8955538973;226425775;true;0;2026-09-27 14:11:09.247925+00
8748267644;6424915694;true;0;2026-09-27 14:11:54.28497+00
8242021679;7630515620;true;0;2026-09-27 14:11:54.514153+00
7320640240;5528794190;true;0;2026-09-27 14:12:00.530679+00
5660791025;7040084040;true;0;2026-09-27 14:12:03.44852+00
130379431;6926410286;true;0;2026-09-27 14:12:05.906965+00
6295670099;5269924881;true;0;2026-09-27 14:12:08.824425+00
8141847750;6475645296;true;0;2026-09-27 14:13:14.176972+00
8548459120;5060385283;true;0;2026-09-27 14:15:36.480236+00
7914591230;7676595679;true;0;2026-09-27 14:16:52.408917+00
989657379;5040904740;true;0;2026-09-27 14:18:27.530153+00
1392923044;7822604875;true;0;2026-09-27 14:43:52.686803+00
8949686510;6371810631;true;0;2026-09-27 15:17:52.898913+00
8756688378;1638385066;true;0;2026-09-27 15:18:09.087142+00
6852314428;226425775;true;0;2026-09-27 15:20:51.83264+00
8543181372;7246552735;true;0;2026-09-27 15:21:08.216035+00
882940098;6432254889;true;0;2026-09-27 15:21:16.077358+00
5899255740;8680831775;true;0;2026-09-27 15:21:33.485821+00
7481909764;7070614700;true;0;2026-09-27 15:21:41.446259+00
8280076404;7473583167;true;0;2026-09-27 15:21:54.839512+00
8982024892;5314373808;true;0;2026-09-27 15:22:15.113906+00
6144578931;5919367787;true;0;2026-09-27 15:31:19.57613+00
6548912588;1956898640;true;0;2026-09-27 15:31:23.976175+00
5508959041;6312362664;true;0;2026-09-27 15:31:36.929998+00
5323784697;6123506819;true;0;2026-09-27 15:31:51.033963+00
8646182981;8608248742;true;0;2026-09-27 15:32:24.213457+00
7377204020;6263639631;true;0;2026-09-27 15:33:17.121713+00
5397388258;7253933179;true;0;2026-09-27 15:33:50.094077+00
5438549908;7822604875;true;0;2026-09-27 15:33:51.623901+00
8643675544;7538120158;true;0;2026-09-27 15:33:52.517891+00
6982434317;7467214219;true;0;2026-09-27 15:34:00.697809+00
8489392224;6138621005;true;0;2026-09-27 15:34:04.30629+00
8873198332;8608248742;true;0;2026-09-27 15:34:32.182902+00
986163363;1707453611;true;0;2026-09-27 15:39:01.242453+00
7861025054;7253933179;true;0;2026-09-27 15:39:03.368344+00
6677797998;8615498502;true;0;2026-09-27 15:39:03.413344+00
6613268374;8185047390;true;0;2026-09-27 15:39:31.931453+00
6678468279;6404869037;true;0;2026-09-27 15:39:37.638966+00
8200596043;8615498502;true;0;2026-09-27 15:41:13.923833+00
6484528036;7279658358;true;0;2026-09-27 15:41:49.144905+00
8179613384;7355888816;true;0;2026-09-27 15:41:51.851622+00
6387983559;8036842424;true;0;2026-09-27 15:41:52.132435+00
1601166850;1068119624;true;0;2026-09-27 15:42:21.97092+00
7003682274;7987289106;true;0;2026-09-27 15:42:37.461857+00
7370091743;8954036308;true;0;2026-09-27 15:42:58.802207+00
6838028849;8351020688;true;0;2026-09-27 15:43:33.78292+00
1765157576;1068119624;true;0;2026-09-27 15:43:41.138985+00
7325408566;6312362664;true;0;2026-09-27 15:44:02.820273+00
8248787144;5459309218;true;0;2026-09-27 15:47:25.669411+00
7130238097;7126566467;true;0;2026-09-27 15:47:29.551118+00
6990838744;6514390529;true;0;2026-09-27 15:48:00.885753+00
7377176881;6535148422;true;0;2026-09-27 15:48:06.696925+00
7816909509;1594808843;true;0;2026-09-27 15:48:11.688706+00
8535059485;6676712124;true;0;2026-09-27 15:48:13.056648+00
6505594414;7875362990;true;0;2026-09-27 15:48:14.362913+00
5206934931;6346994913;true;0;2026-09-27 15:48:15.27934+00
6114641091;6559616886;true;0;2026-09-27 15:48:21.867616+00
7816861348;1020492563;true;0;2026-09-27 15:48:25.152696+00
7571519553;7982325371;true;0;2026-09-27 15:48:28.393918+00
6194405934;8954036308;true;0;2026-09-27 15:48:40.972546+00
5176850929;1028092977;true;0;2026-09-27 15:48:41.467024+00
8305463159;6499229978;true;0;2026-09-27 10:51:24.561739+00
2062044523;7637567582;true;0;2026-09-27 10:52:11.929989+00
6286651551;7052929719;true;0;2026-09-27 11:27:32.241105+00
8707729692;7484446471;true;0;2026-09-27 11:57:10.318395+00
6467106145;6475645296;true;0;2026-09-27 11:57:50.1027+00
7025438232;7419454193;true;0;2026-09-27 11:58:30.285001+00
8656318302;8356487329;true;0;2026-09-27 11:58:34.86554+00
1390061339;7454546340;true;0;2026-09-27 12:00:47.803106+00
8825591553;7640034252;true;0;2026-09-27 12:03:03.424541+00
8571628973;8305463159;true;0;2026-09-27 12:04:05.404768+00
8201830630;7704313003;true;0;2026-09-27 12:04:17.001365+00
6725483032;8427645117;true;0;2026-09-27 12:05:07.79473+00
8580170817;8427645117;true;0;2026-09-27 12:05:11.918694+00
5132501444;6971638079;true;0;2026-09-27 12:05:17.213928+00
8994505788;8649309760;true;0;2026-09-27 12:05:19.360592+00
6990730373;8556328355;true;0;2026-09-27 12:05:21.180905+00
7526536436;6340638549;true;0;2026-09-27 12:05:51.174702+00
8936865609;1090534863;true;0;2026-09-27 12:06:02.595113+00
8961050977;8067169428;true;0;2026-09-27 12:06:13.01843+00
6515620822;8999680099;true;0;2026-09-27 12:06:20.428597+00
8016914173;8967726776;true;0;2026-09-27 12:06:38.434753+00
6083019139;6355193298;true;0;2026-09-27 12:07:10.807034+00
5826659809;6769110358;true;0;2026-09-27 12:07:23.832916+00
7085815600;8811594840;true;0;2026-09-27 12:07:30.039803+00
5647628977;7865006773;true;0;2026-09-27 12:07:33.607917+00
8954765061;8427645117;true;0;2026-09-27 12:08:01.481464+00
524944458;7052929719;true;0;2026-09-27 12:08:31.960133+00
8639879380;7637567582;true;0;2026-09-27 12:37:40.33895+00
8866778133;1118908858;true;0;2026-09-27 12:37:51.989931+00
7921379904;6861918826;true;0;2026-09-27 12:37:52.745926+00
7590298679;7052929719;true;0;2026-09-27 12:38:06.389978+00
8539359340;7418456348;true;0;2026-09-27 12:38:33.716655+00
5385808385;5133734491;true;0;2026-09-27 12:39:22.70799+00
8531479262;6308359725;true;0;2026-09-27 12:39:32.997912+00
7940432793;7191905983;true;0;2026-09-27 12:39:41.417833+00
8424000801;6799948605;true;0;2026-09-27 12:39:42.799645+00
5770542457;6140587830;true;0;2026-09-27 12:40:18.121945+00
6870702021;6312362664;true;0;2026-09-27 12:40:51.093641+00
6442686421;7040084040;true;0;2026-09-27 12:40:55.709355+00
6159171739;59587816;true;0;2026-09-27 12:41:30.115874+00
8158023719;7942507166;true;0;2026-09-27 12:42:30.104909+00
6230789304;6312362664;true;0;2026-09-27 12:42:47.374834+00
8483646179;6694722648;true;0;2026-09-27 12:44:15.50474+00
7188770977;8339299560;true;0;2026-09-27 12:44:20.693901+00
8578021398;8999680099;true;0;2026-09-27 12:44:24.760542+00
6534214720;8427645117;true;0;2026-09-27 12:44:37.433351+00
6736707756;6993856640;true;0;2026-09-27 12:44:44.568565+00
627462206;1923149727;true;0;2026-09-27 12:45:26.55492+00
8301294674;886866275;true;0;2026-09-27 12:45:47.610847+00
7354066903;7052929719;true;0;2026-09-27 12:46:04.836833+00
8337880720;6894860211;true;0;2026-09-27 12:46:25.476408+00
1846374182;5486251799;true;0;2026-09-27 12:47:04.476263+00
8674319925;7557207056;true;0;2026-09-27 12:47:29.787646+00
6090741172;6313639331;true;0;2026-09-27 12:48:14.939565+00
5976193240;59587816;true;0;2026-09-27 12:48:51.212546+00
7160778588;8954036308;true;0;2026-09-27 12:48:54.794188+00
8733219844;7393571678;true;0;2026-09-27 12:49:02.509639+00
7786181851;6635952181;true;0;2026-09-27 12:49:09.845742+00
7221320597;5211801993;true;0;2026-09-27 12:53:27.798003+00
5636529616;8670732503;true;0;2026-09-27 12:53:28.560084+00
988249161;6546261693;true;0;2026-09-27 12:53:29.778684+00
8722221014;8788637065;true;0;2026-09-27 12:53:34.554044+00
5022137388;1793368825;true;0;2026-09-27 12:53:37.694939+00
7577499397;6312362664;true;0;2026-09-27 12:53:40.63139+00
7177076357;6714992347;true;0;2026-09-27 12:54:15.834002+00
8381460732;7467214219;true;0;2026-09-27 12:54:27.399901+00
7647689349;7040084040;true;0;2026-09-27 12:54:29.91584+00
7666259473;7254879832;true;0;2026-09-27 13:16:50.502905+00
6329738013;5839623511;true;0;2026-09-27 13:16:58.951912+00
7548374336;8047777881;true;0;2026-09-27 13:17:18.357101+00
8895247336;7637567582;true;0;2026-09-27 13:19:01.629358+00
7585736523;7637567582;true;0;2026-09-27 13:19:02.913849+00
1636404497;6971638079;true;0;2026-09-27 13:19:36.855545+00
5487248813;8058162990;true;0;2026-09-27 13:19:50.033903+00
8435535979;5040904740;true;0;2026-09-27 13:20:35.051258+00
8247965396;5040904740;true;0;2026-09-27 13:21:13.46145+00
1205171010;6587611725;true;0;2026-09-27 13:21:26.740478+00
8796347442;1193894441;true;0;2026-09-27 13:21:27.039999+00
8580299234;7518161618;true;0;2026-09-27 13:21:40.833038+00
8472085072;6829902899;true;0;2026-09-27 13:21:49.939553+00
8116541886;7164188765;true;0;2026-09-27 13:22:00.722932+00
6707832320;7299021506;true;0;2026-09-27 13:22:14.581035+00
8107131288;1028092977;true;0;2026-09-27 13:22:21.741954+00
6083929432;7246552735;true;0;2026-09-27 13:23:36.795148+00
6676418415;5459309218;true;0;2026-09-27 13:26:17.635386+00
614360783;6504497274;true;0;2026-09-27 13:26:49.268919+00
8913299225;6799948605;true;0;2026-09-27 13:26:52.978131+00
7256311539;8556328355;true;0;2026-09-27 13:26:55.744747+00
5153524355;1923149727;true;0;2026-09-27 13:28:16.678406+00
5480486864;7387726100;true;0;2026-09-27 13:29:35.341554+00
7367942509;8890869221;true;0;2026-09-27 13:29:49.802302+00
8283678744;6499229978;true;0;2026-09-27 13:30:35.91182+00
6259365403;7056166728;true;0;2026-09-27 13:31:06.358616+00
8709968719;8056046629;true;0;2026-09-27 13:31:07.653921+00
883956439;5798828093;true;0;2026-09-27 13:31:49.561084+00
7691159365;7518161618;true;0;2026-09-27 13:31:53.122325+00
5107601752;1923149727;true;0;2026-09-27 13:32:04.958514+00
7542204760;5466952819;true;0;2026-09-27 13:32:18.975935+00
7750603268;6401692685;true;0;2026-09-27 13:32:47.725892+00
6606148810;6587611725;true;0;2026-09-27 13:33:01.756931+00
8231324526;7563720163;true;0;2026-09-27 14:11:11.320569+00
6487070512;5459309218;true;0;2026-09-27 14:11:33.165791+00
2106900115;1923149727;true;0;2026-09-27 14:11:56.069144+00
7127044042;5059162020;true;0;2026-09-27 14:14:37.429887+00
8373507846;1680954604;true;0;2026-09-27 14:15:23.295557+00
8200186801;8121821371;true;0;2026-09-27 14:15:35.291996+00
8919831367;7518161618;true;0;2026-09-27 14:15:42.373189+00
5075288965;1923149727;true;0;2026-09-27 14:15:49.355241+00
7438108442;8954036308;true;0;2026-09-27 14:16:05.891195+00
1839938649;5863753382;true;0;2026-09-27 14:16:49.156028+00
8503694791;7640195144;true;0;2026-09-27 14:16:49.943181+00
1804418312;1384281989;true;0;2026-09-27 14:16:52.446348+00
5217669032;7360570017;true;0;2026-09-27 14:16:53.587906+00
8009774884;7637567582;true;0;2026-09-27 14:16:55.918764+00
8806104246;8622604912;true;0;2026-09-27 14:17:34.026996+00
6351455216;8670607977;true;0;2026-09-27 14:17:48.287803+00
6997211099;6367762579;true;0;2026-09-27 14:18:17.397158+00
8801598280;7640195144;true;0;2026-09-27 14:18:21.251482+00
1761728114;5040904740;true;0;2026-09-27 14:44:04.250927+00
7689308424;8985797123;true;0;2026-09-27 14:48:37.635148+00
8984666112;5839623511;true;0;2026-09-27 15:17:57.633942+00
7772111477;7933223259;true;0;2026-09-27 15:18:30.886628+00
8037831897;6432254889;true;0;2026-09-27 15:24:03.026705+00
5423487276;8260846315;true;0;2026-09-27 15:24:37.601146+00
359200485;226425775;true;0;2026-09-27 15:26:26.05275+00
6352636636;1203536631;true;0;2026-09-27 15:26:50.07635+00
6994460457;1743469511;true;0;2026-09-27 15:27:32.757595+00
6992822452;8080516788;true;0;2026-09-27 15:27:39.971017+00
6514390529;8372276882;true;0;2026-09-27 15:28:41.295577+00
7065499627;6480778192;true;0;2026-09-27 15:28:55.372358+00
7635143452;7476891094;true;0;2026-09-27 15:29:51.790563+00
6698097694;1811309074;true;0;2026-09-27 15:30:26.564677+00
8175105132;6563330787;true;0;2026-09-27 15:30:50.333048+00
6449370830;6257056710;true;0;2026-09-27 15:30:53.019627+00
7765562750;7796117435;true;0;2026-09-27 15:31:04.277733+00
8440108742;7689308424;true;0;2026-09-27 15:31:06.791956+00
7993851893;6499229978;true;0;2026-09-27 10:51:48.159904+00
6683112654;8227777950;true;0;2026-09-27 11:27:36.176656+00
6418027879;6475645296;true;0;2026-09-27 11:27:48.399563+00
7290991536;8427645117;true;0;2026-09-27 11:28:17.697437+00
5990377028;8188746037;true;0;2026-09-27 11:28:22.52308+00
7851854721;7637567582;true;0;2026-09-27 11:28:36.999119+00
8236885807;7982325371;true;0;2026-09-27 11:28:55.144711+00
85584893;8811594840;true;0;2026-09-27 11:29:32.576919+00
7703065406;8811594840;true;0;2026-09-27 11:30:15.152279+00
7986480463;7541951203;true;0;2026-09-27 11:31:42.194798+00
8871831092;7541951203;true;0;2026-09-27 11:31:52.237101+00
8112944957;7875362990;true;0;2026-09-27 11:31:56.19663+00
7483678511;6499229978;true;0;2026-09-27 11:33:44.703684+00
8652575622;8427645117;true;0;2026-09-27 11:33:47.205465+00
8217496681;7681447524;true;0;2026-09-27 11:33:55.444854+00
7259187230;7078995117;true;0;2026-09-27 11:34:04.583839+00
8520588493;7279658358;true;0;2026-09-27 11:34:10.861126+00
8276990810;8290536071;true;0;2026-09-27 11:34:35.670445+00
5926751742;8720739001;true;0;2026-09-27 11:34:59.684539+00
8181967590;6515204020;true;0;2026-09-27 11:35:15.834915+00
7578586934;8427645117;true;0;2026-09-27 11:35:20.044041+00
8773284170;6371810631;true;0;2026-09-27 11:36:11.658832+00
8584483185;7454546340;true;0;2026-09-27 11:36:15.791097+00
8698760311;8967726776;true;0;2026-09-27 11:36:25.361762+00
716632192;8782326610;true;0;2026-09-27 11:57:26.548781+00
7599239859;6355193298;true;0;2026-09-27 11:57:42.961891+00
6383346401;6539714233;true;0;2026-09-27 11:58:50.9303+00
5558098205;5978937788;true;0;2026-09-27 11:59:34.154912+00
6743107867;6515204020;true;0;2026-09-27 12:00:12.890214+00
6684453286;7454546340;true;0;2026-09-27 12:00:26.153363+00
8676159589;8740386488;true;0;2026-09-27 12:00:55.830602+00
187337839;59587816;true;0;2026-09-27 12:01:25.232774+00
105393865;8811594840;true;0;2026-09-27 12:01:55.152933+00
8036257133;7044356980;true;0;2026-09-27 12:02:19.320251+00
5093000647;6546261693;true;0;2026-09-27 12:02:25.869062+00
7502566720;6770169127;true;0;2026-09-27 12:02:41.316614+00
7911288209;7422269738;true;0;2026-09-27 12:03:04.560062+00
7548915441;6053921525;true;0;2026-09-27 12:05:20.746383+00
6991488923;6546261693;true;0;2026-09-27 12:05:40.096669+00
6345045722;5459309218;true;0;2026-09-27 12:07:24.748137+00
5948623961;7411242147;true;0;2026-09-27 12:07:34.785343+00
8392326096;1698130348;true;0;2026-09-27 12:07:43.367819+00
1543180716;7640034252;true;0;2026-09-27 12:08:21.925809+00
7310868036;6715338606;true;0;2026-09-27 12:08:23.654726+00
1942041972;6535148422;true;0;2026-09-27 12:37:49.358802+00
8546212629;8070764575;true;0;2026-09-27 12:38:14.565923+00
7170174660;8024487736;true;0;2026-09-27 12:38:31.14124+00
6424966313;7387726100;true;0;2026-09-27 12:39:04.818999+00
5432726178;1390061339;true;0;2026-09-27 12:39:16.027482+00
7528965094;6546261693;true;0;2026-09-27 12:39:35.238957+00
8196256756;6499229978;true;0;2026-09-27 12:40:02.659303+00
6488466294;6312362664;true;0;2026-09-27 12:41:34.158464+00
8717412241;7422269738;true;0;2026-09-27 12:41:45.581924+00
5249427658;1390061339;true;0;2026-09-27 12:43:52.906602+00
6553525295;8070764575;true;0;2026-09-27 12:45:04.37762+00
7764376060;7196677406;true;0;2026-09-27 12:45:42.364656+00
5068640960;7191905983;true;0;2026-09-27 12:46:12.875925+00
6896009199;6843895821;true;0;2026-09-27 12:46:35.341889+00
7321608528;7299021506;true;0;2026-09-27 12:47:01.486544+00
1634857564;1090534863;true;0;2026-09-27 12:47:56.962858+00
2132867971;1923149727;true;0;2026-09-27 12:48:13.974451+00
8492986460;7637567582;true;0;2026-09-27 12:48:43.119405+00
8747882020;1855656384;true;0;2026-09-27 12:48:51.180925+00
5612083981;7708561744;true;0;2026-09-27 12:48:56.0835+00
1446604406;6715338606;true;0;2026-09-27 12:49:12.790925+00
8893029405;8427645117;true;0;2026-09-27 12:49:53.026959+00
6589187393;5988245172;true;0;2026-09-27 12:49:54.584282+00
5077952549;2142924045;true;0;2026-09-27 12:50:07.890432+00
7414283001;6746258222;true;0;2026-09-27 12:50:28.115597+00
6231235121;542822412;true;0;2026-09-27 12:50:31.660315+00
6094459788;2031250473;true;0;2026-09-27 12:51:16.899932+00
8430468340;8549018082;true;0;2026-09-27 12:52:00.212942+00
6831536824;8188380498;true;0;2026-09-27 12:53:25.664927+00
6728537586;5988245172;true;0;2026-09-27 12:53:27.361287+00
6017092600;2142924045;true;0;2026-09-27 12:53:30.061994+00
5250569507;1923149727;true;0;2026-09-27 12:53:48.596254+00
6931312940;8550020292;true;0;2026-09-27 12:53:59.896481+00
8276777055;1855656384;true;0;2026-09-27 12:54:00.698438+00
5232584296;1923149727;true;0;2026-09-27 13:20:32.836052+00
6011781090;7299021506;true;0;2026-09-27 13:20:50.031919+00
8185047390;5833447839;true;0;2026-09-27 13:21:00.525509+00
6524545859;2021844162;true;0;2026-09-27 13:21:21.017966+00
5249332426;1923149727;true;0;2026-09-27 13:21:26.677126+00
6308514333;7350200155;true;0;2026-09-27 13:22:06.242191+00
8041577538;5988245172;true;0;2026-09-27 13:22:10.467928+00
8949563198;1925786737;true;0;2026-09-27 13:23:01.940587+00
8119948555;5528794190;true;0;2026-09-27 13:23:10.672921+00
8037841663;7191905983;true;0;2026-09-27 13:23:28.153987+00
5110447718;1923149727;true;0;2026-09-27 13:23:44.140078+00
7561258961;8339299560;true;0;2026-09-27 13:24:21.874502+00
7035484465;6587611725;true;0;2026-09-27 13:27:27.048779+00
8613469058;5459309218;true;0;2026-09-27 13:28:21.917287+00
8426337092;7632808717;true;0;2026-09-27 13:28:34.931952+00
8502402741;7518161618;true;0;2026-09-27 13:28:52.92804+00
226425775;7387726100;true;0;2026-09-27 13:29:11.359572+00
8756750354;6829902899;true;0;2026-09-27 13:30:26.538909+00
5121884970;1923149727;true;0;2026-09-27 13:30:29.928526+00
5152015305;1923149727;true;0;2026-09-27 13:31:05.136161+00
6392038370;7150028516;true;0;2026-09-27 13:32:33.195921+00
8913331615;8982120274;true;0;2026-09-27 13:33:00.398846+00
5209745405;7206619137;true;0;2026-09-27 14:11:13.04592+00
7512504024;5528794190;true;0;2026-09-27 14:11:51.876024+00
7144601808;8905139640;true;0;2026-09-27 14:12:02.628923+00
8384015268;7557207056;true;0;2026-09-27 14:15:33.417768+00
8550380560;7070614700;true;0;2026-09-27 14:15:36.739545+00
7170499804;1925786737;true;0;2026-09-27 14:15:48.850402+00
725866124;5065854600;true;0;2026-09-27 14:15:53.31435+00
7052727481;8954036308;true;0;2026-09-27 14:16:15.100685+00
7117786492;8647674253;true;0;2026-09-27 14:16:23.15694+00
6962142807;6367762579;true;0;2026-09-27 14:16:29.09382+00
8597434954;8825035564;true;0;2026-09-27 14:16:32.908391+00
2125816434;1923149727;true;0;2026-09-27 14:16:38.75748+00
7842995417;8092029004;true;0;2026-09-27 14:16:40.186043+00
7054724708;6955951067;true;0;2026-09-27 14:16:53.570916+00
2105735632;1923149727;true;0;2026-09-27 14:17:30.980271+00
7191703143;6618225075;true;0;2026-09-27 14:17:34.511459+00
8955325037;5863753382;true;0;2026-09-27 14:17:57.720784+00
6754807174;226425775;true;0;2026-09-27 14:18:11.372438+00
5366343116;896226421;true;0;2026-09-27 14:18:14.799847+00
6816886370;5060385283;true;0;2026-09-27 14:46:04.381831+00
8740523408;8782326610;true;0;2026-09-27 14:46:27.843649+00
8602471820;226425775;true;0;2026-09-27 15:18:01.003914+00
6799935663;8954036308;true;0;2026-09-27 15:18:08.57792+00
7016792738;7708561744;true;0;2026-09-27 15:18:32.242903+00
380893474;8018853157;true;0;2026-09-27 15:18:42.061974+00
8928149229;8205455966;true;0;2026-09-27 15:24:11.493543+00
8625629341;8952422072;true;0;2026-09-27 15:24:37.682282+00
458573227;6904503774;true;0;2026-09-27 15:26:25.009428+00
7689624129;7422269738;true;0;2026-09-27 15:26:59.093919+00
7730315045;724035295;true;0;2026-09-27 15:26:59.443581+00
6913110398;7708561744;true;0;2026-09-27 15:27:06.806637+00
7613483298;7744682439;true;0;2026-09-27 15:28:38.280917+00
8982601828;8590238356;true;0;2026-09-27 15:29:06.1379+00
8077871723;7070614700;true;0;2026-09-27 15:29:27.262076+00
8326694239;7994081760;true;0;2026-09-27 15:29:33.630841+00
611347092;5709504255;true;0;2026-09-27 15:29:44.915579+00
8794496637;7793139330;true;0;2026-09-27 10:51:53.727978+00
7411570465;7044356980;true;0;2026-09-27 10:51:54.597743+00
8775428352;7150028516;true;0;2026-09-27 10:51:55.347731+00
8226431609;6635952181;true;0;2026-09-27 10:52:26.498741+00
8799685162;7150028516;true;0;2026-09-27 10:52:33.249784+00
8220889109;7952962913;true;0;2026-09-27 10:52:34.513058+00
8495092496;6635952181;true;0;2026-09-27 10:52:36.742966+00
8507619064;7279658358;true;0;2026-09-27 10:52:39.667226+00
1328953836;7875362990;true;0;2026-09-27 10:52:45.541338+00
6275536124;1193894441;true;0;2026-09-27 10:52:45.78739+00
7052929719;6499229978;true;0;2026-09-27 10:52:49.60491+00
1783410682;7711129807;true;0;2026-09-27 10:52:50.221926+00
7489462310;1925786737;true;0;2026-09-27 10:52:55.004979+00
7688771890;5739147727;true;0;2026-09-27 10:53:04.361554+00
7552034095;1925786737;true;0;2026-09-27 10:53:08.919548+00
7006377955;1193894441;true;0;2026-09-27 10:53:10.790912+00
7517984689;7480248070;true;0;2026-09-27 10:53:16.836339+00
8852320185;7711129807;true;0;2026-09-27 10:53:20.98622+00
6398534355;6499229978;true;0;2026-09-27 10:53:21.665118+00
8539499155;6053921525;true;0;2026-09-27 10:53:21.743905+00
6740420258;6499229978;true;0;2026-09-27 10:53:25.565098+00
7347281730;7422269738;true;0;2026-09-27 10:53:33.289843+00
6887804101;1193894441;true;0;2026-09-27 10:53:38.068961+00
7399507204;7708561744;true;0;2026-09-27 10:53:43.524933+00
7484100869;8568043698;true;0;2026-09-27 10:53:43.571487+00
5516691547;6635952181;true;0;2026-09-27 10:53:46.210723+00
7417194872;6475645296;true;0;2026-09-27 10:53:47.853009+00
5669729661;7932425811;true;0;2026-09-27 10:53:50.202259+00
1743469511;7637567582;true;0;2026-09-27 10:53:54.318675+00
1574782042;7637567582;true;0;2026-09-27 10:53:56.349577+00
8495078573;7240012520;true;0;2026-09-27 10:53:56.981477+00
6855476828;7637567582;true;0;2026-09-27 10:54:02.022144+00
8755112480;7875362990;true;0;2026-09-27 10:54:04.866417+00
7557207056;7422269738;true;0;2026-09-27 10:54:05.472911+00
6590709523;7284765829;true;0;2026-09-27 10:54:06.067896+00
6359005776;6611339927;true;0;2026-09-27 10:54:11.506911+00
7078995117;7875362990;true;0;2026-09-27 10:54:14.645136+00
5940421098;6499229978;true;0;2026-09-27 10:54:15.088927+00
7074267636;6499229978;true;0;2026-09-27 10:54:19.424836+00
8286199857;7070614700;true;0;2026-09-27 10:54:22.917464+00
5784466923;7150028516;true;0;2026-09-27 10:54:25.388722+00
6901900658;1193894441;true;0;2026-09-27 10:54:25.435115+00
7459001790;8305463159;true;0;2026-09-27 10:54:32.542164+00
7759920549;7932425811;true;0;2026-09-27 10:54:33.356376+00
8519404282;8999680099;true;0;2026-09-27 10:54:34.118911+00
7095680931;7708561744;true;0;2026-09-27 10:54:35.977395+00
6024971158;7681447524;true;0;2026-09-27 10:54:38.038925+00
6275842461;7952962913;true;0;2026-09-27 10:54:38.084622+00
6160668371;7708561744;true;0;2026-09-27 10:54:44.771921+00
7545297664;7240012520;true;0;2026-09-27 10:54:46.979074+00
8752914533;6635952181;true;0;2026-09-27 10:54:47.44463+00
6743443711;7875362990;true;0;2026-09-27 10:54:48.543165+00
6604068091;7532391908;true;0;2026-09-27 10:54:49.972914+00
2139521326;7637567582;true;0;2026-09-27 10:54:53.031349+00
7198815866;7875362990;true;0;2026-09-27 10:54:55.986947+00
6327714474;7052929719;true;0;2026-09-27 10:54:57.734925+00
5457089287;7789411693;true;0;2026-09-27 10:54:58.788937+00
7093315887;7240012520;true;0;2026-09-27 10:54:59.160646+00
7460451467;7875362990;true;0;2026-09-27 10:54:59.944405+00
8280219685;8999680099;true;0;2026-09-27 10:55:00.047001+00
5539476461;7052929719;true;0;2026-09-27 10:55:00.614926+00
7300422701;7240012520;true;0;2026-09-27 10:55:02.226515+00
7142709840;6053921525;true;0;2026-09-27 10:55:06.884906+00
7369419739;6971638079;true;0;2026-09-27 10:55:09.12542+00
6302013786;7875362990;true;0;2026-09-27 10:55:09.943734+00
6472746571;1855656384;true;0;2026-09-27 10:55:11.59938+00
8514797710;7637567582;true;0;2026-09-27 10:55:11.947919+00
6073835942;6971638079;true;0;2026-09-27 10:55:12.204547+00
8367953085;7279658358;true;0;2026-09-27 10:55:18.751975+00
7570519032;7052929719;true;5.9930;2026-09-27 10:55:29.168921+00
8999629298;7052929719;true;0;2026-09-27 10:55:20.819903+00
6039084134;6971638079;true;0;2026-09-27 10:55:21.357035+00
6506658990;6499229978;true;0;2026-09-27 10:55:21.988945+00
6119564424;7052929719;true;0;2026-09-27 10:55:23.624061+00
8806192803;1574782042;true;0;2026-09-27 10:55:24.442913+00
5808076064;7708561744;true;0;2026-09-27 10:55:27.176523+00
7876988217;7052929719;true;0;2026-09-27 10:55:28.224922+00
8054764490;7240012520;true;0;2026-09-27 10:55:28.636349+00
6827250825;1855656384;true;0;2026-09-27 10:55:28.78992+00
6197360268;1855656384;true;0;2026-09-27 10:55:31.044633+00
8904437161;7532391908;true;0;2026-09-27 10:55:32.959348+00
7338745004;7708561744;true;0;2026-09-27 10:55:36.210771+00
6413246038;7052929719;true;0;2026-09-27 10:55:37.000015+00
5045097762;7708561744;true;0;2026-09-27 10:55:42.459913+00
7399282265;8999680099;true;0;2026-09-27 10:55:45.186061+00
823208421;7875362990;true;0;2026-09-27 10:55:47.083314+00
7942507166;1855656384;true;0;2026-09-27 10:55:47.876917+00
6345359728;7150028516;true;0;2026-09-27 10:55:48.204755+00
7956759599;6635952181;true;0;2026-09-27 10:55:49.146189+00
7095749933;8305463159;true;0;2026-09-27 10:55:49.147381+00
1468698851;7052929719;true;0;2026-09-27 10:55:52.643222+00
6518289668;7206619137;true;0;2026-09-27 10:55:54.025985+00
6247311478;5040904740;true;0;2026-09-27 10:55:54.268363+00
8214499372;8732558910;true;0;2026-09-27 10:55:59.849965+00
1956898640;7052929719;true;0;2026-09-27 10:56:00.367944+00
6717942732;1193894441;true;0;2026-09-27 10:56:01.788626+00
6177468445;6477559780;true;0;2026-09-27 10:56:05.276252+00
8681493991;1855656384;true;0;2026-09-27 10:56:08.266928+00
1255201492;6475645296;true;0;2026-09-27 10:56:13.187905+00
8051648628;1193894441;true;0;2026-09-27 10:56:17.935922+00
7039886872;7510179367;true;0;2026-09-27 10:56:18.414543+00
8490637477;1855656384;true;0;2026-09-27 10:56:19.52213+00
7541481712;7510179367;true;0;2026-09-27 10:56:22.791922+00
6133933014;7052929719;true;0;2026-09-27 10:56:24.00872+00
7270391851;7875362990;true;0;2026-09-27 10:56:25.281099+00
7444618648;7476891094;true;0;2026-09-27 10:56:29.440905+00
5491267529;7422269738;true;0;2026-09-27 10:56:34.368948+00
7131761174;7637567582;true;0;2026-09-27 10:56:34.830919+00
7723852627;1855656384;true;0;2026-09-27 10:56:37.315994+00
6384923957;7052929719;true;0;2026-09-27 10:56:37.891922+00
8714779853;7510179367;true;0;2026-09-27 10:56:39.061812+00
8782791920;1855656384;true;0;2026-09-27 10:56:45.789762+00
5435985530;6971638079;true;0;2026-09-27 10:56:47.008067+00
7826053884;1193894441;true;0;2026-09-27 10:56:47.668004+00
7739602434;7510179367;true;0;2026-09-27 10:56:48.182982+00
8088566926;7476891094;true;0;2026-09-27 10:56:48.446201+00
8686106701;1855656384;true;0;2026-09-27 10:56:51.314271+00
8143524237;7510179367;true;0;2026-09-27 10:56:51.574977+00
6955951067;7510179367;true;0;2026-09-27 10:56:55.529461+00
8265220003;1743469511;true;0;2026-09-27 10:56:55.750904+00
7681950082;7422269738;true;0;2026-09-27 10:56:56.516923+00
6256774657;6499229978;true;0;2026-09-27 10:56:57.387705+00
6684737387;7070614700;true;0;2026-09-27 10:56:58.236718+00
8906261582;8999680099;true;0;2026-09-27 10:57:00.328825+00
7557802465;6499229978;true;0;2026-09-27 10:57:01.985977+00
7243272315;6635952181;true;0;2026-09-27 10:57:02.94692+00
8736201219;8226431609;true;0;2026-09-27 10:57:08.151962+00
6827343409;7052929719;true;0;2026-09-27 10:57:14.333525+00
8690676330;8305463159;true;0;2026-09-27 10:57:17.464287+00
8949670237;8305463159;true;0;2026-09-27 10:57:17.553506+00
7569281154;7052929719;true;0;2026-09-27 10:57:18.245072+00
8905692084;7510179367;true;0;2026-09-27 10:57:20.208435+00
8092466362;7557207056;true;0;2026-09-27 10:57:23.228095+00
5923708902;7070614700;true;0;2026-09-27 10:57:24.469123+00
98715176;6232093144;true;0;2026-09-27 10:57:24.850924+00
7088135521;7510179367;true;0;2026-09-27 10:57:31.952252+00
6703825509;7510179367;true;0;2026-09-27 10:57:52.940187+00
8191527673;1855656384;true;0;2026-09-27 10:57:52.956543+00
6415145501;7510179367;true;0;2026-09-27 10:58:03.691913+00
8144348857;6947435290;true;0;2026-09-27 10:58:19.533886+00
7696801911;7637567582;true;0;2026-09-27 10:58:44.99792+00
8788199528;6475645296;true;0;2026-09-27 10:58:57.728973+00
6032385876;7052929719;true;0;2026-09-27 10:59:23.205977+00
5260378999;7436003013;true;0;2026-09-27 10:59:26.219719+00
8525439970;1743469511;true;0;2026-09-27 11:27:37.481629+00
5009584509;8960186935;true;0;2026-09-27 11:28:21.443284+00
6348565511;7681447524;true;0;2026-09-27 11:28:30.604971+00
1951718713;7875362990;true;0;2026-09-27 11:29:10.637077+00
7975643507;6590709523;true;0;2026-09-27 11:29:18.943005+00
7193351313;8647674253;true;0;2026-09-27 11:29:30.345941+00
7448169432;1925786737;true;0;2026-09-27 11:30:02.289009+00
6530214330;7138182580;true;0;2026-09-27 11:31:24.250919+00
8568700581;6371810631;true;0;2026-09-27 11:33:37.896085+00
7928415781;7454546340;true;0;2026-09-27 11:33:39.576317+00
8338344573;6635952181;true;0;2026-09-27 11:33:53.32308+00
8938000509;5802231735;true;0;2026-09-27 11:34:20.138919+00
7394447390;6971638079;true;0;2026-09-27 11:34:20.299075+00
8428271806;6390840997;true;0;2026-09-27 11:34:56.041914+00
8190128815;7052929719;true;0;2026-09-27 11:34:57.398628+00
5463792892;5459309218;true;0;2026-09-27 11:35:09.300958+00
8610877285;5930588873;true;0;2026-09-27 11:35:21.729676+00
8090778090;5863753382;true;0;2026-09-27 11:35:56.904923+00
7597749802;7052929719;true;0;2026-09-27 11:36:30.338925+00
5791826971;6917528005;true;0;2026-09-27 11:57:28.38534+00
8134585444;5978937788;true;0;2026-09-27 11:58:08.494915+00
305292647;247815958;true;0;2026-09-27 11:58:15.5453+00
8300070825;8239674592;true;0;2026-09-27 11:58:49.09527+00
524255582;7681447524;true;0;2026-09-27 11:59:51.437062+00
7272886033;6280485720;true;0;2026-09-27 11:59:53.40733+00
8783550181;1956898640;true;0;2026-09-27 12:00:06.639623+00
206656295;7454546340;true;0;2026-09-27 12:00:16.755932+00
8777650750;6371810631;true;0;2026-09-27 12:00:46.361459+00
6015348964;7982325371;true;0;2026-09-27 12:01:09.313627+00
1933975616;8198216655;true;0;2026-09-27 12:01:24.374918+00
6758180388;1644668272;true;0;2026-09-27 12:02:03.588735+00
6907847077;6694722648;true;0;2026-09-27 12:02:49.56441+00
8868777320;8427645117;true;0;2026-09-27 12:02:52.061623+00
8190459884;6236089060;true;0;2026-09-27 12:03:41.569641+00
6691696405;7422269738;true;0;2026-09-27 12:03:42.726976+00
8412273610;59587816;true;0;2026-09-27 12:03:45.484906+00
1473292346;5459309218;true;0;2026-09-27 12:03:52.405289+00
7263157133;6146797678;true;0;2026-09-27 12:04:23.888144+00
6760630470;1855656384;true;0;2026-09-27 12:04:37.85874+00
5091274046;8365923252;true;0;2026-09-27 12:04:42.616723+00
5641441821;6993856640;true;0;2026-09-27 12:06:02.51292+00
1078252440;6146797678;true;0;2026-09-27 12:06:44.488669+00
7676595679;7246552735;true;0;2026-09-27 12:08:13.023596+00
7403818677;7290520808;true;0;2026-09-27 12:37:49.787972+00
7915012400;7040084040;true;0;2026-09-27 12:38:04.936946+00
7331063335;7290520808;true;0;2026-09-27 12:38:29.558584+00
7114601145;7299021506;true;0;2026-09-27 12:38:46.473364+00
8296156860;6350423486;true;0;2026-09-27 12:39:47.972743+00
6092715473;7387726100;true;0;2026-09-27 12:40:42.920922+00
5862692559;7693447102;true;0;2026-09-27 12:40:46.332532+00
8044767059;1487314449;true;0;2026-09-27 12:41:09.526904+00
8674141051;1698130348;true;0;2026-09-27 12:41:46.455946+00
7826377878;8070764575;true;0;2026-09-27 12:42:20.216503+00
8437994402;8999680099;true;0;2026-09-27 12:42:49.110608+00
7715990504;7952962913;true;0;2026-09-27 12:43:36.734695+00
8945178502;7470127604;true;0;2026-09-27 12:43:58.799566+00
5693262845;7007764961;true;0;2026-09-27 12:44:26.459621+00
6694312603;6146797678;true;0;2026-09-27 12:44:32.314614+00
6731286624;7637567582;true;0;2026-09-27 12:44:34.582374+00
1106055018;6477559780;true;0;2026-09-27 13:27:18.05797+00
6391637062;7793139330;true;0;2026-09-27 13:27:55.762767+00
8433700172;5459309218;true;0;2026-09-27 13:28:26.368481+00
6450242431;5988245172;true;0;2026-09-27 13:28:45.220131+00
7413650187;8432699815;true;0;2026-09-27 13:29:25.617754+00
6650189707;5459309218;true;0;2026-09-27 13:29:41.77535+00
1252523001;6546261693;true;0;2026-09-27 13:29:46.721901+00
6846479432;6371810631;true;0;2026-09-27 13:29:56.138937+00
8754330093;8447255924;true;0;2026-09-27 13:29:57.57947+00
7923432814;7118706481;true;0;2026-09-27 13:31:06.439448+00
6625994615;6587611725;true;0;2026-09-27 13:31:13.602051+00
8563261636;8426337092;true;0;2026-09-27 13:31:21.794234+00
7110532741;5599422047;true;0;2026-09-27 13:31:25.117923+00
759947307;8241890865;true;0;2026-09-27 13:31:53.058101+00
8600245456;7789411693;true;0;2026-09-27 13:32:05.865992+00
8980024253;2136447833;true;0;2026-09-27 13:32:20.02191+00
7031356540;5988245172;true;0;2026-09-27 13:32:41.912952+00
475857756;6990730373;true;0;2026-09-27 13:33:19.56234+00
6806371568;5459309218;true;0;2026-09-27 14:11:19.403061+00
8477759596;7429153272;true;0;2026-09-27 14:11:28.807573+00
7812233960;6371810631;true;0;2026-09-27 14:11:53.046931+00
8653990730;7826053884;true;0;2026-09-27 14:12:22.934814+00
8695445097;7860110882;true;0;2026-09-27 14:12:23.522794+00
8481221793;7002136618;true;0;2026-09-27 14:12:33.39606+00
6411573817;8825035564;true;0;2026-09-27 14:12:56.006831+00
8122725072;6028335644;true;0;2026-09-27 14:15:37.613907+00
6794776158;5863753382;true;0;2026-09-27 14:15:41.219578+00
8836057998;7693447102;true;0;2026-09-27 14:15:45.375658+00
1868375749;1736872830;true;0;2026-09-27 14:17:03.176267+00
8686298168;8579042386;true;0;2026-09-27 14:17:21.87728+00
8468069282;6939104810;true;0;2026-09-27 14:17:36.557829+00
7168903330;5060385283;true;0;2026-09-27 14:17:46.013922+00
8824781659;5060385283;true;0;2026-09-27 14:18:10.613758+00
7727234031;7510179367;true;0;2026-09-27 14:18:17.919497+00
7436675495;7510179367;true;0;2026-09-27 14:18:20.600453+00
7054511620;8381740685;true;0;2026-09-27 14:47:32.326356+00
69204684;7196677406;true;0;2026-09-27 14:48:39.959399+00
6967204897;8727374238;true;0;2026-09-27 14:48:42.720338+00
8754662821;1839938649;true;0;2026-09-27 15:18:22.695522+00
7227636663;5211801993;true;0;2026-09-27 15:18:31.411228+00
5058783875;5988245172;true;0;2026-09-27 15:24:11.57169+00
6775107684;5060385283;true;0;2026-09-27 15:24:37.498214+00
6003407061;7052929719;true;0;2026-09-27 15:24:45.33419+00
8634005159;7557207056;true;0;2026-09-27 15:25:26.332784+00
7385570244;7737960763;true;0;2026-09-27 15:26:08.935583+00
7423793007;7942503037;true;0;2026-09-27 15:26:16.757395+00
8776366149;5919367787;true;0;2026-09-27 15:26:17.829378+00
6090168328;1743469511;true;0;2026-09-27 15:26:22.860919+00
7473349603;6734902363;true;0;2026-09-27 15:26:27.749523+00
2044262595;5652438263;true;0;2026-09-27 15:26:35.32716+00
7796117435;5863753382;true;0;2026-09-27 15:26:48.250781+00
8836285363;6721105653;true;0;2026-09-27 15:26:50.897909+00
6708071903;8432699815;true;0;2026-09-27 15:27:36.214796+00
8655730428;7933223259;true;0;2026-09-27 15:28:00.236424+00
1902756542;7070614700;true;0;2026-09-27 15:28:06.942908+00
1490241585;8954036308;true;0;2026-09-27 15:28:18.468897+00
6436751904;1421628675;true;0;2026-09-27 15:28:19.295622+00
6863047102;8053953106;true;0;2026-09-27 15:28:29.035924+00
6303034212;5269762185;true;0;2026-09-27 15:28:33.183925+00
6105210296;7105245450;true;0;2026-09-27 15:29:31.570849+00
7160234927;7948018062;true;0;2026-09-27 15:30:03.69582+00
7681518716;6970996359;true;0;2026-09-27 15:30:30.039571+00
8343543851;7933223259;true;0;2026-09-27 15:30:30.888368+00
7545787996;7708561744;true;0;2026-09-27 15:31:20.832399+00
8901018056;8608248742;true;0;2026-09-27 15:31:25.271932+00
7397740696;7172706219;true;0;2026-09-27 15:31:55.755904+00
8400450054;8424000801;true;0;2026-09-27 15:32:59.720921+00
8119340530;6970996359;true;0;2026-09-27 15:33:45.199354+00
6512843500;7510179367;true;0;2026-09-27 10:57:32.046979+00
7766055807;7793139330;true;0;2026-09-27 10:57:37.045677+00
7932915968;1698130348;true;0;2026-09-27 10:57:43.81291+00
8001420582;1925786737;true;0;2026-09-27 10:58:06.785977+00
7105556714;7052929719;true;0;2026-09-27 10:58:13.554905+00
8661698816;7279658358;true;0;2026-09-27 10:58:14.743969+00
8410714607;7240012520;true;0;2026-09-27 10:58:21.456272+00
1782040547;7206619137;true;0;2026-09-27 10:58:41.150308+00
8976828950;7436003013;true;0;2026-09-27 10:58:53.089616+00
7370407866;7510179367;true;0;2026-09-27 10:58:55.386976+00
6153653655;7510179367;true;0;2026-09-27 10:58:55.924701+00
7016898584;7436003013;true;0;2026-09-27 10:59:02.56291+00
989198355;6475645296;true;0;2026-09-27 10:59:13.999549+00
6260595777;1855656384;true;0;2026-09-27 10:59:16.648908+00
6785519366;7510179367;true;0;2026-09-27 10:59:16.757561+00
8608248742;1193894441;true;0;2026-09-27 10:59:25.2952+00
8867400690;7510179367;true;0;2026-09-27 10:59:31.125892+00
5867807096;6518289668;true;0;2026-09-27 11:27:40.707958+00
5669476904;8341589020;true;0;2026-09-27 11:28:03.562127+00
6390840997;6618225075;true;0;2026-09-27 11:28:20.437153+00
500784449;8432699815;true;0;2026-09-27 11:28:49.439624+00
1109481221;8670732503;true;0;2026-09-27 11:29:02.003003+00
5996932890;8967726776;true;0;2026-09-27 11:29:19.580928+00
8579110760;8999680099;true;0;2026-09-27 11:30:18.738922+00
7668614465;8715575721;true;0;2026-09-27 11:30:22.71801+00
8808026632;6955951067;true;0;2026-09-27 11:30:39.005165+00
7998751037;1855656384;true;0;2026-09-27 11:31:06.159971+00
5397021654;255837383;true;0;2026-09-27 11:31:58.853939+00
5871253864;7150028516;true;0;2026-09-27 11:32:19.018502+00
7319440768;8890869221;true;0;2026-09-27 11:33:37.927888+00
8293393367;7059727717;true;0;2026-09-27 11:33:38.950825+00
8133285598;8999680099;true;0;2026-09-27 11:34:42.205201+00
8138948574;8802433783;true;0;2026-09-27 11:34:56.746918+00
5568791058;5599422047;true;0;2026-09-27 11:35:17.292853+00
6434042399;6974618064;true;0;2026-09-27 11:35:47.269683+00
1857684167;1193894441;true;0;2026-09-27 11:35:50.194098+00
8086691473;1193894441;true;0;2026-09-27 11:36:20.886332+00
5803016739;8427645117;true;0;2026-09-27 11:57:30.040929+00
8058162990;7150028516;true;0;2026-09-27 11:57:42.739973+00
7895834935;6955951067;true;0;2026-09-27 11:57:52.620491+00
7966661500;7422269738;true;0;2026-09-27 11:58:03.759496+00
7479085424;7288967907;true;0;2026-09-27 11:59:01.219919+00
7863518549;5863753382;true;0;2026-09-27 11:59:47.379928+00
7676494139;8885263166;true;0;2026-09-27 11:59:58.529303+00
8333323244;8967726776;true;0;2026-09-27 11:59:59.922907+00
8228674226;59587816;true;0;2026-09-27 12:01:32.180357+00
7913117182;1855656384;true;0;2026-09-27 12:01:46.875828+00
7162735078;5863753382;true;0;2026-09-27 12:01:50.730586+00
8018188974;6475645296;true;0;2026-09-27 12:01:55.717057+00
5000518724;7260705564;true;0;2026-09-27 12:02:09.47699+00
1279900725;7613542825;true;0;2026-09-27 12:04:05.426916+00
5812013334;5141127080;true;0;2026-09-27 12:05:04.345852+00
7897617041;6635952181;true;0;2026-09-27 12:05:55.00619+00
8407106986;6499229978;true;0;2026-09-27 12:06:17.304915+00
7217270715;6015348964;true;0;2026-09-27 12:06:58.577215+00
8154374855;7704313003;true;0;2026-09-27 12:07:15.601366+00
7272418571;7044356980;true;0;2026-09-27 12:07:24.749583+00
1054822067;59587816;true;0;2026-09-27 12:07:31.401614+00
7134060771;7613542825;true;0;2026-09-27 12:07:54.387922+00
120931026;7905854010;true;0;2026-09-27 12:08:32.064655+00
6949386840;6475645296;true;0;2026-09-27 12:37:50.351905+00
1063860886;886866275;true;0;2026-09-27 12:38:43.463681+00
6385320279;8679476564;true;0;2026-09-27 12:40:32.127655+00
122174639;7150028516;true;0;2026-09-27 12:41:00.118405+00
5980581387;7411242147;true;0;2026-09-27 12:41:38.339701+00
5367322761;7982325371;true;0;2026-09-27 12:42:12.063909+00
7031794239;8070764575;true;0;2026-09-27 12:43:06.195121+00
7919479839;8070764575;true;0;2026-09-27 12:45:06.893254+00
8716039477;7470127604;true;0;2026-09-27 12:45:08.262777+00
7637042258;1487314449;true;0;2026-09-27 12:45:16.256167+00
8954036308;7957812446;true;0;2026-09-27 12:46:06.781241+00
8951172018;6635952181;true;0;2026-09-27 12:48:05.993985+00
8048737934;6955951067;true;0;2026-09-27 12:48:13.969188+00
8796047279;6025210487;true;0;2026-09-27 12:49:25.962931+00
7431807244;6512885308;true;0;2026-09-27 12:49:28.93603+00
8685768161;7097617708;true;0;2026-09-27 12:49:40.118552+00
5925644676;6618225075;true;0;2026-09-27 12:49:45.400422+00
7223752296;7467214219;true;0;2026-09-27 12:49:57.374927+00
8307620934;7637567582;true;0;2026-09-27 12:51:09.251579+00
6990601071;5459309218;true;0;2026-09-27 12:51:12.399176+00
8077039958;1390061339;true;0;2026-09-27 12:51:32.874425+00
6973851085;7279658358;true;0;2026-09-27 12:51:35.127663+00
6808568582;1611098505;true;0;2026-09-27 12:51:36.074407+00
1736427229;5486251799;true;0;2026-09-27 12:53:38.585222+00
7865821262;1390061339;true;0;2026-09-27 12:53:45.880955+00
5078786657;1956898640;true;0;2026-09-27 12:54:35.109624+00
6712605372;7637567582;true;0;2026-09-27 13:27:54.114779+00
8747285347;8447255924;true;0;2026-09-27 13:29:01.906829+00
8865238681;6352189299;true;0;2026-09-27 13:29:27.959563+00
8205610652;6340638549;true;0;2026-09-27 13:29:28.35638+00
7099163057;7052929719;true;0;2026-09-27 13:29:35.373916+00
5126326443;1923149727;true;0;2026-09-27 13:29:43.030266+00
7952988364;8121821371;true;0;2026-09-27 13:30:05.516997+00
8470731167;7422269738;true;0;2026-09-27 13:30:20.89773+00
6629384512;1814586555;true;0;2026-09-27 13:31:22.718909+00
8806048513;7681447524;true;0;2026-09-27 13:32:06.518848+00
8679103445;6662964886;true;0;2026-09-27 13:32:15.710664+00
5237107322;6546261693;true;0;2026-09-27 13:32:24.637912+00
6474427443;6340638549;true;0;2026-09-27 14:11:24.768116+00
8121811500;5459309218;true;0;2026-09-27 14:11:40.966926+00
7098077290;8239674592;true;0;2026-09-27 14:11:51.386571+00
8350484300;5364798832;true;0;2026-09-27 14:11:56.35288+00
8868441085;7429153272;true;0;2026-09-27 14:12:31.746016+00
8622604912;1855656384;true;0;2026-09-27 14:12:58.225624+00
8062521541;5175490699;true;0;2026-09-27 14:14:35.702303+00
7966875859;7708561744;true;0;2026-09-27 14:15:32.21992+00
7286965524;8715575721;true;0;2026-09-27 14:15:36.315915+00
8242842487;6875922951;true;0;2026-09-27 14:15:45.460921+00
8764475442;6918567829;true;0;2026-09-27 14:16:10.641644+00
8319850756;8783092908;true;0;2026-09-27 14:16:13.749279+00
6847275681;6993856640;true;0;2026-09-27 14:16:17.45909+00
8635431410;7633498535;true;0;2026-09-27 14:16:18.807291+00
1917549188;6123506819;true;0;2026-09-27 14:16:24.544945+00
7685260891;725866124;true;0;2026-09-27 14:16:55.001166+00
1757086089;7290788552;true;0;2026-09-27 14:17:30.999159+00
6782904180;6477559780;true;0;2026-09-27 14:17:51.354254+00
1742096165;8436438196;true;0;2026-09-27 14:18:33.548198+00
8684877282;8381740685;true;0;2026-09-27 14:48:37.65736+00
7973188839;7467214219;true;0;2026-09-27 15:18:46.374253+00
8132000398;1125479544;true;0;2026-09-27 15:24:12.04241+00
7132419057;7410465216;true;0;2026-09-27 15:24:38.31931+00
8974531142;7517984689;true;0;2026-09-27 15:28:21.274921+00
5503170259;7796117435;true;0;2026-09-27 15:28:23.145906+00
8779965099;8775428352;true;0;2026-09-27 15:28:23.896977+00
8906894650;130379431;true;0;2026-09-27 15:28:36.322854+00
8369227304;8985098303;true;0;2026-09-27 15:29:28.370983+00
7057276935;5987595217;true;0;2026-09-27 15:30:40.123157+00
8005727897;7246552735;true;0;2026-09-27 15:31:06.06973+00
8511736389;7032562932;true;0;2026-09-27 15:31:11.819569+00
8388978244;7744682439;true;0;2026-09-27 15:31:21.883601+00
6411237627;8380916723;true;0;2026-09-27 15:31:25.280955+00
6754385491;8670689965;true;0;2026-09-27 15:32:07.514209+00
8805044462;5570136859;true;0;2026-09-27 15:32:34.860446+00
7646737760;7991181517;true;0;2026-09-27 15:32:56.065177+00
8165060374;7744682439;true;0;2026-09-27 15:32:57.648267+00
8579072414;8522043902;true;0;2026-09-27 10:57:38.194914+00
7428189955;6499229978;true;0;2026-09-27 10:57:47.281265+00
8715575721;7681447524;true;0;2026-09-27 10:58:15.359032+00
6313697949;7510179367;true;0;2026-09-27 10:58:36.883721+00
8521456665;7637567582;true;0;2026-09-27 10:59:10.949061+00
1326570322;6133933014;true;0;2026-09-27 10:59:14.418981+00
1024954738;6717942732;true;0;2026-09-27 11:27:41.539185+00
8505877477;6035999261;true;0;2026-09-27 11:27:41.737788+00
7825446508;8188746037;true;0;2026-09-27 11:28:36.675294+00
1409245261;8432699815;true;0;2026-09-27 11:28:46.613571+00
8311847953;6917528005;true;0;2026-09-27 11:29:17.176014+00
6058417183;8305463159;true;0;2026-09-27 11:29:19.800957+00
6013688533;6971638079;true;0;2026-09-27 11:29:28.786029+00
8536672812;8967726776;true;0;2026-09-27 11:29:45.397256+00
8783336871;7360570017;true;0;2026-09-27 11:30:56.897228+00
7623142401;6497096208;true;0;2026-09-27 11:30:59.29962+00
8599607348;7541951203;true;0;2026-09-27 11:31:37.077168+00
8970575313;6893456535;true;0;2026-09-27 11:32:10.200232+00
5718214820;8198216655;true;0;2026-09-27 11:33:32.617778+00
8468925109;8427645117;true;0;2026-09-27 11:33:37.44992+00
8518342202;5863753382;true;0;2026-09-27 11:33:39.606639+00
8405555702;5863753382;true;0;2026-09-27 11:34:00.385732+00
6317116772;8967726776;true;0;2026-09-27 11:34:04.566939+00
7826651317;1193894441;true;0;2026-09-27 11:34:19.625382+00
8612681310;7541951203;true;0;2026-09-27 11:35:10.132974+00
8772911161;7541951203;true;0;2026-09-27 11:35:11.545989+00
1254022510;7052929719;true;0;2026-09-27 11:35:45.31033+00
8664100541;8967726776;true;0;2026-09-27 11:35:50.089792+00
7128248465;7454546340;true;0;2026-09-27 11:35:58.792334+00
6104058196;7454546340;true;0;2026-09-27 11:36:11.689569+00
6941654141;5863753382;true;0;2026-09-27 11:57:41.498974+00
6080863702;6368629004;true;0;2026-09-27 11:57:58.490162+00
1126861589;5054569805;true;0;2026-09-27 11:58:26.44263+00
8652860710;7150028516;true;0;2026-09-27 11:58:55.936978+00
6953661563;6715338606;true;0;2026-09-27 11:58:59.536967+00
896226421;6476711576;true;0;2026-09-27 11:59:05.877907+00
7166178524;8427645117;true;0;2026-09-27 11:59:06.095902+00
7155178761;5655181542;true;0;2026-09-27 11:59:37.478924+00
5932866905;6715338606;true;0;2026-09-27 11:59:44.455602+00
8961609475;6590709523;true;0;2026-09-27 12:00:09.39083+00
1605704296;7022346297;true;0;2026-09-27 12:00:36.181325+00
7748870323;1193894441;true;0;2026-09-27 12:00:49.433925+00
7053397001;5599422047;true;0;2026-09-27 12:00:55.62492+00
6097688569;5141127080;true;0;2026-09-27 12:01:47.076922+00
6458282549;59587816;true;0;2026-09-27 12:02:16.86458+00
7486444243;8188746037;true;0;2026-09-27 12:02:25.667695+00
1652617902;7875362990;true;0;2026-09-27 12:02:28.020428+00
8715196976;7560073659;true;0;2026-09-27 12:03:05.74492+00
6610457234;6974667274;true;0;2026-09-27 12:03:12.842519+00
6396174153;8811594840;true;0;2026-09-27 12:03:46.865908+00
7279230517;5709504255;true;0;2026-09-27 12:03:56.01825+00
6580918057;7226134525;true;0;2026-09-27 12:04:11.980997+00
525873822;8782326610;true;0;2026-09-27 12:04:39.012935+00
1718160338;6236089060;true;0;2026-09-27 12:05:07.159943+00
1409190994;5883256066;true;0;2026-09-27 12:05:11.40637+00
8543929496;8811594840;true;0;2026-09-27 12:05:43.388916+00
7268445971;666044731;true;0;2026-09-27 12:06:36.941285+00
5833447839;6015348964;true;0;2026-09-27 12:06:55.209737+00
2132898950;7290520808;true;0;2026-09-27 12:07:22.026918+00
8714633087;1090534863;true;0;2026-09-27 12:07:31.227094+00
8200640530;7240012520;true;0;2026-09-27 12:08:29.153997+00
6301654987;8380916723;true;0;2026-09-27 12:37:55.796706+00
357827349;7637567582;true;0;2026-09-27 12:37:57.364926+00
8188380498;8305463159;true;0;2026-09-27 12:38:56.844044+00
8860565749;7418456348;true;0;2026-09-27 12:39:04.791264+00
8881543582;8797409340;true;0;2026-09-27 12:39:30.458173+00
8301388578;1855656384;true;0;2026-09-27 12:39:31.152904+00
6152202308;6312362664;true;0;2026-09-27 12:39:42.951923+00
6360290255;7467214219;true;0;2026-09-27 12:39:48.157488+00
6668278763;7708561744;true;0;2026-09-27 12:39:56.508692+00
8972140695;5211801993;true;0;2026-09-27 12:39:57.194906+00
7965846160;6340638549;true;0;2026-09-27 12:41:11.636517+00
1841849338;1390061339;true;0;2026-09-27 12:41:16.895507+00
7549873110;1390061339;true;0;2026-09-27 12:41:19.94592+00
1406038816;5059162020;true;0;2026-09-27 12:42:12.827707+00
7057911396;7040084040;true;0;2026-09-27 12:44:08.350665+00
8557710961;7257439741;true;0;2026-09-27 12:44:14.36573+00
8767267324;8101613226;true;0;2026-09-27 12:44:21.382512+00
5333452898;8890869221;true;0;2026-09-27 12:44:31.371916+00
8742086065;1390061339;true;0;2026-09-27 12:44:39.689406+00
8241890865;7191905983;true;0;2026-09-27 12:44:56.306906+00
1764636355;1811309074;true;0;2026-09-27 12:45:02.541916+00
6434495241;6146797678;true;0;2026-09-27 12:45:05.566814+00
697199203;5833447839;true;0;2026-09-27 12:46:57.573907+00
8189066836;7467214219;true;0;2026-09-27 12:46:57.624106+00
1191978909;7393571678;true;0;2026-09-27 12:47:10.356905+00
7054862164;1817804159;true;0;2026-09-27 12:47:29.03494+00
6013943082;7640034252;true;0;2026-09-27 12:47:40.252774+00
8705196822;8555468702;true;0;2026-09-27 12:48:44.923832+00
8487638438;6312362664;true;0;2026-09-27 12:48:47.96599+00
8369622389;7826053884;true;0;2026-09-27 12:49:29.199545+00
8237961871;6618225075;true;0;2026-09-27 12:49:38.936374+00
8570644398;6515204020;true;0;2026-09-27 12:49:57.419544+00
5140926675;8745305525;true;0;2026-09-27 12:50:13.440922+00
5028895749;8811594840;true;0;2026-09-27 12:50:44.88922+00
1682301526;1028092977;true;0;2026-09-27 12:51:09.039745+00
8603894326;5459309218;true;0;2026-09-27 12:51:37.739571+00
6041899054;6494286367;true;0;2026-09-27 12:52:36.454843+00
5024778269;5059162020;true;0;2026-09-27 12:52:38.370013+00
8053708959;8380063256;true;0;2026-09-27 13:27:55.655162+00
572137690;7246552735;true;0;2026-09-27 13:28:51.939034+00
7810962050;5528794190;true;0;2026-09-27 13:29:14.271478+00
5047228711;7355887350;true;0;2026-09-27 13:29:23.069623+00
6787521122;7422269738;true;0;2026-09-27 13:30:13.186971+00
6752911906;8997295198;true;0;2026-09-27 13:30:36.842524+00
5274196034;1814586555;true;0;2026-09-27 13:30:51.65863+00
7046449718;1814586555;true;0;2026-09-27 13:30:52.301689+00
7925546495;7905950265;true;0;2026-09-27 13:32:11.413439+00
8865971065;1707453611;true;0;2026-09-27 13:32:58.456947+00
5198232993;1923149727;true;0;2026-09-27 13:33:08.73594+00
7758329206;6518289668;true;0;2026-09-27 13:33:26.989264+00
8408988072;6752911906;true;0;2026-09-27 13:33:34.180439+00
8445579650;7630515620;true;0;2026-09-27 14:11:24.986665+00
6708125980;8436438196;true;0;2026-09-27 14:11:39.909389+00
6367762579;7932425811;true;0;2026-09-27 14:11:52.066032+00
6254908921;7630515620;true;0;2026-09-27 14:12:06.384903+00
5030662915;1923149727;true;0;2026-09-27 14:12:54.805591+00
8044824422;5528794190;true;0;2026-09-27 14:15:29.782659+00
7082100230;5993705428;true;0;2026-09-27 14:15:33.555478+00
8372276882;8550020292;true;0;2026-09-27 14:15:34.259042+00
5558416024;8436438196;true;0;2026-09-27 14:15:36.364941+00
7476885287;8188746037;true;0;2026-09-27 14:15:44.422453+00
8794824220;7637567582;true;0;2026-09-27 14:16:09.119262+00
5922905023;7387726100;true;0;2026-09-27 14:18:09.345979+00
8727675057;7933223259;true;0;2026-09-27 14:48:39.736037+00
7803418763;1956898640;true;0;2026-09-27 14:48:45.060799+00
8457087635;7629709761;true;0;2026-09-27 14:48:49.294902+00
7742719807;7870379924;true;0;2026-09-27 14:49:06.015493+00
7931994096;8905139640;true;0;2026-09-27 14:49:06.819921+00
6979732636;8954036308;true;0;2026-09-27 14:50:03.212616+00
6559421855;7510179367;true;0;2026-09-27 14:50:53.137297+00
1043576021;5459309218;true;0;2026-09-27 14:54:16.953347+00
7669387992;6475645296;true;0;2026-09-27 14:56:18.050038+00
5482229599;7905950265;true;0;2026-09-27 14:57:04.440427+00
7224625302;6515204020;true;0;2026-09-27 14:57:05.697993+00
6154394434;7411242147;true;0;2026-09-27 14:57:06.93007+00
8428347588;1925786737;true;0;2026-09-27 10:57:38.71641+00
7242973571;7510179367;true;0;2026-09-27 10:57:49.331946+00
8356487329;7510179367;true;0;2026-09-27 10:58:05.546359+00
5758075810;7052929719;true;0;2026-09-27 10:58:24.864366+00
1837436916;7052929719;true;0;2026-09-27 10:59:10.527918+00
7276665381;7070614700;true;0;2026-09-27 10:59:12.565913+00
7240548977;1743469511;true;0;2026-09-27 11:27:41.778108+00
8823365118;7637567582;true;0;2026-09-27 11:27:55.824852+00
5994884541;6499229978;true;0;2026-09-27 11:29:04.211922+00
7429848482;1193894441;true;0;2026-09-27 11:29:19.334028+00
8601180561;7138182580;true;0;2026-09-27 11:30:11.439506+00
1812677167;6133933014;true;0;2026-09-27 11:30:52.497915+00
8771772447;7150028516;true;0;2026-09-27 11:31:12.396198+00
6088840291;5459309218;true;0;2026-09-27 11:31:35.780515+00
1068119624;7613542825;true;0;2026-09-27 11:34:20.456919+00
6627894183;6971638079;true;0;2026-09-27 11:34:20.727904+00
8673148391;7541951203;true;0;2026-09-27 11:35:12.18803+00
7569808529;8188746037;true;0;2026-09-27 11:35:33.195975+00
6885960451;1855656384;true;0;2026-09-27 12:08:35.885531+00
5059162020;1193894441;true;0;2026-09-27 12:09:37.712886+00
8784633752;5459309218;true;0;2026-09-27 12:10:32.178126+00
2141043034;7673104837;true;0;2026-09-27 12:11:56.669975+00
630714119;8556328355;true;0;2026-09-27 12:12:11.038518+00
6137565057;7387726100;true;0;2026-09-27 12:12:13.89376+00
8107063730;8365923252;true;0;2026-09-27 12:12:26.719166+00
6829522930;7387726100;true;0;2026-09-27 12:13:22.294087+00
6140554808;7240012520;true;0;2026-09-27 12:13:31.4831+00
8611688616;8720951576;true;0;2026-09-27 12:13:38.883924+00
8397904109;7814391509;true;0;2026-09-27 12:13:43.269463+00
8970869433;7052929719;true;0;2026-09-27 12:14:13.605007+00
8020715089;8811594840;true;0;2026-09-27 12:14:56.106466+00
7203068211;7040084040;true;0;2026-09-27 12:14:57.926353+00
1730973866;7299021506;true;0;2026-09-27 12:38:00.431638+00
7408415650;6312362664;true;0;2026-09-27 12:38:29.64181+00
206725836;7150028516;true;0;2026-09-27 12:38:53.627316+00
5231106799;7610880789;true;0;2026-09-27 12:39:45.352911+00
7994624435;8797409340;true;0;2026-09-27 12:39:47.473814+00
8574939567;5459309218;true;0;2026-09-27 12:40:57.025966+00
8229825936;7191905983;true;0;2026-09-27 12:42:17.797609+00
6145543686;1390061339;true;0;2026-09-27 12:42:26.835927+00
1318962875;2142924045;true;0;2026-09-27 12:44:33.648039+00
7322133201;5930588873;true;0;2026-09-27 12:44:35.565742+00
8668475674;5863753382;true;0;2026-09-27 12:44:37.997067+00
7146957848;7708561744;true;0;2026-09-27 12:44:38.500116+00
6802671226;7246552735;true;0;2026-09-27 12:44:56.278474+00
6033964263;6340638549;true;0;2026-09-27 13:28:02.984455+00
1824495105;7637567582;true;0;2026-09-27 13:28:24.561804+00
8779993528;6694722648;true;0;2026-09-27 13:28:26.067489+00
7315960946;7467214219;true;0;2026-09-27 13:28:53.556085+00
8839172038;7246552735;true;0;2026-09-27 13:29:07.252354+00
8547115924;5459309218;true;0;2026-09-27 13:29:07.690758+00
8584935377;7126566467;true;0;2026-09-27 13:29:31.617922+00
6680877094;6424915694;true;0;2026-09-27 13:29:54.485287+00
543752208;886866275;true;0;2026-09-27 13:29:57.619+00
7494358245;7126566467;true;0;2026-09-27 13:30:16.603923+00
8281743833;8891612825;true;0;2026-09-27 13:31:14.622923+00
8063912420;8427645117;true;0;2026-09-27 13:31:15.756071+00
7108674844;8427645117;true;0;2026-09-27 13:31:28.577971+00
6891612385;7467214219;true;0;2026-09-27 13:32:00.608989+00
6648524106;8330897803;true;0;2026-09-27 13:32:36.48141+00
6659228922;7467214219;true;0;2026-09-27 14:12:06.604099+00
7746429066;7498152934;true;0;2026-09-27 14:12:29.194178+00
7182893520;5459309218;true;0;2026-09-27 14:15:31.576227+00
8824141351;8579042386;true;0;2026-09-27 14:15:32.853937+00
7220803440;7056166728;true;0;2026-09-27 14:15:34.86989+00
6429294221;7177076357;true;0;2026-09-27 14:15:49.35794+00
6869548712;5459309218;true;0;2026-09-27 14:16:08.425533+00
8889843798;8326950276;true;0;2026-09-27 14:16:10.743001+00
8758258033;8565498724;true;0;2026-09-27 14:16:23.410755+00
7018586905;6312362664;true;0;2026-09-27 14:16:25.359009+00
6919398480;6367762579;true;0;2026-09-27 14:17:27.479352+00
6136212188;886866275;true;0;2026-09-27 14:18:08.13597+00
5399995299;7630515620;true;0;2026-09-27 14:18:27.998944+00
5522586264;8695445097;true;0;2026-09-27 14:18:30.338616+00
1357114646;7040084040;true;0;2026-09-27 14:48:39.868603+00
5052398773;7199091991;true;0;2026-09-27 14:48:45.578216+00
6519838981;1814586555;true;0;2026-09-27 14:48:51.795108+00
1347738018;886866275;true;0;2026-09-27 14:48:51.99992+00
8846044672;886866275;true;0;2026-09-27 14:49:43.889322+00
6826339753;6317252244;true;0;2026-09-27 14:50:18.227335+00
8628131769;8667955518;true;0;2026-09-27 14:51:14.822541+00
8283760350;5658428280;true;0;2026-09-27 14:51:18.537563+00
1378643901;6884462447;true;0;2026-09-27 14:51:22.908889+00
8748311075;8381740685;true;0;2026-09-27 14:52:00.199056+00
5832927068;226425775;true;0;2026-09-27 14:56:13.820973+00
8908876903;886866275;true;0;2026-09-27 14:56:42.657167+00
8667938531;6506658990;true;0;2026-09-27 14:56:42.793623+00
6726770913;6557934579;true;0;2026-09-27 14:56:59.138995+00
6972246635;5459309218;true;0;2026-09-27 14:56:59.163166+00
5481926648;6076797735;true;0;2026-09-27 14:57:05.18659+00
7882230595;5930588873;true;0;2026-09-27 14:58:08.705993+00
865394698;8954036308;true;0;2026-09-27 14:59:22.011538+00
5658583401;5987595217;true;0;2026-09-27 14:59:23.887286+00
1284862847;5133734491;true;0;2026-09-27 15:01:17.848615+00
7737960763;5987595217;true;0;2026-09-27 15:01:44.629071+00
7814916908;8100296567;true;0;2026-09-27 15:01:47.975948+00
5269762185;6856461858;true;0;2026-09-27 15:01:53.562247+00
1283378538;8954036308;true;0;2026-09-27 15:02:39.706635+00
7516778931;7286467942;true;0;2026-09-27 15:03:06.881768+00
1766459421;6340638549;true;0;2026-09-27 15:03:30.66365+00
6985244105;8496689125;true;0;2026-09-27 15:04:31.726952+00
286145291;1956898640;true;0;2026-09-27 15:04:45.134347+00
8896133242;7933223259;true;0;2026-09-27 15:08:36.065494+00
7002851171;7563720163;true;0;2026-09-27 15:09:31.267944+00
7400305217;226425775;true;0;2026-09-27 15:09:53.707899+00
1020492563;8958989032;true;0;2026-09-27 15:10:37.892712+00
6686563145;5459309218;true;0;2026-09-27 15:10:49.850007+00
8392148914;6317252244;true;0;2026-09-27 15:11:16.438325+00
7751025904;7240012520;true;0;2026-09-27 15:11:25.854969+00
8808461323;6618225075;true;0;2026-09-27 15:11:29.627309+00
1220675096;7744682439;true;0;2026-09-27 15:11:40.363333+00
8805079556;8242037670;true;0;2026-09-27 15:12:19.382734+00
7494919750;7432706357;true;0;2026-09-27 15:12:53.219018+00
5010810782;7214193796;true;0;2026-09-27 15:13:03.106849+00
7238897251;8782326610;true;0;2026-09-27 15:13:09.588925+00
8641971092;8775881043;true;0;2026-09-27 15:14:17.088377+00
6889706542;7822604875;true;0;2026-09-27 15:14:17.613739+00
8323390774;8808461323;true;0;2026-09-27 15:15:39.122076+00
5870836595;1170564122;true;0;2026-09-27 15:16:01.744121+00
343499858;7744682439;true;0;2026-09-27 15:16:38.448446+00
5700548766;7822604875;true;0;2026-09-27 15:16:42.238099+00
6157517795;8680831775;true;0;2026-09-27 15:17:12.02761+00
7601588408;6926410286;true;0;2026-09-27 15:18:48.946106+00
920603918;8954036308;true;0;2026-09-27 15:18:53.203909+00
8419921946;6404869037;true;0;2026-09-27 15:19:27.389336+00
6154964567;7724841059;true;0;2026-09-27 15:20:32.790804+00
8718756278;7740513881;true;0;2026-09-27 15:21:32.846019+00
8534266926;7744682439;true;0;2026-09-27 15:22:11.132283+00
8268694780;7482479437;true;0;2026-09-27 15:22:23.344576+00
7101855500;6488797809;true;0;2026-09-27 15:22:58.457054+00
7245051891;7676595679;true;0;2026-09-27 15:23:30.181128+00
1421628675;5141127080;true;0;2026-09-27 15:24:26.260235+00
7994081760;6769110358;true;0;2026-09-27 15:26:25.581233+00
6775303610;226425775;true;0;2026-09-27 15:26:29.000036+00
263761089;8811594840;true;0;2026-09-27 15:26:35.2623+00
5982572920;8905139640;true;0;2026-09-27 15:26:45.895907+00
6344156463;8752914533;true;0;2026-09-27 10:57:39.709572+00
6770169127;7510179367;true;0;2026-09-27 10:57:48.313217+00
7022554732;7510179367;true;0;2026-09-27 10:58:06.413161+00
8885263166;7411242147;true;0;2026-09-27 10:58:14.837373+00
1605260429;6133933014;true;0;2026-09-27 10:58:28.598288+00
8676846722;6475645296;true;0;2026-09-27 10:58:36.270922+00
8980372318;7240012520;true;0;2026-09-27 10:58:53.216432+00
7185090316;7510179367;true;0;2026-09-27 10:58:56.26615+00
6236269143;1855656384;true;0;2026-09-27 10:59:10.833105+00
6319174874;7240012520;true;0;2026-09-27 10:59:30.865923+00
6253544748;6475645296;true;0;2026-09-27 11:27:43.965572+00
8870549912;8811594840;true;0;2026-09-27 11:27:57.011915+00
8718320457;8198216655;true;0;2026-09-27 11:28:05.059671+00
1268910643;5599422047;true;0;2026-09-27 11:29:37.312478+00
8395295353;7070614700;true;0;2026-09-27 11:29:43.216004+00
7523678743;5459309218;true;0;2026-09-27 11:29:55.336983+00
8928502350;8811594840;true;0;2026-09-27 11:33:34.546933+00
8080225345;8200445775;true;0;2026-09-27 11:33:59.606099+00
6879594474;7708561744;true;0;2026-09-27 11:34:30.911659+00
7693930755;5863753382;true;0;2026-09-27 11:34:45.078906+00
7722777820;1791228498;true;0;2026-09-27 11:34:45.84091+00
8929699180;5459309218;true;0;2026-09-27 11:35:00.078348+00
6542854406;8647674253;true;0;2026-09-27 11:35:02.65092+00
6368629004;7592257199;true;0;2026-09-27 11:35:23.186315+00
8469817690;7541951203;true;0;2026-09-27 11:35:26.997971+00
8873858304;8427645117;true;0;2026-09-27 11:35:33.384993+00
8987972694;8232768035;true;0;2026-09-27 11:35:40.350988+00
6177030021;7240012520;true;0;2026-09-27 11:36:27.164015+00
117246935;59587816;true;0;2026-09-27 12:08:45.421808+00
6069905105;7150028516;true;0;2026-09-27 12:08:47.788494+00
1924873546;7932425811;true;0;2026-09-27 12:09:19.259081+00
8450959831;1925786737;true;0;2026-09-27 12:09:41.205404+00
1023206200;6015348964;true;0;2026-09-27 12:09:43.109659+00
6111299807;7150028516;true;0;2026-09-27 12:10:02.02389+00
8914130108;6146797678;true;0;2026-09-27 12:10:11.062651+00
1219930297;7290520808;true;0;2026-09-27 12:12:26.364945+00
8484185869;8067169428;true;0;2026-09-27 12:12:48.19955+00
8684784852;8967726776;true;0;2026-09-27 12:13:02.958913+00
5177787120;7040084040;true;0;2026-09-27 12:13:22.265901+00
5422706763;8811594840;true;0;2026-09-27 12:14:29.444934+00
858915968;8239674592;true;0;2026-09-27 12:15:09.145238+00
1099809461;7052929719;true;0;2026-09-27 12:15:59.842615+00
1736872830;7789411693;true;0;2026-09-27 12:16:22.559911+00
8676436853;5459309218;true;0;2026-09-27 12:16:41.225373+00
8055027557;7418456348;true;0;2026-09-27 12:16:44.681175+00
8332134591;1855656384;true;0;2026-09-27 12:16:58.539154+00
5466572721;8188746037;true;0;2026-09-27 12:18:43.244896+00
7664635260;8898432892;true;0;2026-09-27 12:19:09.721845+00
6934334758;5863753382;true;0;2026-09-27 12:20:26.546921+00
8172880871;7467214219;true;0;2026-09-27 12:20:39.59447+00
7664117950;8959271787;true;0;2026-09-27 12:20:41.135309+00
6779735909;7637567582;true;0;2026-09-27 12:20:53.157161+00
7183132623;1855656384;true;0;2026-09-27 12:20:53.449098+00
6922931630;7467214219;true;0;2026-09-27 12:20:56.390901+00
8890233480;7637567582;true;0;2026-09-27 12:21:31.286423+00
7257439741;7040084040;true;0;2026-09-27 12:38:04.893919+00
8618947865;8380916723;true;0;2026-09-27 12:38:06.554998+00
6913669679;7240012520;true;0;2026-09-27 12:38:59.86841+00
6397477401;7411242147;true;0;2026-09-27 12:39:24.530148+00
8614367628;6053921525;true;0;2026-09-27 12:39:24.89703+00
95060239;59587816;true;0;2026-09-27 12:40:02.865904+00
6312676710;7191905983;true;0;2026-09-27 12:40:04.98668+00
7278603222;6535148422;true;0;2026-09-27 12:40:26.696721+00
1901505210;7422849444;true;0;2026-09-27 12:41:35.50956+00
8317131898;7467214219;true;0;2026-09-27 12:41:37.273366+00
8200376331;8070764575;true;0;2026-09-27 12:42:22.652921+00
8128209225;5863753382;true;0;2026-09-27 12:42:25.68254+00
7911988844;6829902899;true;0;2026-09-27 12:43:08.169707+00
7051449790;5211801993;true;0;2026-09-27 12:45:22.59292+00
8823393974;6340638549;true;0;2026-09-27 12:45:31.981855+00
8526889268;8380916723;true;0;2026-09-27 12:46:43.193297+00
6744960193;6760630470;true;0;2026-09-27 12:47:19.193945+00
7547595080;5839623511;true;0;2026-09-27 12:48:07.211674+00
8804773816;7044356980;true;0;2026-09-27 12:48:52.953976+00
8633227930;7141294331;true;0;2026-09-27 12:48:56.419609+00
5438740874;7052929719;true;0;2026-09-27 12:49:19.613702+00
2146608585;6123506819;true;0;2026-09-27 12:49:52.657139+00
2126867778;1923149727;true;0;2026-09-27 12:49:55.117994+00
6685529657;8176183796;true;0;2026-09-27 12:50:19.598245+00
7621988812;7040084040;true;0;2026-09-27 12:50:22.020038+00
2111141631;1923149727;true;0;2026-09-27 12:50:52.158678+00
7578689134;7637567582;true;0;2026-09-27 12:51:32.904778+00
5237470323;1923149727;true;0;2026-09-27 12:54:12.607142+00
6168034876;7387726100;true;0;2026-09-27 12:54:33.302923+00
6572645226;5459309218;true;0;2026-09-27 13:28:34.919927+00
8351037034;1995471988;true;0;2026-09-27 13:28:41.91266+00
5380001469;7118706481;true;0;2026-09-27 13:28:55.939902+00
5010728588;886866275;true;0;2026-09-27 13:29:10.428957+00
8300301993;7793139330;true;0;2026-09-27 13:29:42.93963+00
8297149457;6694722648;true;0;2026-09-27 13:30:10.913286+00
7987282658;7176524194;true;0;2026-09-27 13:32:05.502571+00
5166119593;1923149727;true;0;2026-09-27 13:32:39.66198+00
6954830799;7905950265;true;0;2026-09-27 13:32:40.268563+00
6714945168;7637567582;true;0;2026-09-27 13:32:48.733055+00
2119734452;1923149727;true;0;2026-09-27 14:12:23.444985+00
8508618109;5988245172;true;0;2026-09-27 14:15:31.636689+00
1351032456;7299021506;true;0;2026-09-27 14:15:32.658667+00
6531725493;8326950276;true;0;2026-09-27 14:15:55.881011+00
7873475401;1919092833;true;0;2026-09-27 14:16:24.141452+00
8120732130;6635952181;true;0;2026-09-27 14:16:36.059685+00
6537289670;181925432;true;0;2026-09-27 14:17:04.308565+00
5012148377;1923149727;true;0;2026-09-27 14:17:06.864917+00
5375372870;6475645296;true;0;2026-09-27 14:17:19.489968+00
8809034647;8905139640;true;0;2026-09-27 14:17:37.842917+00
8718289238;6329126688;true;0;2026-09-27 14:17:49.656891+00
8868481027;8141847750;true;0;2026-09-27 14:17:53.490472+00
8688081667;6867216476;true;0;2026-09-27 14:18:20.903186+00
7353022892;6445238971;true;0;2026-09-27 14:18:27.777083+00
6538649421;7290788552;true;0;2026-09-27 14:18:32.658235+00
6080479355;8095881900;true;0;2026-09-27 14:18:33.569154+00
7976200410;8188380498;true;0;2026-09-27 14:48:40.411168+00
7870819988;7822604875;true;0;2026-09-27 14:48:47.974113+00
1762751342;7681447524;true;0;2026-09-27 14:48:49.338835+00
6871705910;886866275;true;0;2026-09-27 14:48:50.900814+00
1304475849;7144601808;true;0;2026-09-27 14:48:52.060437+00
7434992878;8954036308;true;0;2026-09-27 14:49:04.839638+00
6814810275;6993856640;true;0;2026-09-27 14:49:22.676591+00
6324384172;7822604875;true;0;2026-09-27 14:49:28.120328+00
1458318728;8381740685;true;0;2026-09-27 14:49:57.017144+00
8531310972;6324384172;true;0;2026-09-27 14:51:39.90004+00
5940953767;8123704101;true;0;2026-09-27 14:56:56.061922+00
8634621804;6499229978;true;0;2026-09-27 14:56:56.139895+00
8819771022;886866275;true;0;2026-09-27 14:56:59.110802+00
7525425066;8305463159;true;0;2026-09-27 14:57:15.712108+00
1783355179;886866275;true;0;2026-09-27 14:58:12.671579+00
7440434528;7387726100;true;0;2026-09-27 14:59:00.334234+00
7639899110;5930588873;true;0;2026-09-27 14:59:19.215975+00
8836985546;1521024765;true;0;2026-09-27 14:59:29.791158+00
7578934905;1724242845;true;0;2026-09-27 14:59:39.587851+00
8228565359;7469891129;true;0;2026-09-27 14:59:49.276218+00
8626325392;8155934989;true;0;2026-09-27 15:00:17.17177+00
6801399671;8905139640;true;0;2026-09-27 15:00:17.452922+00
7042216865;87285501;true;0;2026-09-27 15:00:45.71584+00
8531497578;6214797784;true;0;2026-09-27 15:01:09.119931+00
5818322339;6856461858;true;0;2026-09-27 15:01:10.337199+00
5380975413;7986457162;true;0;2026-09-27 15:01:23.415989+00
1170564122;7510179367;true;0;2026-09-27 10:57:41.336904+00
6465557627;7510179367;true;0;2026-09-27 10:57:50.183714+00
7112182618;8720739001;true;0;2026-09-27 10:57:56.447983+00
6624440160;1855656384;true;0;2026-09-27 10:58:27.192921+00
963078335;6475645296;true;0;2026-09-27 10:58:37.548109+00
25409335;7875362990;true;0;2026-09-27 10:58:55.799432+00
8894418683;7347281730;true;0;2026-09-27 10:59:07.24891+00
6383331711;6855476828;true;0;2026-09-27 10:59:10.903987+00
138990086;8163049627;true;0;2026-09-27 10:59:11.668278+00
7331769283;7052929719;true;0;2026-09-27 10:59:12.939939+00
8802928358;5863753382;true;0;2026-09-27 11:27:47.196402+00
6286307172;7875362990;true;0;2026-09-27 11:28:56.497922+00
6873622288;8647674253;true;0;2026-09-27 11:29:56.172977+00
6371810631;8967726776;true;0;2026-09-27 11:30:34.512139+00
8484048071;6618225075;true;0;2026-09-27 11:30:52.472483+00
5136878260;6475645296;true;0;2026-09-27 11:31:19.812951+00
7575574745;8427645117;true;0;2026-09-27 11:31:20.223948+00
8900468851;7541951203;true;0;2026-09-27 11:31:45.976905+00
6092148177;6971638079;true;0;2026-09-27 11:31:54.476804+00
7916016439;989154067;true;0;2026-09-27 11:33:42.354774+00
7286239504;8924298568;true;0;2026-09-27 11:33:44.926265+00
8165494205;255837383;true;0;2026-09-27 11:33:45.485898+00
6994779699;7070614700;true;0;2026-09-27 11:34:24.899946+00
6379161559;6976614823;true;0;2026-09-27 11:34:40.174911+00
1289305211;7052929719;true;0;2026-09-27 11:34:57.217977+00
8615733083;7541951203;true;0;2026-09-27 11:35:06.232366+00
6353364625;5599422047;true;0;2026-09-27 11:35:15.744199+00
7254879832;7613542825;true;0;2026-09-27 11:36:25.867128+00
7626487715;7454546340;true;0;2026-09-27 11:36:26.418435+00
7600023654;7360233425;true;0;2026-09-27 11:36:26.560713+00
8935985089;8556328355;true;0;2026-09-27 12:08:45.835682+00
7040084040;6015348964;true;0;2026-09-27 12:09:54.06652+00
1605532044;7070614700;true;0;2026-09-27 12:09:54.829631+00
6472262733;1090534863;true;0;2026-09-27 12:10:27.746611+00
5654077042;6015348964;true;0;2026-09-27 12:12:01.550927+00
5025088544;7387726100;true;0;2026-09-27 12:12:27.128003+00
8477003681;5599422047;true;0;2026-09-27 12:12:35.735047+00
8831310169;5421899995;true;0;2026-09-27 12:12:40.490613+00
8805108879;5863753382;true;0;2026-09-27 12:12:43.067899+00
7968301223;7387726100;true;0;2026-09-27 12:13:45.996203+00
5058863185;8399521482;true;0;2026-09-27 12:14:13.460424+00
6019327404;8745305525;true;0;2026-09-27 12:14:41.927926+00
7914988344;1855656384;true;0;2026-09-27 12:15:51.446922+00
7926900011;8356487329;true;0;2026-09-27 12:16:48.712225+00
1838457883;8596120398;true;0;2026-09-27 12:17:01.715902+00
5408393492;8927364654;true;0;2026-09-27 12:17:10.711935+00
8092064658;8188746037;true;0;2026-09-27 12:17:49.53532+00
6947030170;5774901672;true;0;2026-09-27 12:18:06.117287+00
8559181529;7422269738;true;0;2026-09-27 12:18:07.846985+00
7764542051;5647628977;true;0;2026-09-27 12:19:00.710539+00
7469016569;6312362664;true;0;2026-09-27 12:19:05.107079+00
7323771938;7040084040;true;0;2026-09-27 12:19:22.489651+00
6235427919;7467214219;true;0;2026-09-27 12:19:55.844991+00
8158799688;7637567582;true;0;2026-09-27 12:38:26.892842+00
5815022758;8811594840;true;0;2026-09-27 12:38:33.136919+00
7404100752;8489223953;true;0;2026-09-27 12:39:34.119565+00
8328716865;6146797678;true;0;2026-09-27 12:41:25.499921+00
8714019576;7150028516;true;0;2026-09-27 12:41:39.562249+00
8857321367;8070764575;true;0;2026-09-27 12:41:55.060008+00
8293717409;8070764575;true;0;2026-09-27 12:42:16.032821+00
7478951986;5667992930;true;0;2026-09-27 12:42:31.679206+00
6481554948;6312362664;true;0;2026-09-27 12:43:02.09874+00
1559124041;7040084040;true;0;2026-09-27 12:44:14.424707+00
7408636259;6387489441;true;0;2026-09-27 12:44:31.619816+00
8555468702;6618225075;true;0;2026-09-27 12:44:44.547313+00
7271000756;7531839802;true;0;2026-09-27 12:45:00.748369+00
6928746132;6317252244;true;0;2026-09-27 12:45:01.665927+00
6433052259;8883046190;true;0;2026-09-27 13:33:37.577562+00
5278640430;7637567582;true;0;2026-09-27 13:33:39.653111+00
6980763977;5709504255;true;0;2026-09-27 13:34:33.930192+00
7605204444;7681447524;true;0;2026-09-27 13:35:20.23403+00
5266183295;8399521482;true;0;2026-09-27 13:35:36.809435+00
1008378117;1028092977;true;0;2026-09-27 13:35:49.068994+00
8701175231;226425775;true;0;2026-09-27 13:36:29.718591+00
8973693405;8647674253;true;0;2026-09-27 13:36:41.589983+00
5475761776;6331491364;true;0;2026-09-27 13:37:03.23571+00
7339164459;6475645296;true;0;2026-09-27 13:37:48.508908+00
6723552963;1814586555;true;0;2026-09-27 13:38:13.268387+00
636465788;7040084040;true;0;2026-09-27 13:38:14.876112+00
8643879047;8424000801;true;0;2026-09-27 13:39:40.066377+00
7550643890;7164188765;true;0;2026-09-27 13:39:42.127187+00
6475811931;7637567582;true;0;2026-09-27 13:39:42.848178+00
5170345318;1923149727;true;0;2026-09-27 13:40:03.995539+00
8901073966;226425775;true;0;2026-09-27 13:40:20.147893+00
5918688004;6694722648;true;0;2026-09-27 13:41:09.079224+00
8886945171;8061417139;true;0;2026-09-27 13:41:16.067877+00
8948956815;7035248545;true;0;2026-09-27 13:41:47.364906+00
8722636187;8026237942;true;0;2026-09-27 13:41:52.776448+00
8689969660;7905950265;true;0;2026-09-27 13:42:03.988534+00
8974785125;8451882766;true;0;2026-09-27 13:42:18.806917+00
7058473661;7651145168;true;0;2026-09-27 13:43:06.1485+00
5139406718;1923149727;true;0;2026-09-27 13:43:28.031789+00
8088784483;5528794190;true;0;2026-09-27 13:43:51.670287+00
8474695862;1814586555;true;0;2026-09-27 13:44:05.919922+00
8352599396;1814586555;true;0;2026-09-27 13:44:51.060527+00
8686867680;8643879047;true;0;2026-09-27 13:45:03.103447+00
1057535462;5682848378;true;0;2026-09-27 13:45:20.735583+00
8542159563;5459309218;true;0;2026-09-27 13:45:29.64463+00
6284719356;7191905983;true;0;2026-09-27 13:45:45.163731+00
6084468142;7536735506;true;0;2026-09-27 13:45:47.806643+00
6696207128;5466572721;true;0;2026-09-27 13:46:05.280923+00
8185881846;7933223259;true;0;2026-09-27 13:46:21.796907+00
6803790992;5988245172;true;0;2026-09-27 13:46:27.959614+00
7429988937;7651145168;true;0;2026-09-27 13:46:30.056991+00
5038064662;1923149727;true;0;2026-09-27 13:46:40.073651+00
8819555814;6714945168;true;0;2026-09-27 13:46:43.787451+00
8762311666;6546261693;true;0;2026-09-27 13:46:50.013744+00
7001487508;7467214219;true;0;2026-09-27 13:47:06.613394+00
2118181315;1923149727;true;0;2026-09-27 13:47:10.899767+00
8970199107;7206619137;true;0;2026-09-27 13:47:15.427922+00
5380823535;7708561744;true;0;2026-09-27 13:47:21.07675+00
158516443;5040904740;true;0;2026-09-27 13:48:52.09293+00
6339126196;1825179365;true;0;2026-09-27 13:49:03.611913+00
7015046041;7246552735;true;0;2026-09-27 13:49:13.194953+00
6275213213;8505916897;true;0;2026-09-27 13:49:18.292455+00
7005343064;886866275;true;0;2026-09-27 13:49:50.777903+00
253548605;8954036308;true;0;2026-09-27 13:50:50.045558+00
2059446147;1923149727;true;0;2026-09-27 13:51:00.238922+00
6256155188;7933223259;true;0;2026-09-27 13:51:04.193562+00
8931785367;7875362990;true;0;2026-09-27 13:51:22.257141+00
6401591617;5863753382;true;0;2026-09-27 13:52:18.177409+00
1128376171;7860110882;true;0;2026-09-27 13:53:22.235098+00
6361279805;1193894441;true;0;2026-09-27 13:53:41.220777+00
7002636360;1855656384;true;0;2026-09-27 13:54:16.714071+00
7635127738;1028092977;true;0;2026-09-27 13:54:27.132948+00
8185050069;8954036308;true;0;2026-09-27 13:55:05.872914+00
5971058446;5060385283;true;0;2026-09-27 13:55:17.728956+00
6284547385;1814586555;true;0;2026-09-27 14:12:34.649468+00
1812393051;6829902899;true;0;2026-09-27 14:12:56.956138+00
7975142882;7637567582;true;0;2026-09-27 14:12:58.289796+00
7306005607;7228902382;true;0;2026-09-27 14:14:35.690185+00
6243460641;7708561744;true;0;2026-09-27 14:15:31.575566+00
6401121438;8208433486;true;0;2026-09-27 14:17:06.776052+00
7412557648;8351020688;true;0;2026-09-27 14:17:09.807169+00
6518161839;6579786009;true;0;2026-09-27 14:17:10.939519+00
8232267335;1163433276;true;0;2026-09-27 14:17:13.376182+00
8842392354;1855656384;true;0;2026-09-27 10:57:53.804722+00
8698651351;8999680099;true;0;2026-09-27 10:57:56.84057+00
5782576918;7510179367;true;0;2026-09-27 10:58:35.741712+00
7644619222;1855656384;true;0;2026-09-27 10:58:39.709594+00
1159576808;7150028516;true;0;2026-09-27 10:59:12.710648+00
6758929651;5599422047;true;0;2026-09-27 11:27:54.814037+00
6696974111;8101613226;true;0;2026-09-27 11:27:57.131632+00
8064173071;6035999261;true;0;2026-09-27 11:28:18.295961+00
6956844648;5863753382;true;0;2026-09-27 11:30:02.932709+00
8273793275;8727374238;true;0;2026-09-27 11:30:40.00089+00
6245154146;7613542825;true;0;2026-09-27 11:30:54.216604+00
8504916103;8058567482;true;0;2026-09-27 11:31:07.277904+00
8926481240;5863753382;true;0;2026-09-27 11:31:24.270319+00
8759759519;7541951203;true;0;2026-09-27 11:31:41.414219+00
8871261659;7541951203;true;0;2026-09-27 11:31:46.821685+00
7411885881;5459309218;true;0;2026-09-27 11:33:38.651361+00
7284453789;8200445775;true;0;2026-09-27 11:33:43.605159+00
8315067735;1743469511;true;0;2026-09-27 11:33:55.246981+00
8459270773;8647674253;true;0;2026-09-27 11:34:06.988927+00
6231576287;1743469511;true;0;2026-09-27 11:34:38.189718+00
8498248569;8597460533;true;0;2026-09-27 11:35:23.603908+00
5028959662;8356487329;true;0;2026-09-27 11:35:38.810274+00
7691388136;7138182580;true;0;2026-09-27 11:35:46.671981+00
8800298914;8484048071;true;0;2026-09-27 11:36:27.925922+00
1898667018;8740386488;true;0;2026-09-27 12:08:49.104245+00
7679215049;7600023654;true;0;2026-09-27 12:09:02.929565+00
8904519944;8945594640;true;0;2026-09-27 12:09:35.8124+00
7864099475;7125170672;true;0;2026-09-27 12:10:17.469236+00
7418456348;7112182618;true;0;2026-09-27 12:11:59.21209+00
8360437871;7980279356;true;0;2026-09-27 12:12:15.034962+00
7875273481;8239674592;true;0;2026-09-27 12:12:16.909894+00
7543378591;5211801993;true;0;2026-09-27 12:12:36.639157+00
8709688201;7360233425;true;0;2026-09-27 12:12:55.929808+00
7931085734;7637567582;true;0;2026-09-27 12:13:09.248224+00
8136762024;8415047276;true;0;2026-09-27 12:13:20.03413+00
7688685581;59587816;true;0;2026-09-27 12:14:05.146619+00
8690710683;7284453789;true;0;2026-09-27 12:14:08.810551+00
1329924771;1090534863;true;0;2026-09-27 12:14:10.812349+00
7662542511;166381712;true;0;2026-09-27 12:14:38.406337+00
445579344;8163049627;true;0;2026-09-27 12:15:50.762742+00
7193464316;7246552735;true;0;2026-09-27 12:16:16.748949+00
6983564801;6015348964;true;0;2026-09-27 12:16:20.547049+00
7467214219;7387726100;true;0;2026-09-27 12:16:29.624487+00
6141308782;5863753382;true;0;2026-09-27 12:17:47.1907+00
7350200155;1028092977;true;0;2026-09-27 12:17:53.222016+00
7954052926;7240012520;true;0;2026-09-27 12:18:00.473456+00
34566199;8811594840;true;0;2026-09-27 12:18:34.032852+00
8544484535;8214174814;true;0;2026-09-27 12:18:43.833539+00
1679143775;6312362664;true;0;2026-09-27 12:19:44.987505+00
8946213382;8427645117;true;0;2026-09-27 12:19:51.300304+00
1646593916;7467214219;true;0;2026-09-27 12:20:36.599425+00
6519526133;8970869433;true;0;2026-09-27 12:20:46.116246+00
5959029985;5459309218;true;0;2026-09-27 12:20:49.887966+00
1432693258;1090534863;true;0;2026-09-27 12:20:58.547733+00
7451063549;5203375111;true;0;2026-09-27 12:39:19.826905+00
2002109807;2031250473;true;0;2026-09-27 12:39:27.375616+00
8440538190;7467214219;true;0;2026-09-27 12:40:11.144569+00
7858806945;7040084040;true;0;2026-09-27 12:40:36.448709+00
8721850522;8067169428;true;0;2026-09-27 12:41:56.025934+00
2083450802;8619041461;true;0;2026-09-27 12:42:45.850631+00
1583473347;7299021506;true;0;2026-09-27 12:43:36.746605+00
5626833583;6312362664;true;0;2026-09-27 12:44:17.476966+00
8818106114;7150028516;true;0;2026-09-27 12:44:18.306982+00
6459316582;7299021506;true;0;2026-09-27 12:44:45.177645+00
8491777186;1736872830;true;0;2026-09-27 12:45:02.204457+00
1569229002;2142924045;true;0;2026-09-27 13:33:39.906312+00
6471384356;8047777881;true;0;2026-09-27 13:35:14.307257+00
5154819883;1923149727;true;0;2026-09-27 13:35:19.097138+00
5472814825;1080483281;true;0;2026-09-27 13:35:36.709278+00
8953119205;6634553073;true;0;2026-09-27 13:35:37.923736+00
8903519638;5459309218;true;0;2026-09-27 13:36:21.404236+00
8875168391;7826053884;true;0;2026-09-27 13:36:37.678959+00
5570133475;7040084040;true;0;2026-09-27 13:37:55.121087+00
894633949;7040084040;true;0;2026-09-27 13:38:09.001563+00
5233557896;1923149727;true;0;2026-09-27 13:38:17.905797+00
919039873;8954036308;true;0;2026-09-27 13:38:20.523926+00
7084270956;8653479591;true;0;2026-09-27 13:38:23.433722+00
8607857019;7637567582;true;0;2026-09-27 13:39:28.518845+00
8950932128;1814586555;true;0;2026-09-27 13:39:47.325543+00
7979058239;1406038816;true;0;2026-09-27 13:40:26.884924+00
639226730;8954036308;true;0;2026-09-27 13:40:47.130039+00
1304884735;8954036308;true;0;2026-09-27 13:40:49.902293+00
1183344132;5988245172;true;0;2026-09-27 13:40:59.268924+00
7883713193;1995652316;true;0;2026-09-27 13:41:17.191626+00
7176037429;8227777950;true;0;2026-09-27 13:42:03.708895+00
7992852660;7044356980;true;0;2026-09-27 13:42:07.888502+00
7878761644;6261740994;true;0;2026-09-27 13:42:09.506905+00
6133084356;6769110358;true;0;2026-09-27 13:42:26.529554+00
8412654305;5599422047;true;0;2026-09-27 13:42:32.228247+00
5398707248;1028092977;true;0;2026-09-27 13:43:04.482013+00
5365620861;226425775;true;0;2026-09-27 13:43:15.27041+00
6373456282;7933223259;true;0;2026-09-27 13:43:33.060214+00
1781251615;7302305661;true;0;2026-09-27 13:43:44.580724+00
5895603206;6030424528;true;0;2026-09-27 13:44:18.363065+00
7176341857;6579786009;true;0;2026-09-27 13:44:53.049568+00
7279062188;7141294331;true;0;2026-09-27 13:45:05.959002+00
5262596870;5930588873;true;0;2026-09-27 13:45:20.747091+00
6182838139;7451063549;true;0;2026-09-27 13:45:31.650194+00
6392197467;7164188765;true;0;2026-09-27 13:45:41.755965+00
7663532040;5211801993;true;0;2026-09-27 13:45:48.865694+00
8613401543;8356487329;true;0;2026-09-27 13:45:54.455923+00
5437323290;7543378591;true;0;2026-09-27 13:46:15.417659+00
8856404208;6146797678;true;0;2026-09-27 13:46:27.399564+00
5691687165;6475645296;true;0;2026-09-27 13:47:09.099663+00
5095415856;1923149727;true;0;2026-09-27 13:47:36.438229+00
1660020158;1090534863;true;0;2026-09-27 13:47:41.477903+00
248135007;226425775;true;0;2026-09-27 13:47:41.724947+00
8376398203;8954036308;true;0;2026-09-27 13:48:04.828955+00
5845689023;7040084040;true;0;2026-09-27 13:48:32.264576+00
5405148414;7290520808;true;0;2026-09-27 13:49:52.63799+00
7633498535;8505916897;true;0;2026-09-27 13:50:41.477817+00
7027108141;5839623511;true;0;2026-09-27 13:51:06.317912+00
8051034927;7471550205;true;0;2026-09-27 13:51:53.146376+00
6668917358;8047777881;true;0;2026-09-27 13:52:06.538699+00
6800952124;7467214219;true;0;2026-09-27 13:52:23.983998+00
8688207944;7613542825;true;0;2026-09-27 13:54:04.77332+00
6089746044;7446162999;true;0;2026-09-27 13:54:52.270914+00
6889690228;8954036308;true;0;2026-09-27 13:55:19.403322+00
5243865535;5368892205;true;0;2026-09-27 14:17:57.93546+00
1506500841;7299021506;true;0;2026-09-27 14:18:09.099737+00
8491395545;5863753382;true;0;2026-09-27 14:18:09.217968+00
1939333757;2142924045;true;0;2026-09-27 14:18:30.284017+00
8770231220;8527014627;true;0;2026-09-27 14:48:41.634449+00
8493106429;8436438196;true;0;2026-09-27 14:48:46.43671+00
332015959;8954036308;true;0;2026-09-27 15:18:49.324127+00
8310823469;7744682439;true;0;2026-09-27 15:19:47.779209+00
7662837579;7744682439;true;0;2026-09-27 15:20:24.546946+00
6275277302;8985098303;true;0;2026-09-27 15:20:26.024085+00
8002046966;7070614700;true;0;2026-09-27 15:21:13.401175+00
5187018771;8242021679;true;0;2026-09-27 15:21:42.940783+00
1629494255;5482229599;true;0;2026-09-27 15:21:50.283745+00
7595636331;6499229978;true;0;2026-09-27 15:21:54.851532+00
8144143694;8954036308;true;0;2026-09-27 15:24:37.329235+00
8733922745;5634799010;true;0;2026-09-27 15:24:45.262895+00
5194138544;8905139640;true;0;2026-09-27 15:26:25.013268+00
936781708;7410237413;true;0;2026-09-27 15:26:33.82196+00
5752087615;1193894441;true;0;2026-09-27 10:57:55.201439+00
7831263998;7150028516;true;0;2026-09-27 10:58:03.568988+00
6424915694;7052929719;true;0;2026-09-27 10:58:12.565472+00
5830347509;7006377955;true;0;2026-09-27 10:58:36.366056+00
5890170142;1855656384;true;0;2026-09-27 10:59:00.804672+00
8326053461;8999680099;true;0;2026-09-27 11:28:15.061966+00
6872765231;8339299560;true;0;2026-09-27 11:28:35.495423+00
5914197279;6475645296;true;0;2026-09-27 11:29:15.270923+00
5904655126;1312051755;true;0;2026-09-27 11:29:30.263112+00
8421053421;8339299560;true;0;2026-09-27 11:29:46.239615+00
6546261693;8432699815;true;0;2026-09-27 11:30:21.125519+00
7056166728;8232768035;true;0;2026-09-27 11:31:07.311912+00
8599489857;7541951203;true;0;2026-09-27 11:31:37.439926+00
8406059204;6635952181;true;0;2026-09-27 11:33:33.533467+00
795802629;6546261693;true;0;2026-09-27 11:34:49.248811+00
1440810865;7510179367;true;0;2026-09-27 11:35:15.541717+00
8852835090;8811594840;true;0;2026-09-27 11:36:20.366091+00
7407081141;8427645117;true;0;2026-09-27 12:08:55.14992+00
8886773609;59587816;true;0;2026-09-27 12:09:50.765411+00
8880825179;8365923252;true;0;2026-09-27 12:12:12.214999+00
6304381723;5211801993;true;0;2026-09-27 12:12:12.400404+00
6270493851;5503564008;true;0;2026-09-27 12:12:24.325221+00
6877915781;6371810631;true;0;2026-09-27 12:12:31.958016+00
8579880116;7040084040;true;0;2026-09-27 12:13:02.11598+00
7096668191;5647628977;true;0;2026-09-27 12:13:28.435449+00
1407395663;6475645296;true;0;2026-09-27 12:13:28.447909+00
5985052394;5863753382;true;0;2026-09-27 12:13:29.775924+00
5457244191;8427645117;true;0;2026-09-27 12:14:15.338188+00
7976642327;7387726100;true;0;2026-09-27 12:14:27.934772+00
7576503850;7510179367;true;0;2026-09-27 12:14:55.04892+00
8846886741;7040084040;true;0;2026-09-27 12:45:06.088783+00
7239147898;8304453784;true;0;2026-09-27 12:45:10.076923+00
7122499207;7543378591;true;0;2026-09-27 12:45:59.942944+00
6877196882;7302305661;true;0;2026-09-27 12:46:03.379386+00
8550020292;2136447833;true;0;2026-09-27 12:46:24.517147+00
6188927182;6148710113;true;0;2026-09-27 12:47:19.360923+00
5615734841;7637567582;true;0;2026-09-27 12:47:20.522926+00
8788637065;7191905983;true;0;2026-09-27 12:47:33.817429+00
398858282;7637567582;true;0;2026-09-27 12:47:53.979665+00
961057734;8339299560;true;0;2026-09-27 12:47:56.840178+00
8622220804;7141294331;true;0;2026-09-27 12:48:11.59969+00
6458199211;8647674253;true;0;2026-09-27 12:48:28.017407+00
7564858990;7503626528;true;0;2026-09-27 12:48:34.11492+00
7011542785;6312362664;true;0;2026-09-27 12:49:22.21634+00
1515170380;7164188765;true;0;2026-09-27 12:50:15.798642+00
7538191821;7676494139;true;0;2026-09-27 12:51:10.338945+00
7430134095;7040084040;true;0;2026-09-27 12:51:36.181949+00
6868167998;7467214219;true;0;2026-09-27 12:53:35.813963+00
5569981543;7708561744;true;0;2026-09-27 12:53:37.827851+00
7452227093;8188380498;true;0;2026-09-27 12:53:50.487983+00
6929739142;7411242147;true;0;2026-09-27 12:54:11.539935+00
8700296730;6340638549;true;0;2026-09-27 13:33:42.051884+00
7860110882;8754330093;true;0;2026-09-27 13:33:53.275033+00
7542649474;7518161618;true;0;2026-09-27 13:34:57.807969+00
7982064055;8288463004;true;0;2026-09-27 13:35:07.306605+00
8860059450;6312362664;true;0;2026-09-27 13:35:24.894997+00
8723757304;255837383;true;0;2026-09-27 13:35:42.113353+00
6506888272;8653479591;true;0;2026-09-27 13:35:46.516603+00
6265409456;8954036308;true;0;2026-09-27 13:35:50.977376+00
8534448726;8427645117;true;0;2026-09-27 13:36:11.229216+00
1724242845;6475645296;true;0;2026-09-27 13:36:37.51192+00
8430033474;8954036308;true;0;2026-09-27 13:37:16.980254+00
7726582610;8042928083;true;0;2026-09-27 13:37:53.198282+00
8759335508;8527014627;true;0;2026-09-27 13:38:35.986601+00
6498484425;226425775;true;0;2026-09-27 13:39:59.987543+00
1975732115;1466011807;true;0;2026-09-27 13:40:37.579035+00
7051301201;7644619222;true;0;2026-09-27 13:40:50.458981+00
7218244374;1193894441;true;0;2026-09-27 13:41:14.953939+00
5855933091;7510179367;true;0;2026-09-27 13:43:11.55466+00
1389297633;8026237942;true;0;2026-09-27 13:44:53.670587+00
6070263870;5459309218;true;0;2026-09-27 14:18:35.777504+00
6783007373;7637567582;true;0;2026-09-27 14:48:42.99484+00
6569838307;8954036308;true;0;2026-09-27 14:49:30.972967+00
5338861972;6475645296;true;0;2026-09-27 14:49:37.21606+00
809004442;7682394027;true;0;2026-09-27 14:49:52.577597+00
8792646649;1855656384;true;0;2026-09-27 14:50:05.450096+00
7113224992;8381740685;true;0;2026-09-27 14:51:35.238995+00
7935754316;6588324268;true;0;2026-09-27 14:51:46.792909+00
8384281225;7822604875;true;0;2026-09-27 14:56:18.050285+00
8111916875;5241535336;true;0;2026-09-27 14:56:44.69884+00
1106790983;8436438196;true;0;2026-09-27 14:56:59.122492+00
7292255311;1995471988;true;0;2026-09-27 14:56:59.180703+00
6604223313;7105245450;true;0;2026-09-27 14:56:59.819575+00
8845535720;5987595217;true;0;2026-09-27 14:57:05.307269+00
1767790457;6618225075;true;0;2026-09-27 14:57:07.11038+00
6496825122;8976828950;true;0;2026-09-27 14:57:20.123917+00
1405019122;1193894441;true;0;2026-09-27 14:57:23.694738+00
8791291365;5709504255;true;0;2026-09-27 14:57:26.159667+00
8639760221;8717412241;true;0;2026-09-27 14:57:57.318526+00
6916136866;7870819988;true;0;2026-09-27 14:58:14.101998+00
8711366192;226425775;true;0;2026-09-27 14:58:15.254167+00
6174744943;782771947;true;0;2026-09-27 14:58:40.323053+00
5945824095;5040904740;true;0;2026-09-27 14:59:13.597917+00
6803755416;8227777950;true;0;2026-09-27 14:59:27.422942+00
7461865030;8507151942;true;0;2026-09-27 15:00:02.375474+00
7777809846;8222004196;true;0;2026-09-27 15:00:09.154264+00
708067546;8954036308;true;0;2026-09-27 15:00:55.359561+00
8729165024;8717412241;true;0;2026-09-27 15:01:34.115905+00
6631675289;7286467942;true;0;2026-09-27 15:01:41.11726+00
6904668633;6926410286;true;0;2026-09-27 15:01:43.819042+00
8729065092;8702261063;true;0;2026-09-27 15:01:44.461907+00
6788657457;5528794190;true;0;2026-09-27 15:01:59.597606+00
8297821284;6214797784;true;0;2026-09-27 15:02:12.207264+00
7361823713;7976642327;true;0;2026-09-27 15:02:50.286398+00
8130646402;6214797784;true;0;2026-09-27 15:03:19.817294+00
7210647326;7932425811;true;0;2026-09-27 15:03:28.003482+00
7143778763;7708561744;true;0;2026-09-27 15:03:33.596903+00
904654744;8954036308;true;0;2026-09-27 15:04:19.48396+00
8516408679;8717412241;true;0;2026-09-27 15:06:35.626691+00
5855166135;8954036308;true;0;2026-09-27 15:07:39.429693+00
8951857695;8376143156;true;0;2026-09-27 15:07:47.899546+00
1431874947;8615498502;true;0;2026-09-27 15:07:58.274725+00
7242708359;5482229599;true;0;2026-09-27 15:08:08.884905+00
7071864140;6459316582;true;0;2026-09-27 15:08:22.339474+00
8083691688;8228565359;true;0;2026-09-27 15:09:00.817379+00
8147516271;6214797784;true;0;2026-09-27 15:09:26.807211+00
2037683253;7376227754;true;0;2026-09-27 15:09:30.551927+00
5674320765;8615498502;true;0;2026-09-27 15:10:46.285789+00
5469392629;5459309218;true;0;2026-09-27 15:10:46.712935+00
91392717;7196677406;true;0;2026-09-27 15:11:01.78661+00
8422076158;6496678531;true;0;2026-09-27 15:11:06.913231+00
8621289281;7737960763;true;0;2026-09-27 15:11:25.574141+00
7028742688;7422269738;true;0;2026-09-27 15:13:01.31701+00
8218422774;5636526188;true;0;2026-09-27 15:13:13.577473+00
1649234328;8954036308;true;0;2026-09-27 15:13:29.015425+00
5533867027;1811309074;true;0;2026-09-27 15:13:47.645823+00
6673506519;8954036308;true;0;2026-09-27 15:13:56.268938+00
8682439448;8200498777;true;0;2026-09-27 15:14:52.472607+00
7712758350;7079851469;true;0;2026-09-27 15:15:38.382108+00
8123765479;7740513881;true;0;2026-09-27 15:15:56.64993+00
902764057;1521024765;true;0;2026-09-27 15:15:57.462923+00
5888760460;5459309218;true;0;2026-09-27 15:16:06.097285+00
705348385;8398809370;true;0;2026-09-27 15:16:13.501504+00
2066931522;1811309074;true;0;2026-09-27 15:16:35.452829+00
7559279504;6939104810;true;0;2026-09-27 15:16:39.037067+00
6638486709;1956898640;true;0;2026-09-27 15:16:41.251736+00
1268228269;8755112480;true;0;2026-09-27 10:58:05.103217+00
6775968283;7052929719;true;0;2026-09-27 10:58:06.250905+00
7323280066;7052929719;true;0;2026-09-27 10:58:27.491655+00
6746347091;6971638079;true;0;2026-09-27 10:58:33.086923+00
6617433203;6971638079;true;0;2026-09-27 10:58:54.113349+00
7390776602;7150028516;true;0;2026-09-27 10:59:07.61314+00
6124268565;7052929719;true;0;2026-09-27 10:59:15.603597+00
6825366298;7150028516;true;0;2026-09-27 10:59:31.561739+00
5778860030;6475645296;true;0;2026-09-27 10:59:36.983925+00
6068059764;8108732665;true;0;2026-09-27 10:59:45.049667+00
6587611725;7240012520;true;0;2026-09-27 10:59:48.064543+00
7486502169;7155864418;true;0;2026-09-27 10:59:57.573908+00
8919328204;7374545287;true;0;2026-09-27 10:59:58.429596+00
7475560127;1855656384;true;0;2026-09-27 11:00:01.896353+00
5919367787;7952962913;true;0;2026-09-27 11:00:03.902435+00
8152887411;1855656384;true;0;2026-09-27 11:00:05.32492+00
6653106308;8999680099;true;0;2026-09-27 11:00:06.446013+00
8240200522;7046025321;true;0;2026-09-27 11:00:06.568903+00
7657939053;7826053884;true;0;2026-09-27 11:00:07.614919+00
6594994103;6477559780;true;0;2026-09-27 11:00:08.019271+00
5301905070;6971638079;true;0;2026-09-27 11:00:08.095567+00
7851271651;6475645296;true;0;2026-09-27 11:00:10.300901+00
933034661;8816611474;true;0;2026-09-27 11:00:16.689676+00
1631446808;7411242147;true;0;2026-09-27 11:00:21.570257+00
6830880091;1193894441;true;0;2026-09-27 11:00:27.368412+00
5106123399;7052929719;true;0;2026-09-27 11:00:27.677439+00
8679476564;8999680099;true;0;2026-09-27 11:00:28.482948+00
8882111980;7240012520;true;0;2026-09-27 11:00:30.300185+00
8088440847;7875362990;true;0;2026-09-27 11:00:30.388216+00
1673299954;6133933014;true;0;2026-09-27 11:00:31.350273+00
8789498723;7711129807;true;0;2026-09-27 11:00:34.054771+00
8083692830;6955951067;true;0;2026-09-27 11:00:35.25865+00
6822387475;6475645296;true;0;2026-09-27 11:00:36.702902+00
5977391212;7052929719;true;0;2026-09-27 11:00:37.725915+00
6042198619;7052929719;true;0;2026-09-27 11:00:43.50492+00
7593972095;7510179367;true;0;2026-09-27 11:00:43.967896+00
8501394933;7510179367;true;0;2026-09-27 11:00:44.114974+00
7043367909;8714779853;true;0;2026-09-27 11:00:46.345563+00
8891553470;5978937788;true;0;2026-09-27 11:00:47.407373+00
8848967782;6475645296;true;0;2026-09-27 11:00:48.644629+00
7918368029;7150028516;true;0;2026-09-27 11:00:51.967776+00
5077638936;5978937788;true;0;2026-09-27 11:00:53.390911+00
7141495688;6424915694;true;0;2026-09-27 11:00:53.420061+00
6746662633;7510179367;true;0;2026-09-27 11:00:53.948283+00
8955198855;7952962913;true;0;2026-09-27 11:00:59.989675+00
8541359671;8870203580;true;0;2026-09-27 11:01:02.801318+00
7103295105;7708561744;true;0;2026-09-27 11:01:05.888572+00
7126566467;6499229978;true;0;2026-09-27 11:01:08.42298+00
8961184547;6475645296;true;0;2026-09-27 11:01:09.489924+00
6528573437;7240012520;true;0;2026-09-27 11:01:11.386022+00
7604497884;5978937788;true;0;2026-09-27 11:01:12.442295+00
5834411371;7510179367;true;0;2026-09-27 11:01:12.548725+00
1090364080;7052929719;true;0;2026-09-27 11:01:13.768069+00
6473570662;7708561744;true;0;2026-09-27 11:01:18.345426+00
8967859495;8410714607;true;0;2026-09-27 11:01:20.399223+00
5619815483;7052929719;true;0;2026-09-27 11:01:25.185927+00
8138519640;7510179367;true;0;2026-09-27 11:01:30.087922+00
8118202602;5978937788;true;0;2026-09-27 11:01:31.411637+00
8164024352;7016898584;true;0;2026-09-27 11:01:33.362923+00
5821178554;7411242147;true;0;2026-09-27 11:01:33.587948+00
7152513133;8083692830;true;0;2026-09-27 11:01:34.928354+00
8890647473;7034695742;true;0;2026-09-27 11:01:37.836914+00
7091240699;6475645296;true;0;2026-09-27 11:01:40.175954+00
8848108283;6955951067;true;0;2026-09-27 11:01:41.163401+00
8549018082;8811594840;true;0;2026-09-27 11:01:41.162997+00
8904574038;1855656384;true;0;2026-09-27 11:01:41.19866+00
6597393051;7510179367;true;0;2026-09-27 11:01:41.939918+00
5078785810;7052929719;true;0;2026-09-27 11:01:44.136968+00
7450582861;6475645296;true;0;2026-09-27 11:01:45.915526+00
8647674253;8811594840;true;0;2026-09-27 11:01:47.845922+00
8070159692;7052929719;true;0;2026-09-27 11:01:51.790653+00
8883272379;1170564122;true;0;2026-09-27 11:01:52.651885+00
1902748033;8305463159;true;0;2026-09-27 11:01:59.495397+00
8094362834;6587611725;true;0;2026-09-27 11:02:02.450904+00
8590510037;8906261582;true;0;2026-09-27 11:02:04.184297+00
7660282619;8200498777;true;0;2026-09-27 11:02:05.488188+00
6672670985;8811594840;true;0;2026-09-27 11:02:05.589629+00
5364798832;7284765829;true;0;2026-09-27 11:02:06.200534+00
6788550281;5040904740;true;0;2026-09-27 11:02:17.346378+00
8605592247;8305463159;true;0;2026-09-27 11:02:18.956948+00
6893456535;7510179367;true;0;2026-09-27 11:02:19.428953+00
429828902;8811594840;true;0;2026-09-27 11:02:27.243849+00
6831931103;1855656384;true;0;2026-09-27 11:02:28.58736+00
8167404210;8999680099;true;0;2026-09-27 11:02:30.367005+00
6093773768;8811594840;true;0;2026-09-27 11:02:30.466559+00
6494286367;5978937788;true;0;2026-09-27 11:02:30.859028+00
6823340653;6579786009;true;0;2026-09-27 11:02:33.919311+00
8169625902;8720739001;true;0;2026-09-27 11:02:37.546309+00
989154067;7510179367;true;0;2026-09-27 11:02:50.428367+00
6342438558;7052929719;true;0;2026-09-27 11:02:51.411991+00
5903546088;7875362990;true;0;2026-09-27 11:02:54.862118+00
6307973480;8782791920;true;0;2026-09-27 11:02:54.932896+00
8340153534;1855656384;true;0;2026-09-27 11:03:00.818834+00
8911323050;8999680099;true;0;2026-09-27 11:03:03.790438+00
5929668122;6475645296;true;0;2026-09-27 11:03:06.427908+00
6424200054;7637567582;true;0;2026-09-27 11:03:06.455999+00
6974618064;6971638079;true;0;2026-09-27 11:03:15.32844+00
6185051369;6587611725;true;0;2026-09-27 11:03:18.670699+00
6917528005;8365923252;true;0;2026-09-27 11:03:19.078013+00
8005683499;247815958;true;0;2026-09-27 11:03:20.579918+00
8341589020;7240012520;true;0;2026-09-27 11:03:20.833242+00
5274060603;7708561744;true;0;2026-09-27 11:03:21.126986+00
8190431072;6653106308;true;0;2026-09-27 11:03:21.409243+00
6138790346;6475645296;true;0;2026-09-27 11:03:27.449923+00
8797339828;6717942732;true;0;2026-09-27 11:03:27.829671+00
7118208311;6587611725;true;0;2026-09-27 11:03:28.861168+00
493480437;7150028516;true;0;2026-09-27 11:03:29.70904+00
5863753382;7422269738;true;0;2026-09-27 11:03:31.934526+00
8707300359;6955951067;true;0;2026-09-27 11:03:31.965005+00
6948206786;7052929719;true;0;2026-09-27 11:03:33.489556+00
8307297870;6955951067;true;0;2026-09-27 11:03:34.203984+00
8953196481;5919367787;true;0;2026-09-27 11:03:34.964363+00
8686190843;6424915694;true;0;2026-09-27 11:03:38.005576+00
1726469063;1855656384;true;0;2026-09-27 11:03:40.15092+00
7454546340;1193894441;true;0;2026-09-27 11:03:40.288506+00
7451780595;6579786009;true;0;2026-09-27 11:03:40.501581+00
6058299898;8811594840;true;0;2026-09-27 11:03:41.180595+00
6723979887;6579786009;true;0;2026-09-27 11:03:41.606967+00
8424056138;8714779853;true;0;2026-09-27 11:03:42.281172+00
186980504;6717942732;true;0;2026-09-27 11:03:42.975281+00
6605314133;6971638079;true;0;2026-09-27 11:03:45.153933+00
5497018787;7510179367;true;0;2026-09-27 11:03:46.7711+00
6159943469;1193894441;true;0;2026-09-27 11:03:47.312711+00
8553183937;7510179367;true;0;2026-09-27 11:03:47.983735+00
7140083327;7708561744;true;0;2026-09-27 11:03:49.588089+00
7787781093;7006377955;true;0;2026-09-27 11:03:49.790792+00
6719328545;8811594840;true;0;2026-09-27 11:03:50.787945+00
1658517933;6971638079;true;0;2026-09-27 11:03:51.147059+00
8566792978;8608248742;true;0;2026-09-27 11:03:51.608657+00
8239674592;8906261582;true;0;2026-09-27 11:03:57.065891+00
6304991928;1855656384;true;0;2026-09-27 11:03:58.093204+00
8658079699;7284765829;true;0;2026-09-27 11:04:01.944735+00
8562298197;7279658358;true;0;2026-09-27 11:04:04.670041+00
8026237972;6579786009;true;0;2026-09-27 11:04:10.146203+00
8815764832;247815958;true;0;2026-09-27 11:04:10.19404+00
8166644334;7044356980;true;0;2026-09-27 11:04:10.252284+00
6146797678;6133933014;true;0;2026-09-27 11:04:10.256665+00
7592257199;6475645296;true;0;2026-09-27 11:28:16.608327+00
7733912338;1743469511;true;0;2026-09-27 11:28:20.920937+00
5406529446;5361009530;true;0;2026-09-27 11:28:49.479176+00
5124582871;6535148422;true;0;2026-09-27 11:28:59.557964+00
8690372401;5459309218;true;0;2026-09-27 11:29:00.478898+00
8380916723;1487314449;true;0;2026-09-27 11:29:46.181036+00
7240185043;7138182580;true;0;2026-09-27 11:31:18.067903+00
6025210487;6499229978;true;0;2026-09-27 11:31:24.154885+00
8927067119;7541951203;true;0;2026-09-27 11:31:45.860948+00
8615863670;7411507851;true;0;2026-09-27 11:31:57.221147+00
7228642015;7851271651;true;0;2026-09-27 11:31:58.865043+00
6029584960;8670732503;true;0;2026-09-27 11:33:28.643208+00
7125129894;8339299560;true;0;2026-09-27 11:33:49.079179+00
8614709293;8579110760;true;0;2026-09-27 11:34:04.252744+00
6481166260;7637567582;true;0;2026-09-27 11:34:23.060591+00
8789241875;7541951203;true;0;2026-09-27 11:35:05.642268+00
6743588398;7982325371;true;0;2026-09-27 11:36:13.632745+00
8263476808;7394447390;true;0;2026-09-27 11:36:20.547961+00
7704313003;5993705428;true;0;2026-09-27 11:36:21.357444+00
7905180840;7422269738;true;0;2026-09-27 12:08:56.098765+00
8495306693;7980279356;true;0;2026-09-27 12:08:56.45317+00
8916551316;7681447524;true;0;2026-09-27 12:09:02.843702+00
5815369190;6990730373;true;0;2026-09-27 12:09:14.241155+00
1992686356;1090534863;true;0;2026-09-27 12:09:51.791425+00
7048226007;8200498777;true;0;2026-09-27 12:10:10.192071+00
8653479591;59587816;true;0;2026-09-27 12:10:13.567497+00
1457721737;6382162952;true;0;2026-09-27 12:11:04.002987+00
6586467601;8101613226;true;0;2026-09-27 12:11:13.569959+00
8965574523;1605532044;true;0;2026-09-27 12:11:50.7696+00
6940104366;8304453784;true;0;2026-09-27 12:12:24.656926+00
8569197259;7676595679;true;0;2026-09-27 12:13:06.615341+00
7300092108;8615863670;true;0;2026-09-27 12:13:11.689832+00
5267758176;7040084040;true;0;2026-09-27 12:13:28.583774+00
7350274833;8339299560;true;0;2026-09-27 12:14:11.83193+00
8874934505;5647628977;true;0;2026-09-27 12:15:08.731914+00
131780565;255837383;true;0;2026-09-27 12:16:03.333912+00
6390690537;6123878319;true;0;2026-09-27 12:17:03.221238+00
7845414326;6894860211;true;0;2026-09-27 12:17:32.468018+00
5546394163;6317252244;true;0;2026-09-27 12:17:39.679486+00
8351020688;7387726100;true;0;2026-09-27 12:17:52.444959+00
1795938784;8647674253;true;0;2026-09-27 12:19:24.206886+00
1196553524;7040084040;true;0;2026-09-27 12:19:30.777497+00
5929934563;5141127080;true;0;2026-09-27 12:19:52.501104+00
8054736612;6035999261;true;0;2026-09-27 12:19:53.656715+00
1361200532;2142924045;true;0;2026-09-27 12:21:34.166915+00
8358489997;8188746037;true;0;2026-09-27 12:45:08.715226+00
6452812234;5863753382;true;0;2026-09-27 12:45:09.416713+00
1162099477;6350423486;true;0;2026-09-27 12:45:25.962779+00
1938163668;6146797678;true;0;2026-09-27 12:46:13.670971+00
1611098505;542822412;true;0;2026-09-27 12:46:32.423175+00
7172852887;7467214219;true;0;2026-09-27 12:46:34.080922+00
8611983457;8056046629;true;0;2026-09-27 12:47:16.264751+00
6154125746;7040084040;true;0;2026-09-27 12:47:38.160901+00
7161356957;7467214219;true;0;2026-09-27 12:48:06.397042+00
7286467942;5647628977;true;0;2026-09-27 12:48:26.432234+00
8282904213;7150028516;true;0;2026-09-27 12:48:47.698929+00
2021237119;7284765829;true;0;2026-09-27 12:49:00.292392+00
6547825930;6694722648;true;0;2026-09-27 12:49:20.806974+00
8975946044;8811594840;true;0;2026-09-27 12:50:04.168194+00
6491327847;7321608528;true;0;2026-09-27 12:50:38.899963+00
8960815888;7994624435;true;0;2026-09-27 12:50:49.93109+00
6842386472;6345307839;true;0;2026-09-27 12:52:04.687976+00
7956860300;7557207056;true;0;2026-09-27 12:53:29.024553+00
5586182976;7957812446;true;0;2026-09-27 12:54:03.779241+00
1977250649;1811309074;true;0;2026-09-27 12:54:06.613876+00
8774738339;6618225075;true;0;2026-09-27 12:54:14.830603+00
1870441164;8365923252;true;0;2026-09-27 12:54:14.868604+00
6813649305;6769110358;true;0;2026-09-27 13:33:48.586239+00
5270308152;1923149727;true;0;2026-09-27 13:34:03.641914+00
1247419231;7411242147;true;0;2026-09-27 13:34:57.821936+00
5737269350;7708561744;true;0;2026-09-27 13:35:05.797674+00
8775881043;1814586555;true;0;2026-09-27 13:35:32.372675+00
8940966500;8865971065;true;0;2026-09-27 13:36:02.680809+00
7070349782;5054324352;true;0;2026-09-27 13:36:29.009504+00
8355727814;5459309218;true;0;2026-09-27 13:36:38.817687+00
5625865343;5040904740;true;0;2026-09-27 13:36:39.083+00
8822104898;8754330093;true;0;2026-09-27 13:37:05.520156+00
6601149206;5988245172;true;0;2026-09-27 13:37:12.767924+00
5108247655;1923149727;true;0;2026-09-27 13:37:18.21664+00
7095901979;6371810631;true;0;2026-09-27 13:38:49.035852+00
5138665711;1923149727;true;0;2026-09-27 13:39:36.59453+00
8997359359;7518161618;true;0;2026-09-27 13:41:04.385157+00
5914181983;5570133475;true;0;2026-09-27 13:41:17.373647+00
1919092833;1680525739;true;0;2026-09-27 13:41:44.910455+00
5827597082;7613542825;true;0;2026-09-27 13:41:50.834159+00
6825300137;6312362664;true;0;2026-09-27 13:42:08.317806+00
1772083012;7860110882;true;0;2026-09-27 13:42:09.354064+00
6985879331;8507151942;true;0;2026-09-27 13:43:00.562586+00
8818513922;1814586555;true;0;2026-09-27 13:43:52.962014+00
8777624589;1814586555;true;0;2026-09-27 13:44:04.706317+00
6388505705;8365923252;true;0;2026-09-27 13:44:14.102789+00
7714602526;6799948605;true;0;2026-09-27 13:44:18.54693+00
5048832388;6340638549;true;0;2026-09-27 13:45:10.698852+00
7404276942;8550020292;true;0;2026-09-27 13:46:00.940239+00
8586755176;1814586555;true;0;2026-09-27 13:46:14.756924+00
8303124946;8954036308;true;0;2026-09-27 13:46:24.527181+00
5380292197;8505916897;true;0;2026-09-27 13:46:25.193926+00
8268231793;1956898640;true;0;2026-09-27 13:46:56.55207+00
7059236002;8954036308;true;0;2026-09-27 13:47:05.378845+00
7203910856;226425775;true;0;2026-09-27 13:47:57.483905+00
8980823178;7422269738;true;0;2026-09-27 13:48:11.542147+00
6044684722;226425775;true;0;2026-09-27 13:48:55.200947+00
7104415532;7467214219;true;0;2026-09-27 13:48:59.762509+00
2135237383;1923149727;true;0;2026-09-27 13:49:07.477291+00
518715589;7040084040;true;0;2026-09-27 13:49:14.065664+00
7383878070;6312362664;true;0;2026-09-27 13:49:45.428907+00
6214797784;6445238971;true;0;2026-09-27 13:50:54.05005+00
8870439515;7826053884;true;0;2026-09-27 13:51:20.583906+00
8021107037;1080483281;true;0;2026-09-27 13:51:34.578929+00
6497569067;5863753382;true;0;2026-09-27 13:52:03.655474+00
1163433276;8447255924;true;0;2026-09-27 13:52:05.026042+00
5061142990;1923149727;true;0;2026-09-27 13:52:13.39131+00
6279577830;7708561744;true;0;2026-09-27 13:52:26.910139+00
7891938310;1466011807;true;0;2026-09-27 13:52:51.862711+00
7812249970;6015348964;true;0;2026-09-27 13:53:04.608406+00
7569625566;7040084040;true;0;2026-09-27 13:53:16.433397+00
8987518029;5459309218;true;0;2026-09-27 13:54:24.686839+00
1646181548;8198216655;true;0;2026-09-27 13:54:50.039922+00
8635337995;7637567582;true;0;2026-09-27 13:55:13.18016+00
8940854042;7676595679;true;0;2026-09-27 14:18:44.993683+00
6215288778;813044361;true;0;2026-09-27 14:18:48.518001+00
7758409658;405314421;true;0;2026-09-27 14:19:02.956581+00
6420471563;5558416024;true;0;2026-09-27 14:19:19.250925+00
6597124348;6475645296;true;0;2026-09-27 14:19:20.083933+00
7081728083;6367762579;true;0;2026-09-27 14:19:27.800847+00
8582853554;7563720163;true;0;2026-09-27 14:19:38.384944+00
7358112960;5922905023;true;0;2026-09-27 14:19:50.919115+00
7915951342;7822604875;true;0;2026-09-27 14:19:59.989297+00
8168748577;7637567582;true;0;2026-09-27 14:20:07.58132+00
8410289241;1170564122;true;0;2026-09-27 14:20:30.790473+00
7321650523;6275213213;true;0;2026-09-27 14:21:12.978557+00
8298784818;7651145168;true;0;2026-09-27 14:21:17.67483+00
8450831977;8381740685;true;0;2026-09-27 14:21:22.416943+00
6313126174;7279658358;true;0;2026-09-27 14:21:24.533416+00
7064054293;1090534863;true;0;2026-09-27 14:21:31.635574+00
6255538780;6955951067;true;0;2026-09-27 11:04:10.591916+00
825733811;7637567582;true;0;2026-09-27 11:36:33.907905+00
5910058671;6546261693;true;0;2026-09-27 11:36:43.815649+00
7152954801;6694722648;true;0;2026-09-27 11:36:44.064162+00
8715788709;5802231735;true;0;2026-09-27 11:36:52.968253+00
8957807412;5459309218;true;0;2026-09-27 11:38:14.993914+00
8027282153;1925786737;true;0;2026-09-27 11:38:17.566916+00
8665344496;8811594840;true;0;2026-09-27 11:38:49.318968+00
8392286342;8232768035;true;0;2026-09-27 11:39:13.739915+00
5054569805;1193894441;true;0;2026-09-27 11:40:36.851917+00
8739217463;1170564122;true;0;2026-09-27 11:41:43.706219+00
6340745174;7038758902;true;0;2026-09-27 11:43:03.241329+00
662187496;7052929719;true;0;2026-09-27 11:44:14.651884+00
6439701552;1956898640;true;0;2026-09-27 11:44:15.945946+00
6818850126;6475645296;true;0;2026-09-27 12:09:04.404119+00
8871166136;8999680099;true;0;2026-09-27 12:09:49.515063+00
7866967131;7454546340;true;0;2026-09-27 12:10:18.95142+00
7188201684;7454546340;true;0;2026-09-27 12:10:24.72821+00
8440720754;7206619137;true;0;2026-09-27 12:10:30.885913+00
8616646588;1668928979;true;0;2026-09-27 12:10:33.089412+00
978471568;5459309218;true;0;2026-09-27 12:11:01.696348+00
8795587909;6873622288;true;0;2026-09-27 12:12:12.188406+00
7105563720;7246552735;true;0;2026-09-27 12:12:31.222666+00
8049231677;8305463159;true;0;2026-09-27 12:12:56.745317+00
8332683536;7637567582;true;0;2026-09-27 12:13:23.460113+00
166381712;7040084040;true;0;2026-09-27 12:13:24.26641+00
8377407787;8365923252;true;0;2026-09-27 12:13:31.317374+00
7296703589;7284453789;true;0;2026-09-27 12:13:41.08891+00
7057675902;5709504255;true;0;2026-09-27 12:14:12.042908+00
1591709334;7040084040;true;0;2026-09-27 12:14:47.785915+00
1975987330;6146797678;true;0;2026-09-27 12:15:13.845+00
8734602681;7673104837;true;0;2026-09-27 12:15:15.242905+00
7229144241;8427645117;true;0;2026-09-27 12:15:29.751904+00
7301585789;1855656384;true;0;2026-09-27 12:16:24.971912+00
6799948605;5863753382;true;0;2026-09-27 12:16:50.989431+00
6251943288;7418456348;true;0;2026-09-27 12:17:13.440382+00
6398321560;2142924045;true;0;2026-09-27 12:17:56.807064+00
8402557155;8427645117;true;0;2026-09-27 12:18:18.805927+00
1557886352;7952962913;true;0;2026-09-27 12:18:32.610961+00
5666181165;7411507851;true;0;2026-09-27 12:18:33.581162+00
7109578182;5979475151;true;0;2026-09-27 12:18:52.349567+00
8563221906;7651145168;true;0;2026-09-27 12:19:58.328179+00
7176443600;7467214219;true;0;2026-09-27 12:20:02.606669+00
8929474392;7290520808;true;0;2026-09-27 12:20:05.806064+00
8607365180;1666187866;true;0;2026-09-27 12:20:33.046471+00
8987877986;7279658358;true;0;2026-09-27 12:21:03.486926+00
1150454093;2142924045;true;0;2026-09-27 12:21:32.735878+00
1999480803;6340638549;true;0;2026-09-27 12:45:25.96237+00
2026781419;7040084040;true;0;2026-09-27 12:45:33.545022+00
6807230656;1390061339;true;0;2026-09-27 12:45:45.434768+00
964225337;8432699815;true;0;2026-09-27 12:45:58.461969+00
7857953402;1736872830;true;0;2026-09-27 12:46:27.687653+00
5083124790;1923149727;true;0;2026-09-27 12:47:25.555919+00
6385964958;136135769;true;0;2026-09-27 12:47:35.860397+00
5271637516;1736872830;true;0;2026-09-27 12:48:05.132924+00
2001620391;1028092977;true;0;2026-09-27 12:48:43.443793+00
207700237;6396174153;true;0;2026-09-27 12:49:18.89906+00
6757707700;8280616398;true;0;2026-09-27 12:49:24.61812+00
2119629568;1923149727;true;0;2026-09-27 12:50:09.379877+00
8092029004;1406038816;true;0;2026-09-27 12:50:53.059708+00
7942503037;6829902899;true;0;2026-09-27 12:50:54.55905+00
6754801370;7467214219;true;0;2026-09-27 12:52:03.604072+00
5113409044;1390061339;true;0;2026-09-27 12:53:46.07892+00
6138539282;5988245172;true;0;2026-09-27 12:53:48.356849+00
7700923426;7350200155;true;0;2026-09-27 12:53:57.606887+00
6371611441;5421899995;true;0;2026-09-27 12:53:59.898713+00
8053953106;5059162020;true;0;2026-09-27 12:54:12.569592+00
7143193597;886866275;true;0;2026-09-27 12:54:15.397925+00
5718415093;6990730373;true;0;2026-09-27 12:54:27.890578+00
8584043421;5459309218;true;0;2026-09-27 13:33:49.354045+00
8693120880;5364798832;true;0;2026-09-27 13:34:53.80992+00
7682800142;886866275;true;0;2026-09-27 13:34:58.270772+00
723920813;1406038816;true;0;2026-09-27 13:35:22.936516+00
644111192;8954036308;true;0;2026-09-27 13:35:32.371762+00
5902959328;8954036308;true;0;2026-09-27 13:35:38.032078+00
8689894172;8121821371;true;0;2026-09-27 13:36:21.233924+00
5488324639;8954036308;true;0;2026-09-27 13:36:38.311874+00
5237941725;1923149727;true;0;2026-09-27 13:37:48.098916+00
7704538094;7470127604;true;0;2026-09-27 13:37:58.646531+00
6826808660;8954036308;true;0;2026-09-27 13:38:00.894908+00
7532994976;5040904740;true;0;2026-09-27 13:38:26.13627+00
5228868441;7040084040;true;0;2026-09-27 13:38:58.980257+00
5219199081;1923149727;true;0;2026-09-27 13:39:11.551036+00
8451343879;6317252244;true;0;2026-09-27 13:39:30.967259+00
7874936729;8380916723;true;0;2026-09-27 13:39:38.091367+00
1039951525;226425775;true;0;2026-09-27 13:40:50.147924+00
6321390664;1793368825;true;0;2026-09-27 13:40:54.648635+00
6610136492;8163049627;true;0;2026-09-27 13:40:55.200855+00
1349053302;6030424528;true;0;2026-09-27 13:41:24.208888+00
2071184902;8954036308;true;0;2026-09-27 13:41:50.331569+00
621645426;8954036308;true;0;2026-09-27 13:41:57.325131+00
138643591;226425775;true;0;2026-09-27 13:42:34.796902+00
6784260282;7915012400;true;0;2026-09-27 13:42:46.698908+00
5843449796;8507151942;true;0;2026-09-27 13:42:52.244653+00
8385450087;6312362664;true;0;2026-09-27 13:43:04.845705+00
1772099360;8954036308;true;0;2026-09-27 13:43:12.17146+00
8877904725;5459309218;true;0;2026-09-27 13:44:18.848121+00
8099460712;1814586555;true;0;2026-09-27 13:44:36.839295+00
5025278482;1923149727;true;0;2026-09-27 13:45:14.084087+00
1353488111;6499229978;true;0;2026-09-27 13:45:48.807921+00
2125387122;1923149727;true;0;2026-09-27 13:45:56.692734+00
7680343638;8239674592;true;0;2026-09-27 13:46:13.030136+00
7834922805;7052929719;true;0;2026-09-27 13:46:46.646943+00
8383176249;8550020292;true;0;2026-09-27 13:46:49.096958+00
7112739771;1762194412;true;0;2026-09-27 13:48:12.07612+00
8144696156;6035518551;true;0;2026-09-27 13:48:19.011726+00
6685106784;8200498777;true;0;2026-09-27 13:48:21.446135+00
5042088601;1923149727;true;0;2026-09-27 13:48:32.539671+00
8831001227;8954036308;true;0;2026-09-27 13:49:36.47901+00
5049780026;1923149727;true;0;2026-09-27 13:49:37.145918+00
6250046063;6445238971;true;0;2026-09-27 13:50:21.429406+00
6226036778;7637567582;true;0;2026-09-27 13:50:24.364975+00
7325818182;1466011807;true;50.0000;2026-09-27 13:42:37.329087+00
6907868795;1839938649;true;0;2026-09-27 14:18:45.717913+00
7433294876;6799948605;true;0;2026-09-27 14:18:46.579669+00
7403235677;6367762579;true;0;2026-09-27 14:18:48.126922+00
7168115238;7538120158;true;0;2026-09-27 14:19:18.601459+00
6035018247;5528794190;true;0;2026-09-27 14:20:12.529908+00
8672936703;5558416024;true;0;2026-09-27 14:20:20.335764+00
5542559741;226425775;true;0;2026-09-27 14:20:22.352994+00
7196542394;6659228922;true;0;2026-09-27 14:20:32.741214+00
8179654168;6076797735;true;0;2026-09-27 14:20:40.419622+00
7747122953;8381740685;true;0;2026-09-27 14:20:45.019841+00
6252394026;8680831775;true;0;2026-09-27 14:48:45.316408+00
8760824255;1666187866;true;0;2026-09-27 14:49:06.714932+00
1148427480;8033043411;true;0;2026-09-27 14:49:08.938922+00
6619073399;6382162952;true;0;2026-09-27 14:49:23.914985+00
5177355666;778952240;true;0;2026-09-27 14:50:19.35891+00
8657349082;8717412241;true;0;2026-09-27 14:50:45.059835+00
8114891367;6587611725;true;0;2026-09-27 14:51:30.599064+00
5652438263;1918211503;true;0;2026-09-27 14:51:40.299744+00
6411894202;5863753382;true;0;2026-09-27 14:51:44.427359+00
6032987104;5211801993;true;0;2026-09-27 14:54:20.099587+00
8842604561;6799948605;true;0;2026-09-27 14:54:33.3319+00
6111098111;8381740685;true;0;2026-09-27 14:58:24.321579+00
8483753993;7870819988;true;0;2026-09-27 14:59:14.073002+00
7706772064;6955951067;true;0;2026-09-27 11:04:14.130959+00
6922244107;7875362990;true;0;2026-09-27 11:04:29.497669+00
1957041992;5459309218;true;0;2026-09-27 11:36:40.865195+00
6958828261;6587611725;true;0;2026-09-27 11:37:55.99892+00
2065862273;5068559624;true;0;2026-09-27 11:37:56.502013+00
8787880104;1956898640;true;0;2026-09-27 11:39:49.051848+00
7613857932;8427645117;true;0;2026-09-27 11:40:28.328917+00
7529637726;8484048071;true;0;2026-09-27 11:41:03.730605+00
6908478965;6618225075;true;0;2026-09-27 11:41:07.180188+00
8332563032;7424165932;true;0;2026-09-27 11:41:12.029807+00
8707247274;7059727717;true;0;2026-09-27 11:41:22.408908+00
8893201558;7560073659;true;0;2026-09-27 11:41:38.089981+00
7927709296;7930575365;true;0;2026-09-27 11:41:53.684307+00
6305796566;7052929719;true;0;2026-09-27 11:42:35.469014+00
8231880082;6717942732;true;0;2026-09-27 11:42:37.472181+00
6830167670;6142852718;true;0;2026-09-27 11:42:48.982905+00
7022346297;6618225075;true;0;2026-09-27 11:43:49.699545+00
6860699893;7637567582;true;0;2026-09-27 11:44:11.219204+00
8910413207;5993705428;true;0;2026-09-27 11:44:15.921778+00
7632808717;8720739001;true;0;2026-09-27 11:44:28.335845+00
1634671142;6535148422;true;0;2026-09-27 12:09:07.459635+00
6181979715;7059727717;true;0;2026-09-27 12:09:35.292275+00
7744779612;1956898640;true;0;2026-09-27 12:10:12.043604+00
8907939755;7246552735;true;0;2026-09-27 12:10:16.999846+00
7483448947;6694722648;true;0;2026-09-27 12:10:35.432002+00
6123878319;6371810631;true;0;2026-09-27 12:10:41.622105+00
5111613299;642388740;true;0;2026-09-27 12:11:51.17354+00
8622125262;7982325371;true;0;2026-09-27 12:12:18.70556+00
8710780728;7150028516;true;0;2026-09-27 12:12:44.257417+00
8444630185;7905950265;true;0;2026-09-27 12:13:04.630461+00
7199091991;5863753382;true;0;2026-09-27 12:13:09.385631+00
8575000716;7422269738;true;0;2026-09-27 12:13:31.323084+00
8938892784;5647628977;true;0;2026-09-27 12:14:08.186984+00
7049759895;7387726100;true;0;2026-09-27 12:14:53.423849+00
8923800144;8846156146;true;0;2026-09-27 12:45:28.05593+00
5733516352;7467214219;true;0;2026-09-27 12:46:08.419775+00
7139316558;7681447524;true;0;2026-09-27 12:46:32.740899+00
7713293269;8670732503;true;0;2026-09-27 12:46:43.459902+00
8403681759;7150028516;true;0;2026-09-27 12:47:32.564637+00
5245365505;7040084040;true;0;2026-09-27 12:48:07.234471+00
5965057694;7788608230;true;0;2026-09-27 12:48:14.136923+00
8861989924;1811309074;true;0;2026-09-27 12:48:22.544912+00
812859731;8365923252;true;0;2026-09-27 12:48:36.578312+00
6550105453;8967726776;true;0;2026-09-27 12:49:06.969849+00
8552670360;1855656384;true;0;2026-09-27 12:49:19.81966+00
7422293134;8070764575;true;0;2026-09-27 12:49:28.600207+00
7366657245;6312362664;true;0;2026-09-27 12:49:43.399311+00
2126198444;1923149727;true;0;2026-09-27 12:49:58.19729+00
8916514713;1109481221;true;0;2026-09-27 12:50:51.812574+00
7444933374;5483692564;true;0;2026-09-27 12:51:08.108378+00
7107513307;6481554948;true;0;2026-09-27 12:51:11.950007+00
5789064598;6955951067;true;0;2026-09-27 12:51:43.08897+00
7511964141;7022346297;true;0;2026-09-27 12:52:26.502192+00
6507731350;7637567582;true;0;2026-09-27 12:54:13.520154+00
6575271274;7467214219;true;0;2026-09-27 13:34:13.560142+00
8467202800;8288463004;true;0;2026-09-27 13:35:16.916355+00
906625430;5930588873;true;0;2026-09-27 13:35:38.314902+00
8493295567;8046832541;true;0;2026-09-27 13:35:40.949927+00
1076930901;6884462447;true;0;2026-09-27 13:35:59.951257+00
5116957559;7299021506;true;0;2026-09-27 13:36:13.723849+00
8845864127;8954036308;true;0;2026-09-27 13:37:22.514362+00
6351288769;5459309218;true;0;2026-09-27 13:37:26.392769+00
2110534657;5863753382;true;0;2026-09-27 13:37:33.087926+00
5019303452;542822412;true;0;2026-09-27 13:37:51.643244+00
429315246;7299021506;true;0;2026-09-27 13:38:23.92878+00
8051562566;5863753382;true;0;2026-09-27 13:39:23.318908+00
7424794064;226425775;true;0;2026-09-27 13:39:38.008828+00
8795061808;5459309218;true;0;2026-09-27 13:39:52.943522+00
1360603876;8954036308;true;0;2026-09-27 13:40:05.452515+00
7799495300;1466011807;true;0;2026-09-27 13:40:07.112991+00
925859599;1090856027;true;0;2026-09-27 13:40:48.25968+00
8544849309;6035999261;true;0;2026-09-27 13:40:52.26489+00
8565498724;7046449718;true;0;2026-09-27 13:42:53.01237+00
1089257842;7613542825;true;0;2026-09-27 13:43:01.767916+00
1521024765;8026237942;true;0;2026-09-27 13:43:03.187397+00
8450057438;7518161618;true;0;2026-09-27 13:45:19.502777+00
8975130636;7254879832;true;0;2026-09-27 13:45:41.279469+00
5488751279;8954036308;true;0;2026-09-27 13:45:41.537133+00
7981818379;6694722648;true;0;2026-09-27 13:46:05.580627+00
8205999570;6424915694;true;0;2026-09-27 13:46:16.970124+00
8858253204;6256774657;true;0;2026-09-27 13:46:28.656954+00
8843929167;8954036308;true;0;2026-09-27 13:46:48.999585+00
7035406526;7040084040;true;0;2026-09-27 13:47:29.043019+00
1553799728;5040904740;true;0;2026-09-27 13:47:59.095934+00
8452026867;7467214219;true;0;2026-09-27 13:48:04.725127+00
5280635778;5647628977;true;0;2026-09-27 13:48:10.529788+00
5754552217;226425775;true;0;2026-09-27 13:48:32.23492+00
8592509905;5855933091;true;0;2026-09-27 13:48:47.455522+00
8717542288;6360290255;true;0;2026-09-27 13:49:20.209529+00
1131672760;226425775;true;0;2026-09-27 13:49:26.240347+00
6909301787;7979058239;true;0;2026-09-27 13:49:27.835056+00
8754488251;7637567582;true;0;2026-09-27 13:50:00.436212+00
5069648700;1923149727;true;0;2026-09-27 13:50:15.894291+00
7758619981;6635952181;true;0;2026-09-27 13:50:19.264557+00
7563720163;6025210487;true;0;2026-09-27 13:50:25.57423+00
8265228318;5211801993;true;0;2026-09-27 13:52:15.849196+00
8706622986;7860110882;true;0;2026-09-27 13:53:13.54085+00
5354575774;5040904740;true;0;2026-09-27 13:53:18.602854+00
7452529298;886866275;true;0;2026-09-27 13:53:51.114172+00
7738418014;6035999261;true;0;2026-09-27 13:54:58.713988+00
5027843977;8954036308;true;0;2026-09-27 13:55:27.763048+00
764004445;6331491364;true;0;2026-09-27 13:55:32.867068+00
6819668069;6340638549;true;0;2026-09-27 13:55:36.524872+00
7711900546;6708125980;true;0;2026-09-27 14:18:48.935813+00
7781447471;394397878;true;0;2026-09-27 14:18:49.279925+00
8722093294;7860110882;true;0;2026-09-27 14:18:49.436712+00
6752977758;716632192;true;0;2026-09-27 14:18:53.292893+00
6391464501;6723552963;true;0;2026-09-27 14:18:56.993888+00
7975203610;5459309218;true;0;2026-09-27 14:18:57.671879+00
7672316623;7164188765;true;0;2026-09-27 14:19:05.766746+00
8570811768;7538120158;true;0;2026-09-27 14:19:09.498825+00
8201706791;8954036308;true;0;2026-09-27 14:19:21.328815+00
7637234481;6340638549;true;0;2026-09-27 14:20:56.571955+00
8635459936;5241535336;true;0;2026-09-27 14:48:47.299985+00
8260423524;6499229978;true;0;2026-09-27 14:50:04.46955+00
7711163229;5580298339;true;0;2026-09-27 14:50:29.041965+00
8885447761;7592257199;true;0;2026-09-27 14:50:57.932357+00
7780776165;7070614700;true;0;2026-09-27 14:51:04.37172+00
8801314292;1193894441;true;0;2026-09-27 14:51:44.674613+00
5224601882;5987595217;true;0;2026-09-27 14:51:46.677539+00
8166528135;7016511033;true;0;2026-09-27 14:51:49.265285+00
1244872381;7822604875;true;0;2026-09-27 14:52:21.854366+00
1480417407;542822412;true;0;2026-09-27 14:53:36.788355+00
8704002723;8717412241;true;0;2026-09-27 14:54:16.885379+00
1351408854;5930588873;true;0;2026-09-27 14:56:17.502428+00
7948018062;8715575721;true;0;2026-09-27 14:56:43.440322+00
1384368694;8811594840;true;0;2026-09-27 14:56:56.145842+00
5262838905;5025088544;true;0;2026-09-27 14:56:59.139568+00
8789122347;8979783103;true;0;2026-09-27 14:57:00.896608+00
5391429440;5737269350;true;0;2026-09-27 14:57:06.201975+00
8109465413;7467214219;true;0;2026-09-27 14:57:37.139681+00
8133996066;8896159264;true;0;2026-09-27 14:57:41.837744+00
5202163080;8706709872;true;0;2026-09-27 14:57:57.935736+00
7333468037;5040904740;true;0;2026-09-27 14:58:29.496459+00
7061103768;6557934579;true;0;2026-09-27 14:59:25.013948+00
7596340130;6214797784;true;0;2026-09-27 14:59:50.093093+00
8258286134;7052929719;true;0;2026-09-27 11:04:14.228704+00
7433216695;8365923252;true;0;2026-09-27 11:36:47.774919+00
2141348999;255837383;true;0;2026-09-27 11:36:58.846454+00
5811015217;1855656384;true;0;2026-09-27 11:37:36.251094+00
1962907039;6368629004;true;0;2026-09-27 11:37:43.304752+00
1056079588;1698130348;true;0;2026-09-27 11:37:54.57842+00
7568501308;8811594840;true;0;2026-09-27 11:37:57.182908+00
1396892641;1743469511;true;0;2026-09-27 11:38:22.988923+00
8819319064;8394640321;true;0;2026-09-27 11:38:23.409554+00
8980479398;8380916723;true;0;2026-09-27 11:38:34.235052+00
1477058934;7637567582;true;0;2026-09-27 11:38:46.103941+00
6074915612;7510179367;true;0;2026-09-27 11:39:10.289007+00
8825057018;8427645117;true;0;2026-09-27 11:39:17.803411+00
7935385477;8427645117;true;0;2026-09-27 11:39:34.289628+00
5483692564;7422269738;true;0;2026-09-27 11:39:54.492425+00
6697584886;1956898640;true;0;2026-09-27 11:40:10.962201+00
8994306158;8427645117;true;0;2026-09-27 11:40:20.806996+00
7255807761;7637567582;true;0;2026-09-27 11:40:34.669903+00
8955860858;6587611725;true;0;2026-09-27 11:40:42.881535+00
8971262618;8811594840;true;0;2026-09-27 11:40:59.469012+00
8237901858;8427645117;true;0;2026-09-27 11:41:29.3521+00
6913171656;8365923252;true;0;2026-09-27 11:41:52.005273+00
5671286778;7613542825;true;0;2026-09-27 11:42:04.908027+00
8615689572;8427645117;true;0;2026-09-27 11:42:16.35612+00
8915212748;7865006773;true;0;2026-09-27 11:42:56.388025+00
5678626241;8720739001;true;0;2026-09-27 11:43:02.783246+00
7853792592;8720739001;true;0;2026-09-27 11:43:11.373233+00
7265603968;8647674253;true;0;2026-09-27 11:43:20.322687+00
8454787301;7500950840;true;0;2026-09-27 11:43:46.06875+00
8204127701;8365923252;true;0;2026-09-27 11:43:49.811135+00
8215407712;7422269738;true;0;2026-09-27 11:43:54.387902+00
8634786679;7560073659;true;0;2026-09-27 11:43:59.726491+00
7727791538;6694722648;true;0;2026-09-27 11:44:01.846634+00
7688136123;6146797678;true;0;2026-09-27 11:44:38.38968+00
8340195563;8489223953;true;0;2026-09-27 12:09:23.320906+00
8872164172;886866275;true;0;2026-09-27 12:09:46.379777+00
8642137580;7070614700;true;0;2026-09-27 12:10:00.251007+00
8462255654;7056816736;true;0;2026-09-27 12:10:21.669961+00
7138058253;8316832057;true;0;2026-09-27 12:10:25.788955+00
6851714520;247815958;true;0;2026-09-27 12:12:09.79334+00
7718471296;8825035564;true;0;2026-09-27 12:12:22.482568+00
5761167094;7387726100;true;0;2026-09-27 12:13:16.63049+00
2142924045;7640034252;true;0;2026-09-27 12:13:50.769567+00
5774901672;7040084040;true;0;2026-09-27 12:14:32.195716+00
5979475151;7240012520;true;0;2026-09-27 12:14:33.622649+00
8860593518;5863753382;true;0;2026-09-27 12:14:47.964819+00
5692741566;6475645296;true;0;2026-09-27 12:14:51.437258+00
8436438196;7191905983;true;0;2026-09-27 12:50:47.476985+00
7964040166;5059162020;true;0;2026-09-27 13:34:59.260003+00
8434692004;6579786009;true;0;2026-09-27 13:35:02.850097+00
8494315419;5863753382;true;0;2026-09-27 13:35:08.942903+00
6329696376;7299021506;true;0;2026-09-27 13:35:43.561784+00
5817186772;8754330093;true;0;2026-09-27 13:36:04.14433+00
5291432781;1923149727;true;0;2026-09-27 13:36:16.130013+00
5995014007;8653479591;true;0;2026-09-27 13:37:05.551917+00
7604039550;1466011807;true;0;2026-09-27 13:37:31.82593+00
6244183303;5459309218;true;0;2026-09-27 13:38:03.2493+00
2090955402;5459309218;true;0;2026-09-27 13:38:23.730923+00
5682848378;8447255924;true;0;2026-09-27 13:39:23.587513+00
113096583;226425775;true;0;2026-09-27 13:40:30.62509+00
5134125195;1923149727;true;0;2026-09-27 13:40:41.629631+00
7262408143;8111529117;true;0;2026-09-27 13:40:46.75092+00
6445613669;7637567582;true;0;2026-09-27 13:40:48.780919+00
8012955644;6251943288;true;0;2026-09-27 13:41:24.285692+00
1825179365;7350200155;true;0;2026-09-27 13:42:26.285645+00
7344894843;7411242147;true;0;2026-09-27 13:43:25.601086+00
8399800889;101612147;true;0;2026-09-27 13:44:17.360874+00
797716742;226425775;true;0;2026-09-27 14:18:49.382267+00
5872007897;8163049627;true;0;2026-09-27 14:19:11.216536+00
1391724592;5269924881;true;0;2026-09-27 14:19:32.675921+00
6878960950;5839623511;true;0;2026-09-27 14:20:25.12792+00
7781798246;1762194412;true;0;2026-09-27 14:20:27.633482+00
1216297382;59587816;true;0;2026-09-27 14:21:08.576997+00
724035295;5528794190;true;0;2026-09-27 14:48:47.42342+00
6368196857;5987595217;true;0;2026-09-27 14:48:50.467368+00
7647763678;6112439362;true;0;2026-09-27 14:48:56.652924+00
6261312074;7637567582;true;0;2026-09-27 14:49:00.544159+00
8030656229;7206619137;true;0;2026-09-27 14:49:14.640078+00
6407838841;7708561744;true;0;2026-09-27 14:50:13.338922+00
8588420588;7630515620;true;0;2026-09-27 14:50:25.332916+00
8977365887;8170359590;true;0;2026-09-27 14:50:27.596768+00
8121744093;6436864577;true;0;2026-09-27 14:50:53.275054+00
8682568019;8948255631;true;0;2026-09-27 14:51:26.281816+00
7432706357;7109089328;true;0;2026-09-27 14:56:13.543497+00
8407481321;7360233425;true;0;2026-09-27 14:56:59.116535+00
8554089068;7538120158;true;0;2026-09-27 14:56:59.177975+00
7093900011;8905139640;true;0;2026-09-27 14:57:02.034873+00
5804328976;8242021679;true;0;2026-09-27 14:57:05.479276+00
8998465832;7471550205;true;0;2026-09-27 14:57:09.558413+00
8935912745;8888494857;true;0;2026-09-27 14:57:28.847141+00
6605200637;7822604875;true;0;2026-09-27 14:57:30.70402+00
8938949648;2142924045;true;0;2026-09-27 14:57:47.382319+00
8100296567;7126566467;true;0;2026-09-27 14:57:54.719381+00
7326063415;8811594840;true;0;2026-09-27 14:59:00.290364+00
702785087;226425775;true;0;2026-09-27 14:59:00.571924+00
6361337939;8954036308;true;0;2026-09-27 14:59:07.151534+00
8748877223;778952240;true;0;2026-09-27 14:59:11.638323+00
8256459534;5338861972;true;0;2026-09-27 15:00:12.785552+00
8615498502;5241535336;true;0;2026-09-27 15:00:17.621818+00
6162824251;8811594840;true;0;2026-09-27 15:00:45.687596+00
7198440744;5482229599;true;0;2026-09-27 15:00:59.585718+00
8823074077;8839172038;true;0;2026-09-27 15:01:11.457468+00
8336515098;6432254889;true;0;2026-09-27 15:02:33.56292+00
6238954290;1139732777;true;0;2026-09-27 15:02:50.69595+00
8662281844;8831001227;true;0;2026-09-27 15:03:30.869536+00
6081239877;8615498502;true;0;2026-09-27 15:03:43.438646+00
8180084559;5988245172;true;0;2026-09-27 15:03:59.737906+00
5853636082;5987595217;true;0;2026-09-27 15:04:03.658406+00
8933905748;8680831775;true;0;2026-09-27 15:04:14.805413+00
8952422072;7557207056;true;0;2026-09-27 15:04:17.906911+00
6607024882;7040084040;true;0;2026-09-27 15:04:31.470921+00
999335411;1762194412;true;0;2026-09-27 15:05:01.018347+00
8831991173;6626229834;true;0;2026-09-27 15:07:48.215365+00
1318102725;6990730373;true;0;2026-09-27 15:08:08.465923+00
7924990427;6482646033;true;0;2026-09-27 15:08:49.114495+00
8939766592;6342438558;true;0;2026-09-27 15:09:36.329663+00
6442357386;394397878;true;0;2026-09-27 15:09:48.871874+00
5407832987;6475645296;true;0;2026-09-27 15:10:35.149064+00
1163898748;7164188765;true;0;2026-09-27 15:11:45.217303+00
7023177658;7744682439;true;0;2026-09-27 15:12:09.06271+00
5838315735;5459309218;true;0;2026-09-27 15:12:12.995114+00
7147142366;8713033726;true;0;2026-09-27 15:12:41.926901+00
8164921020;7942503037;true;0;2026-09-27 15:13:36.618921+00
5591633459;8061417139;true;0;2026-09-27 15:13:39.551818+00
6414668180;7676595679;true;0;2026-09-27 15:14:25.196519+00
7023189584;1956898640;true;0;2026-09-27 15:14:40.298189+00
8780992749;8346277713;true;0;2026-09-27 15:15:39.354272+00
7761897814;1929855145;true;0;2026-09-27 15:15:53.028198+00
8857540946;6496678531;true;0;2026-09-27 15:16:05.781247+00
8174799689;8641729192;true;0;2026-09-27 15:16:07.429797+00
7375151593;8223145649;true;0;2026-09-27 15:16:10.907945+00
8166090823;1724242845;true;0;2026-09-27 15:16:16.966717+00
8776086295;7933223259;true;0;2026-09-27 15:16:39.671225+00
8175594041;226425775;true;0;2026-09-27 15:17:34.049577+00
7203489472;7411242147;true;0;2026-09-27 15:18:52.453916+00
780824833;8954036308;true;0;2026-09-27 15:19:06.158463+00
1312051755;6475645296;true;0;2026-09-27 11:04:21.028871+00
8497460856;6694722648;true;0;2026-09-27 11:36:49.490047+00
7956477118;8427645117;true;0;2026-09-27 11:37:35.809922+00
6976380691;8890869221;true;0;2026-09-27 11:37:55.077481+00
7019218364;7360233425;true;0;2026-09-27 11:38:23.992906+00
5175727428;7150028516;true;0;2026-09-27 11:38:40.012036+00
8896159264;7793139330;true;0;2026-09-27 11:39:59.328712+00
496804791;5141127080;true;0;2026-09-27 11:41:08.409557+00
8711488027;5459309218;true;0;2026-09-27 11:41:34.803137+00
6939104810;6390840997;true;0;2026-09-27 11:41:59.826128+00
6317252244;6475645296;true;0;2026-09-27 11:42:38.129924+00
7019403320;1193894441;true;0;2026-09-27 11:43:22.31448+00
8941262869;7240012520;true;0;2026-09-27 11:44:09.870124+00
8280890942;5249943765;true;0;2026-09-27 11:44:22.378415+00
6583870754;8924298568;true;0;2026-09-27 11:44:39.579985+00
8641729192;7637567582;true;0;2026-09-27 12:10:16.928595+00
1733042532;7387726100;true;0;2026-09-27 12:12:15.081792+00
8898432892;6618225075;true;0;2026-09-27 12:12:16.529572+00
1823277852;7040084040;true;0;2026-09-27 12:12:29.885679+00
7410237413;8556328355;true;0;2026-09-27 12:13:19.991753+00
8352945641;7387726100;true;0;2026-09-27 12:13:27.35091+00
6668650581;7387726100;true;0;2026-09-27 12:13:34.045966+00
5104103301;7040084040;true;0;2026-09-27 12:13:37.38198+00
6537337053;8200640530;true;0;2026-09-27 12:13:58.806209+00
7538176973;7387726100;true;0;2026-09-27 12:14:31.522962+00
8866253569;5211801993;true;0;2026-09-27 12:14:47.926907+00
6708189121;666044731;true;0;2026-09-27 12:15:16.770659+00
5877659075;7040084040;true;0;2026-09-27 12:15:50.915919+00
1626752053;8527014627;true;0;2026-09-27 12:16:44.355014+00
7125031824;8783092908;true;0;2026-09-27 12:17:26.128005+00
1322652171;1033741881;true;0;2026-09-27 12:17:29.943106+00
7350868940;2142924045;true;0;2026-09-27 12:18:13.561924+00
8804472415;7613542825;true;0;2026-09-27 12:18:20.363904+00
7471550205;6579786009;true;0;2026-09-27 12:18:22.273915+00
8937595893;8380916723;true;0;2026-09-27 12:18:30.487306+00
8729497065;6312362664;true;0;2026-09-27 12:19:06.981903+00
8418465376;5364798832;true;0;2026-09-27 12:19:07.189799+00
7726377671;7637567582;true;0;2026-09-27 12:19:25.811047+00
7474173770;7279658358;true;0;2026-09-27 12:19:40.023237+00
8871163277;8427645117;true;0;2026-09-27 12:19:46.430176+00
6737605469;5863753382;true;0;2026-09-27 12:19:52.1088+00
7188127733;7467214219;true;0;2026-09-27 12:20:01.61183+00
542822412;7467214219;true;0;2026-09-27 12:20:30.234458+00
7263151720;6312362664;true;0;2026-09-27 12:21:09.017672+00
1107230293;7299021506;true;0;2026-09-27 12:54:41.559619+00
7466397438;1312051755;true;0;2026-09-27 12:54:48.36779+00
80552806;8954036308;true;0;2026-09-27 12:55:31.119722+00
7699398140;7299021506;true;0;2026-09-27 12:55:35.39967+00
8652125043;8954036308;true;0;2026-09-27 12:55:40.645835+00
7687129022;5988245172;true;0;2026-09-27 12:56:03.180219+00
8297430425;6424593297;true;0;2026-09-27 12:58:34.57947+00
5289494150;5580298339;true;0;2026-09-27 12:59:14.674842+00
7404107330;5988245172;true;0;2026-09-27 12:59:32.129179+00
8902023241;1925786737;true;0;2026-09-27 12:59:37.612905+00
6378218823;5141127080;true;0;2026-09-27 13:00:01.575491+00
5528409157;5580298339;true;0;2026-09-27 13:00:06.891927+00
1706862130;5580298339;true;0;2026-09-27 13:00:09.01968+00
6922440552;886866275;true;0;2026-09-27 13:00:52.925714+00
6024789739;8365923252;true;0;2026-09-27 13:01:26.60595+00
7176524194;6579786009;true;0;2026-09-27 13:03:03.303941+00
8447615205;6799948605;true;0;2026-09-27 13:06:14.800974+00
7685380651;7467214219;true;0;2026-09-27 13:06:29.406926+00
6641661210;1925786737;true;0;2026-09-27 13:07:01.204924+00
7346766719;7299021506;true;0;2026-09-27 13:07:11.159546+00
7102682976;5863753382;true;0;2026-09-27 13:07:29.754913+00
315921467;8647674253;true;0;2026-09-27 13:07:42.339556+00
8880987595;5680135783;true;0;2026-09-27 13:08:06.814924+00
8613270973;8024487736;true;0;2026-09-27 13:08:11.778904+00
8182776859;6312362664;true;0;2026-09-27 13:08:24.233767+00
6981442783;8432699815;true;0;2026-09-27 13:08:55.893259+00
7198046044;7708561744;true;0;2026-09-27 13:09:15.665699+00
1934145733;5459309218;true;0;2026-09-27 13:09:24.852605+00
6746727544;8301805327;true;0;2026-09-27 13:10:14.467078+00
8005898811;8070764575;true;0;2026-09-27 13:10:15.619565+00
8983637330;7811357316;true;0;2026-09-27 13:10:29.711239+00
6460907209;1442844695;true;0;2026-09-27 13:10:50.118943+00
1140742208;542822412;true;0;2026-09-27 13:11:32.351274+00
8734821446;7511964141;true;0;2026-09-27 13:35:02.512905+00
5220818388;7708561744;true;0;2026-09-27 13:35:16.03001+00
8094648706;8026237942;true;0;2026-09-27 13:35:18.288146+00
1757455348;7637567582;true;0;2026-09-27 13:35:23.586556+00
6368523565;7387726100;true;0;2026-09-27 13:35:55.807162+00
5790518613;1680525739;true;0;2026-09-27 13:36:01.827905+00
8591251050;8954036308;true;0;2026-09-27 13:36:15.373544+00
5905788321;8121821371;true;0;2026-09-27 13:36:22.485478+00
7233940375;7422269738;true;0;2026-09-27 13:36:49.106068+00
2080428684;226425775;true;0;2026-09-27 13:36:52.527945+00
7237989935;6360290255;true;0;2026-09-27 13:37:53.487998+00
6379422595;5993705428;true;0;2026-09-27 13:39:09.600843+00
107084961;226425775;true;0;2026-09-27 13:39:18.452835+00
8421472142;5146702848;true;0;2026-09-27 13:39:38.289897+00
6047074852;8288463004;true;0;2026-09-27 13:39:49.884423+00
7759693702;1724242845;true;0;2026-09-27 13:39:53.210311+00
7860936758;7664635260;true;0;2026-09-27 13:39:59.159736+00
6936111518;8954036308;true;0;2026-09-27 13:40:30.157531+00
5027621966;7637567582;true;0;2026-09-27 13:40:37.731964+00
5137885461;1923149727;true;0;2026-09-27 13:41:12.609932+00
7119835389;7240012520;true;0;2026-09-27 13:42:09.060484+00
7105245450;8653479591;true;0;2026-09-27 13:42:09.71755+00
6051162973;6312362664;true;0;2026-09-27 13:42:31.587701+00
7304286341;8018853157;true;0;2026-09-27 13:42:44.296847+00
6648614949;1543180716;true;0;2026-09-27 13:42:45.64932+00
8394938341;5528794190;true;0;2026-09-27 13:43:00.63755+00
2089439968;7952962913;true;0;2026-09-27 13:43:06.142908+00
8152089068;8505916897;true;0;2026-09-27 13:43:52.69533+00
8445317849;8527014627;true;0;2026-09-27 13:45:48.598584+00
8061230356;6092925657;true;0;2026-09-27 13:47:27.800924+00
7082752025;5459309218;true;0;2026-09-27 13:47:28.209439+00
1496097670;7191905983;true;0;2026-09-27 13:47:51.819778+00
6654029217;6618225075;true;0;2026-09-27 13:48:51.987908+00
7690469333;6546261693;true;0;2026-09-27 13:49:26.281026+00
7901506716;8954036308;true;0;2026-09-27 13:49:26.925629+00
5042491845;5269924881;true;0;2026-09-27 13:52:29.998164+00
7072892212;7510179367;true;0;2026-09-27 13:52:54.889921+00
8358500449;7422269738;true;0;2026-09-27 13:52:58.503379+00
8474951812;7905950265;true;0;2026-09-27 13:54:26.361827+00
7213567701;8954036308;true;0;2026-09-27 13:54:49.157971+00
7388643989;8379248949;true;0;2026-09-27 13:54:56.066632+00
6725235525;5838693411;true;0;2026-09-27 14:18:52.250134+00
6513813598;7387726100;true;0;2026-09-27 14:18:55.935471+00
8904368638;8754330093;true;0;2026-09-27 14:19:46.368971+00
7832448625;5739147727;true;0;2026-09-27 14:20:00.105925+00
8643248832;6028335644;true;0;2026-09-27 14:20:14.634224+00
8257651732;8351020688;true;0;2026-09-27 14:20:49.759202+00
7285148466;6708125980;true;0;2026-09-27 14:20:55.134705+00
7739373125;7600023654;true;0;2026-09-27 14:21:28.569575+00
5879600886;7563720163;true;0;2026-09-27 14:21:28.907904+00
1947102861;1918211503;true;0;2026-09-27 14:48:49.576793+00
8620606936;5987595217;true;0;2026-09-27 14:48:56.784727+00
6943418999;5863753382;true;0;2026-09-27 14:48:57.01636+00
6857701044;7144601808;true;0;2026-09-27 14:49:07.981615+00
8517364003;6092925657;true;0;2026-09-27 14:49:10.394423+00
8667955518;5987595217;true;0;2026-09-27 14:49:11.521833+00
1247493335;7532391908;true;0;2026-09-27 14:49:21.51892+00
7449952638;8811594840;true;0;2026-09-27 14:49:43.390912+00
7590456034;5987595217;true;0;2026-09-27 14:50:32.793935+00
6580159265;6579786009;true;0;2026-09-27 11:04:21.372933+00
6635090290;1743469511;true;0;2026-09-27 11:36:50.065832+00
6730735538;5040904740;true;0;2026-09-27 11:37:08.768223+00
1033741881;255837383;true;0;2026-09-27 11:37:36.401469+00
5939287756;8811594840;true;0;2026-09-27 11:38:29.280663+00
7204486176;7422269738;true;0;2026-09-27 11:38:55.315914+00
5988245172;7240012520;true;0;2026-09-27 11:39:06.906658+00
5042036066;6499229978;true;0;2026-09-27 11:39:09.121688+00
5344124566;7681447524;true;0;2026-09-27 11:39:59.499554+00
7934126725;6177030021;true;0;2026-09-27 11:40:23.621755+00
8716332205;6390840997;true;0;2026-09-27 11:40:29.652904+00
8388277404;8305463159;true;0;2026-09-27 11:40:54.402833+00
7429693560;7651145168;true;0;2026-09-27 11:41:25.541909+00
7378417759;6917528005;true;0;2026-09-27 11:41:28.811921+00
6520076007;7510179367;true;0;2026-09-27 11:42:36.384939+00
6894860211;5978937788;true;0;2026-09-27 11:42:56.308268+00
8482613608;8811594840;true;0;2026-09-27 11:43:14.741807+00
8280795098;6717942732;true;0;2026-09-27 11:43:21.115615+00
6328052983;7150028516;true;0;2026-09-27 11:43:35.623838+00
6165098043;8101613226;true;0;2026-09-27 11:43:45.949109+00
5140453883;8647674253;true;0;2026-09-27 11:44:38.038352+00
6013809418;7613542825;true;0;2026-09-27 11:45:09.26435+00
6020524854;1817804159;true;0;2026-09-27 12:15:06.750952+00
1281724574;7387726100;true;0;2026-09-27 12:15:09.239913+00
8609339011;7932425811;true;0;2026-09-27 12:15:14.305493+00
6018468043;8305463159;true;0;2026-09-27 12:15:56.609269+00
7307067552;8695832997;true;0;2026-09-27 12:16:36.883492+00
7728606816;8114585387;true;0;2026-09-27 12:16:59.057093+00
7342916463;7387726100;true;0;2026-09-27 12:17:14.02963+00
808124501;1409190994;true;0;2026-09-27 12:17:27.393431+00
7434118198;7387726100;true;0;2026-09-27 12:17:40.302325+00
7147343515;2142924045;true;0;2026-09-27 12:17:43.806084+00
8713729474;7422269738;true;0;2026-09-27 12:18:03.171898+00
8351427944;7422269738;true;0;2026-09-27 12:18:22.397407+00
5906212693;6312362664;true;0;2026-09-27 12:19:04.426586+00
7400620181;8597460533;true;0;2026-09-27 12:20:17.669689+00
6063025222;8970869433;true;0;2026-09-27 12:20:28.089988+00
1670231023;8970869433;true;0;2026-09-27 12:20:39.928956+00
8656411816;6312362664;true;0;2026-09-27 12:21:09.746353+00
6629464471;5774901672;true;0;2026-09-27 12:54:43.028118+00
6887013411;7299021506;true;0;2026-09-27 12:55:46.619966+00
6534191646;6694722648;true;0;2026-09-27 12:55:48.629982+00
5915247880;1090534863;true;0;2026-09-27 12:56:28.153263+00
8822481522;5528794190;true;0;2026-09-27 13:35:02.683448+00
7850005659;5040904740;true;0;2026-09-27 13:36:27.861433+00
6030424528;1814586555;true;0;2026-09-27 13:37:34.431416+00
7454118980;7411242147;true;0;2026-09-27 13:37:44.187722+00
8564055914;1855656384;true;0;2026-09-27 13:38:21.588021+00
6071896628;5269924881;true;0;2026-09-27 13:38:22.013526+00
7836631373;6279817048;true;0;2026-09-27 13:38:45.118714+00
101820995;226425775;true;0;2026-09-27 13:39:03.729444+00
686611153;8954036308;true;0;2026-09-27 13:40:02.612911+00
6242380175;6648524106;true;0;2026-09-27 13:40:22.799619+00
5246412581;1923149727;true;0;2026-09-27 13:42:22.568913+00
5378182517;8026237942;true;0;2026-09-27 13:43:03.828917+00
7322093148;1343397358;true;0;2026-09-27 13:44:20.384266+00
6494175454;5459309218;true;0;2026-09-27 13:44:20.918562+00
8529894719;226425775;true;0;2026-09-27 13:45:12.682717+00
7004226084;1193894441;true;0;2026-09-27 14:19:49.999091+00
8718830459;7640195144;true;0;2026-09-27 14:20:38.933475+00
7397168885;7713793116;true;0;2026-09-27 14:20:41.348917+00
8407757043;7422269738;true;0;2026-09-27 14:20:50.48893+00
662117769;8556328355;true;0;2026-09-27 14:20:56.340131+00
5953731156;1163433276;true;0;2026-09-27 14:20:57.293985+00
8192519749;7822604875;true;0;2026-09-27 14:21:11.09459+00
6987881679;7411242147;true;0;2026-09-27 14:21:24.544908+00
6802232628;5060385283;true;0;2026-09-27 14:21:25.819092+00
6311873949;6550105453;true;0;2026-09-27 14:21:32.214688+00
8234023358;7822604875;true;0;2026-09-27 14:21:36.968536+00
1511254913;1343397358;true;10.0000;2026-09-27 14:18:54.741028+00
1013071938;8809034647;true;0;2026-09-27 14:49:06.760124+00
8502620826;1193894441;true;0;2026-09-27 14:49:10.972893+00
7289356059;7390776602;true;0;2026-09-27 14:49:24.016666+00
7118439512;1855656384;true;0;2026-09-27 14:50:11.47583+00
6234784503;5833447839;true;0;2026-09-27 14:50:33.131501+00
8357465232;8967726776;true;0;2026-09-27 14:51:36.758921+00
6611144772;7433960788;true;0;2026-09-27 14:57:01.23392+00
7583889217;5987595217;true;0;2026-09-27 14:57:06.518703+00
7229578450;8707201786;true;0;2026-09-27 14:57:07.032731+00
8992410764;7780776165;true;0;2026-09-27 14:57:28.857247+00
7641212057;5459309218;true;0;2026-09-27 14:58:22.799974+00
8573958931;8680831775;true;0;2026-09-27 14:59:00.708941+00
155214435;1762194412;true;0;2026-09-27 14:59:22.459833+00
6749161315;469563335;true;0;2026-09-27 14:59:34.799041+00
7214193796;5241535336;true;0;2026-09-27 14:59:49.989162+00
8869157395;7932425811;true;0;2026-09-27 15:00:14.12208+00
8762773316;8985797123;true;0;2026-09-27 15:00:39.007919+00
7127360988;6587611725;true;0;2026-09-27 15:01:53.258998+00
2093625178;6695278329;true;0;2026-09-27 15:02:18.153752+00
8158144686;886866275;true;0;2026-09-27 15:02:30.661994+00
5195632679;6499229978;true;0;2026-09-27 15:02:42.379627+00
8552965658;6214797784;true;0;2026-09-27 15:02:49.981991+00
929814254;8615498502;true;0;2026-09-27 15:02:59.968901+00
1346415557;8229825936;true;0;2026-09-27 15:03:11.131646+00
8301860819;8839172038;true;0;2026-09-27 15:03:39.336933+00
1389185724;1090534863;true;0;2026-09-27 15:03:40.81115+00
5854759625;5040904740;true;0;2026-09-27 15:03:51.288807+00
5646678629;59587816;true;0;2026-09-27 15:04:30.687923+00
8688293646;7144601808;true;0;2026-09-27 15:05:00.851837+00
7413806840;7042216865;true;0;2026-09-27 15:06:33.929715+00
1410736625;6917528005;true;0;2026-09-27 15:07:38.266804+00
6910417598;6695278329;true;0;2026-09-27 15:07:55.631907+00
6791088488;8667938531;true;0;2026-09-27 15:08:08.826921+00
6306635724;5211801993;true;0;2026-09-27 15:08:08.966761+00
8645254547;8407129254;true;0;2026-09-27 15:08:15.020926+00
5414446773;8229825936;true;0;2026-09-27 15:08:16.594774+00
7995580666;6659171452;true;0;2026-09-27 15:08:32.948718+00
5818908084;8954036308;true;0;2026-09-27 15:08:54.465529+00
7309065914;7504260130;true;0;2026-09-27 15:10:05.795836+00
8593364091;7246552735;true;0;2026-09-27 15:10:30.781449+00
6012157324;8905139640;true;0;2026-09-27 15:10:32.186902+00
8958930440;8228565359;true;0;2026-09-27 15:10:48.362921+00
883938705;8954036308;true;0;2026-09-27 15:10:50.3151+00
6447433818;8898839079;true;0;2026-09-27 15:10:59.745182+00
7084454450;226425775;true;0;2026-09-27 15:11:10.654354+00
8856889498;7865006773;true;0;2026-09-27 15:11:12.067279+00
8260846315;5528794190;true;0;2026-09-27 15:12:19.351909+00
6977756364;6133933014;true;0;2026-09-27 15:12:21.270516+00
1939179487;8615498502;true;0;2026-09-27 15:12:39.128736+00
8362583367;6618225075;true;0;2026-09-27 15:12:42.699638+00
8636060373;8670607977;true;0;2026-09-27 15:12:48.689279+00
8442608350;7630515620;true;0;2026-09-27 15:13:01.012908+00
7243241922;7036397614;true;0;2026-09-27 15:13:45.862164+00
6542661819;6051151257;true;0;2026-09-27 15:15:57.681445+00
7133739154;8754330093;true;0;2026-09-27 15:16:07.396949+00
8424113700;1511254913;true;0;2026-09-27 15:16:32.206472+00
5068351703;1811309074;true;0;2026-09-27 15:16:33.478203+00
5441541262;7957460609;true;0;2026-09-27 15:16:41.162285+00
7204716478;8024387066;true;0;2026-09-27 15:16:49.983685+00
8808331244;7822604875;true;0;2026-09-27 15:16:51.562066+00
6805897598;8898432892;true;0;2026-09-27 15:16:55.735429+00
6689089748;6312362664;true;0;2026-09-27 15:18:54.455925+00
6010544584;7744682439;true;0;2026-09-27 15:19:06.383916+00
5314373808;6499229978;true;0;2026-09-27 15:19:22.266982+00
914334533;8788637065;true;0;2026-09-27 15:19:41.157661+00
8027789100;6432254889;true;0;2026-09-27 15:19:52.994956+00
6341678159;7952962913;true;0;2026-09-27 11:04:22.320911+00
7914125001;6587611725;true;0;2026-09-27 11:04:22.702622+00
7411507851;8365923252;true;0;2026-09-27 11:04:29.17804+00
1225773288;255837383;true;0;2026-09-27 11:37:01.588496+00
7342029356;6371810631;true;0;2026-09-27 11:37:03.132785+00
7281717660;8811594840;true;0;2026-09-27 11:38:27.132468+00
502570466;7006377955;true;0;2026-09-27 11:38:38.942458+00
6969254406;5599422047;true;0;2026-09-27 11:39:10.13382+00
5390605323;1487314449;true;0;2026-09-27 11:39:32.348914+00
7444845460;6371810631;true;0;2026-09-27 11:39:51.355999+00
8779826727;8290536071;true;0;2026-09-27 11:40:47.12577+00
6591408287;8427645117;true;0;2026-09-27 11:41:06.991566+00
8679402250;5141127080;true;0;2026-09-27 11:41:08.568956+00
5945913890;7681447524;true;0;2026-09-27 11:41:11.960915+00
6726037707;7613542825;true;0;2026-09-27 11:41:53.483393+00
7692897987;6177030021;true;0;2026-09-27 11:42:02.80942+00
6481594091;7982325371;true;0;2026-09-27 11:42:06.79384+00
7277929838;7560073659;true;0;2026-09-27 11:42:08.975207+00
1005326020;6146797678;true;0;2026-09-27 11:42:35.643256+00
1528502040;255837383;true;0;2026-09-27 11:42:40.842134+00
7691671353;8959271787;true;0;2026-09-27 11:42:51.803919+00
7290320957;6123506819;true;0;2026-09-27 11:43:08.109568+00
6759006688;6515204020;true;0;2026-09-27 11:43:27.473431+00
7311642430;6512885308;true;0;2026-09-27 11:43:46.467946+00
7511224826;1990480638;true;0;2026-09-27 11:43:47.460903+00
5551024621;6499229978;true;0;2026-09-27 11:43:47.939637+00
873786055;7613542825;true;0;2026-09-27 11:44:17.891903+00
5630690661;8811594840;true;0;2026-09-27 11:44:22.36684+00
8194245682;1193894441;true;0;2026-09-27 11:44:22.405171+00
7519883704;6635952181;true;0;2026-09-27 11:44:27.95042+00
8653547760;6499229978;true;0;2026-09-27 11:44:47.823983+00
975554711;5141127080;true;0;2026-09-27 11:45:06.684491+00
7149975441;8506323813;true;0;2026-09-27 12:15:22.209683+00
8011029031;7040084040;true;0;2026-09-27 12:15:37.521532+00
8703653086;5025088544;true;0;2026-09-27 12:15:55.191336+00
8846429873;5211801993;true;0;2026-09-27 12:17:30.935524+00
5705207796;6535148422;true;0;2026-09-27 12:17:41.082158+00
8980242940;5863753382;true;0;2026-09-27 12:18:20.385915+00
6300496945;6025210487;true;0;2026-09-27 12:18:33.053747+00
7640163804;5344852278;true;0;2026-09-27 12:18:38.091909+00
381143563;6475645296;true;0;2026-09-27 12:18:45.48102+00
8897799518;7500950840;true;0;2026-09-27 12:19:14.765495+00
8135164341;5211801993;true;0;2026-09-27 12:19:52.626729+00
1320040376;7097617708;true;0;2026-09-27 12:19:59.256186+00
5797084594;6312362664;true;0;2026-09-27 12:20:28.563921+00
8900459766;7976642327;true;0;2026-09-27 12:20:49.172956+00
7531839802;7350200155;true;0;2026-09-27 12:21:19.050015+00
8999106485;1956898640;true;0;2026-09-27 12:54:44.456008+00
163434571;6609857628;true;0;2026-09-27 12:54:46.715843+00
5986718778;6635952181;true;0;2026-09-27 12:54:55.566915+00
2066650340;7411242147;true;0;2026-09-27 12:55:10.484718+00
7081187385;6312362664;true;0;2026-09-27 12:55:25.556963+00
1604029677;1390061339;true;0;2026-09-27 12:56:17.336849+00
6933746243;7708561744;true;0;2026-09-27 12:57:01.432886+00
6573260079;1992686356;true;0;2026-09-27 13:35:07.258947+00
1826922294;6875587926;true;0;2026-09-27 13:35:22.244911+00
6475671655;6518289668;true;0;2026-09-27 13:35:52.726089+00
8082344495;8712184474;true;0;2026-09-27 13:36:34.578487+00
5086222583;1923149727;true;0;2026-09-27 13:36:50.924894+00
7454964468;7637567582;true;0;2026-09-27 13:36:55.743653+00
7912537977;6371810631;true;0;2026-09-27 13:36:57.284022+00
6377528577;7387726100;true;0;2026-09-27 13:37:21.583935+00
5368892205;7350200155;true;0;2026-09-27 13:38:10.151047+00
405314421;6494286367;true;0;2026-09-27 13:38:42.805762+00
8884968927;6499229978;true;0;2026-09-27 13:40:02.39957+00
7359541442;5570133475;true;0;2026-09-27 13:40:06.645926+00
8030599518;7150028516;true;0;2026-09-27 13:40:15.706842+00
7579995775;226425775;true;0;2026-09-27 13:40:16.025555+00
7215456033;8954036308;true;0;2026-09-27 13:41:40.423289+00
5146356510;1923149727;true;0;2026-09-27 13:42:54.661623+00
8681350985;7930575365;true;0;2026-09-27 13:43:01.627657+00
7093691587;8788667360;true;0;2026-09-27 13:43:03.82293+00
7677848421;5528794190;true;0;2026-09-27 13:43:33.248436+00
5236634890;1923149727;true;0;2026-09-27 13:43:58.835893+00
5827321217;6056792141;true;0;2026-09-27 13:44:03.586922+00
7206946882;7536735506;true;0;2026-09-27 13:44:23.418926+00
1673938234;6712605372;true;250.0000;2026-09-27 13:38:33.923483+00
8815068446;7240012520;true;0;2026-09-27 14:19:02.737123+00
1139732777;6445238971;true;0;2026-09-27 14:19:19.896989+00
101721902;7999011699;true;0;2026-09-27 14:19:22.56111+00
8676320157;8579042386;true;0;2026-09-27 14:19:37.771582+00
6570431362;7681447524;true;0;2026-09-27 14:20:17.179105+00
7416599626;7044356980;true;0;2026-09-27 14:20:30.797344+00
7249720236;886866275;true;0;2026-09-27 14:20:34.656961+00
8087399567;8825035564;true;0;2026-09-27 14:21:06.579923+00
8615416876;7563720163;true;0;2026-09-27 14:21:35.790326+00
8706709872;1814586555;true;0;2026-09-27 14:49:07.997064+00
352545445;2142924045;true;0;2026-09-27 14:49:09.277205+00
5687144933;7040084040;true;0;2026-09-27 14:51:24.854916+00
5329728019;6217535218;true;0;2026-09-27 14:52:38.787986+00
6915019062;724035295;true;0;2026-09-27 14:53:37.84992+00
8240933196;8905139640;true;0;2026-09-27 14:56:17.306848+00
8155934989;1855656384;true;0;2026-09-27 14:56:59.478748+00
7473583167;2136447833;true;0;2026-09-27 14:57:00.982994+00
8635653148;8896159264;true;0;2026-09-27 14:57:06.19269+00
1681836970;8392286342;true;0;2026-09-27 14:57:37.406211+00
6051773235;6626146547;true;0;2026-09-27 14:58:35.80144+00
7068742407;5863753382;true;0;2026-09-27 14:58:36.402144+00
65530018;8954036308;true;0;2026-09-27 14:58:43.162009+00
8206302926;5863753382;true;0;2026-09-27 14:58:52.439635+00
8722698523;6214797784;true;0;2026-09-27 14:59:08.734499+00
7176252711;8839172038;true;0;2026-09-27 14:59:22.493691+00
7339141644;5459309218;true;0;2026-09-27 14:59:25.502814+00
8702261063;6799948605;true;0;2026-09-27 14:59:52.582519+00
5900656364;7952962913;true;0;2026-09-27 15:00:44.673454+00
7961112891;7289356059;true;0;2026-09-27 15:01:58.793291+00
7198915819;7080472361;true;0;2026-09-27 15:02:30.437919+00
8576786273;8381740685;true;0;2026-09-27 15:02:34.178723+00
7852431039;8560110004;true;0;2026-09-27 15:02:36.456498+00
7984575827;1762194412;true;0;2026-09-27 15:03:43.162772+00
8249123694;8720739001;true;0;2026-09-27 15:03:44.809903+00
5976631046;6659171452;true;0;2026-09-27 15:03:58.919817+00
7921800320;8381740685;true;0;2026-09-27 15:04:04.756006+00
6469256153;8954036308;true;0;2026-09-27 15:04:05.094903+00
8389270538;7651145168;true;0;2026-09-27 15:04:36.755061+00
8119839007;7516778931;true;0;2026-09-27 15:04:39.447652+00
8293866795;6255538780;true;0;2026-09-27 15:07:48.232293+00
118840761;1090534863;true;0;2026-09-27 15:07:49.119491+00
5738702578;6499229978;true;0;2026-09-27 15:08:23.224819+00
7758720976;8999680099;true;0;2026-09-27 15:09:26.678938+00
6102556566;6856461858;true;0;2026-09-27 15:10:27.75676+00
8300117784;8026237942;true;0;2026-09-27 15:10:42.16489+00
6963076223;226425775;true;0;2026-09-27 15:10:58.720362+00
8767379440;6659171452;true;0;2026-09-27 15:11:16.609908+00
7215633616;6133084356;true;0;2026-09-27 15:11:47.30392+00
1303783319;8811594840;true;0;2026-09-27 15:11:51.426603+00
7732367759;8680831775;true;0;2026-09-27 15:12:21.744923+00
8998130733;8740386488;true;0;2026-09-27 15:12:24.45584+00
8401991574;8365923252;true;0;2026-09-27 15:13:35.30689+00
7465196110;6721105653;true;0;2026-09-27 15:14:20.928421+00
7672819582;5025088544;true;0;2026-09-27 15:15:36.831546+00
8358251966;6762705598;true;0;2026-09-27 15:16:35.491017+00
5833675866;7933223259;true;0;2026-09-27 15:17:06.007104+00
7529152908;8024387066;true;0;2026-09-27 15:17:17.198623+00
6323462968;1028092977;true;0;2026-09-27 15:19:02.046906+00
7590179588;5482229599;true;0;2026-09-27 15:19:12.955916+00
7574010533;8312791312;true;0;2026-09-27 11:04:31.18415+00
6943642239;7422269738;true;0;2026-09-27 11:04:32.16403+00
8956057157;7510179367;true;0;2026-09-27 11:04:32.922794+00
7672874677;7052929719;true;0;2026-09-27 11:04:36.890246+00
6424156835;1855656384;true;0;2026-09-27 11:04:38.126938+00
8729783701;7422269738;true;0;2026-09-27 11:04:46.104384+00
7205593810;7510179367;true;0;2026-09-27 11:04:55.139239+00
5799381398;1925786737;true;0;2026-09-27 11:04:57.395955+00
1320373602;8365923252;true;0;2026-09-27 11:05:00.064444+00
1767074945;8365923252;true;0;2026-09-27 11:05:01.056923+00
7752714340;8365923252;true;0;2026-09-27 11:05:02.09197+00
6508735474;7510179367;true;0;2026-09-27 11:05:04.322165+00
5802231735;6506658990;true;0;2026-09-27 11:05:05.221826+00
8783092908;1855656384;true;0;2026-09-27 11:05:06.049349+00
7340882979;1832764848;true;0;2026-09-27 11:05:08.951581+00
851717073;8365923252;true;0;2026-09-27 11:05:10.137677+00
5930588873;7052929719;true;0;2026-09-27 11:05:10.408974+00
7560059904;7637567582;true;0;2026-09-27 11:05:10.593307+00
7933391190;1855656384;true;0;2026-09-27 11:05:11.192826+00
8659150043;6587611725;true;0;2026-09-27 11:05:22.006729+00
6265798168;8365923252;true;0;2026-09-27 11:05:33.846458+00
587068974;8811594840;true;0;2026-09-27 11:05:35.284631+00
419468189;8101613226;true;0;2026-09-27 11:05:36.455072+00
8819132124;1855656384;true;0;2026-09-27 11:05:40.107939+00
6105020820;7240012520;true;0;2026-09-27 11:05:41.546142+00
6371497694;8365923252;true;0;2026-09-27 11:05:41.782975+00
8227777950;5863753382;true;0;2026-09-27 11:05:43.559955+00
6747808991;8312791312;true;0;2026-09-27 11:05:47.580943+00
456293115;8811594840;true;0;2026-09-27 11:05:49.323897+00
6987241468;6971638079;true;0;2026-09-27 11:05:50.811685+00
8146972689;6535148422;true;0;2026-09-27 11:05:56.02324+00
5753179022;8365923252;true;0;2026-09-27 11:06:00.209365+00
7390019742;6579786009;true;0;2026-09-27 11:06:01.268154+00
7823379471;6724003050;true;0;2026-09-27 11:06:03.382087+00
5818463333;7052929719;true;0;2026-09-27 11:06:04.333906+00
6460235336;6146797678;true;0;2026-09-27 11:06:09.56068+00
7874605769;6579786009;true;0;2026-09-27 11:06:10.125934+00
1679598106;7708561744;true;0;2026-09-27 11:06:15.45009+00
7122844525;6499229978;true;0;2026-09-27 11:06:16.744737+00
697312789;6133933014;true;0;2026-09-27 11:06:19.179111+00
8701356480;7422269738;true;0;2026-09-27 11:06:19.626392+00
5484379156;7052929719;true;0;2026-09-27 11:06:20.941389+00
5459872702;7052929719;true;0;2026-09-27 11:06:26.04957+00
8433146020;6587611725;true;0;2026-09-27 11:06:29.183091+00
8974522201;7510179367;true;0;2026-09-27 11:06:30.44832+00
397427801;8445822293;true;0;2026-09-27 11:06:30.495812+00
8271222517;7240012520;true;0;2026-09-27 11:06:30.81676+00
7557417715;7052929719;true;0;2026-09-27 11:06:31.482177+00
6128261363;7510179367;true;0;2026-09-27 11:06:33.612463+00
8165148019;7240012520;true;0;2026-09-27 11:06:38.863926+00
8883046190;6587611725;true;0;2026-09-27 11:06:40.223902+00
7073783859;7052929719;true;0;2026-09-27 11:06:40.389998+00
5452364062;8365923252;true;0;2026-09-27 11:06:42.501117+00
7538462218;7651145168;true;0;2026-09-27 11:06:43.436501+00
8509537787;7240012520;true;0;2026-09-27 11:06:44.295079+00
7198043406;7510179367;true;0;2026-09-27 11:06:44.543408+00
8843787254;5863753382;true;0;2026-09-27 11:06:49.303694+00
7966599121;7006377955;true;0;2026-09-27 11:06:51.146265+00
7323674762;8365923252;true;0;2026-09-27 11:06:51.961205+00
7129327632;5930588873;true;0;2026-09-27 11:06:53.252392+00
6370367012;7454546340;true;0;2026-09-27 11:06:53.28628+00
6964941186;7454546340;true;0;2026-09-27 11:06:53.33474+00
8489140526;7454546340;true;0;2026-09-27 11:06:54.663903+00
6412660084;7454546340;true;0;2026-09-27 11:06:56.912929+00
8665023688;7454546340;true;0;2026-09-27 11:06:57.448977+00
5709504255;6822387475;true;0;2026-09-27 11:06:58.689631+00
6783441822;6587611725;true;0;2026-09-27 11:06:58.750053+00
7248859530;7052929719;true;0;2026-09-27 11:06:58.926884+00
8731726952;6146797678;true;0;2026-09-27 11:06:59.16192+00
7423000415;6535148422;true;0;2026-09-27 11:06:59.206998+00
7945728039;8365923252;true;0;2026-09-27 11:07:01.011149+00
5818737065;7454546340;true;0;2026-09-27 11:07:01.08312+00
6301073207;1855656384;true;0;2026-09-27 11:07:02.330229+00
6190272123;5883256066;true;0;2026-09-27 11:07:03.044157+00
1163198065;7454546340;true;0;2026-09-27 11:07:05.066904+00
8779662595;8101613226;true;0;2026-09-27 11:07:05.132675+00
8795912405;6587611725;true;0;2026-09-27 11:07:06.916041+00
6843895821;6535148422;true;0;2026-09-27 11:07:06.91733+00
8480781079;5930588873;true;0;2026-09-27 11:07:17.560052+00
7755293244;1855656384;true;0;2026-09-27 11:07:19.486533+00
6634553073;7637567582;true;0;2026-09-27 11:07:19.743926+00
6606655147;5619815483;true;0;2026-09-27 11:07:25.307917+00
8403388931;6587611725;true;0;2026-09-27 11:07:25.467664+00
5778905161;5619815483;true;0;2026-09-27 11:07:25.660927+00
7849708888;5619815483;true;0;2026-09-27 11:07:25.838488+00
7541951203;5619815483;true;0;2026-09-27 11:07:26.330751+00
7150581946;5619815483;true;0;2026-09-27 11:07:26.414919+00
5751577402;5619815483;true;0;2026-09-27 11:07:26.480904+00
5768450425;5619815483;true;0;2026-09-27 11:07:26.874966+00
6688442971;5619815483;true;0;2026-09-27 11:07:27.335026+00
7217551058;8811594840;true;0;2026-09-27 11:07:27.405914+00
6374428286;1193894441;true;0;2026-09-27 11:07:30.502505+00
8967952651;7181018784;true;0;2026-09-27 11:07:32.515003+00
5526115753;5619815483;true;0;2026-09-27 11:07:32.573945+00
7090723548;5619815483;true;0;2026-09-27 11:07:33.968476+00
5422443803;5619815483;true;0;2026-09-27 11:07:36.918994+00
8790358735;5619815483;true;0;2026-09-27 11:07:37.448917+00
6760985802;6506658990;true;0;2026-09-27 11:07:38.290915+00
6142852718;7052929719;true;0;2026-09-27 11:07:41.206378+00
7998561151;8811594840;true;0;2026-09-27 11:07:41.699242+00
7480294545;6535148422;true;0;2026-09-27 11:07:42.343031+00
7113543580;6518289668;true;0;2026-09-27 11:07:44.429547+00
7664201133;7422269738;true;0;2026-09-27 11:07:44.880073+00
8995480009;7510179367;true;0;2026-09-27 11:07:46.063943+00
6904870533;7112182618;true;0;2026-09-27 11:07:46.149309+00
8802100580;6579786009;true;0;2026-09-27 11:07:46.786613+00
6313628701;5619815483;true;0;2026-09-27 11:07:46.833922+00
7124335351;5863753382;true;0;2026-09-27 11:07:49.869571+00
5382581275;5619815483;true;0;2026-09-27 11:07:50.20884+00
7109364735;5863753382;true;0;2026-09-27 11:07:53.923084+00
6388453381;7875362990;true;0;2026-09-27 11:07:56.505919+00
7290520808;6535148422;true;0;2026-09-27 11:07:56.866011+00
6177678499;8679476564;true;0;2026-09-27 11:07:57.068632+00
5124364574;6717942732;true;0;2026-09-27 11:07:58.928994+00
7219492181;7034695742;true;0;2026-09-27 11:07:59.365875+00
5993705428;5930588873;true;0;2026-09-27 11:08:00.872481+00
7305706006;8783092908;true;0;2026-09-27 11:08:03.326908+00
8720379747;6955951067;true;0;2026-09-27 11:08:04.923669+00
8459679044;5930588873;true;0;2026-09-27 11:08:06.008914+00
1626688336;8143524237;true;0;2026-09-27 11:08:08.076844+00
6360114206;7952962913;true;0;2026-09-27 11:08:10.034302+00
6035505231;5930588873;true;0;2026-09-27 11:08:15.947925+00
7068202380;7016898584;true;0;2026-09-27 11:08:16.650735+00
7195286303;6587611725;true;0;2026-09-27 11:08:18.705921+00
7400443939;7637567582;true;0;2026-09-27 11:08:22.09119+00
6340400661;1855656384;true;0;2026-09-27 11:08:23.108088+00
7541829689;8239674592;true;0;2026-09-27 11:08:25.940485+00
1894503070;1925786737;true;0;2026-09-27 11:08:30.182907+00
8262525019;7956759599;true;0;2026-09-27 11:08:31.005969+00
7072511851;6503583119;true;0;2026-09-27 11:08:32.634821+00
1728220902;6518289668;true;0;2026-09-27 11:08:34.254571+00
8240865687;8707300359;true;0;2026-09-27 11:08:34.884061+00
5867488589;1193894441;true;0;2026-09-27 11:08:36.064924+00
7673462744;8811594840;true;0;2026-09-27 11:08:39.309904+00
8014147803;7510179367;true;0;2026-09-27 11:08:43.425925+00
5477619287;7637567582;true;0;2026-09-27 11:08:46.089404+00
8067989558;7637567582;true;0;2026-09-27 11:08:46.109456+00
8317875987;6535148422;true;0;2026-09-27 11:09:15.865311+00
8945594640;1193894441;true;0;2026-09-27 11:09:15.894328+00
8985113824;6978820493;true;0;2026-09-27 11:09:28.522022+00
6594805529;6475645296;true;0;2026-09-27 11:09:48.974914+00
8948391045;1193894441;true;0;2026-09-27 11:09:54.163467+00
7174204930;8365923252;true;0;2026-09-27 11:10:02.299052+00
5873806306;8811594840;true;0;2026-09-27 11:10:48.571984+00
8223001054;1193894441;true;0;2026-09-27 11:11:13.760954+00
7210733531;1782040547;true;0;2026-09-27 11:11:30.442907+00
1918586155;8596120398;true;0;2026-09-27 11:13:27.061014+00
6438744693;8790358735;true;0;2026-09-27 11:14:13.101823+00
7609194227;8080225345;true;0;2026-09-27 11:37:03.514908+00
8770512731;6368629004;true;0;2026-09-27 11:37:36.408728+00
6805352154;6368629004;true;0;2026-09-27 11:37:40.671466+00
614832153;8738911971;true;0;2026-09-27 11:38:34.529642+00
7269734139;7070614700;true;0;2026-09-27 11:38:37.547251+00
7172173880;1855656384;true;0;2026-09-27 11:38:46.156914+00
8685112208;6518289668;true;0;2026-09-27 11:38:54.106576+00
6407470393;7637567582;true;0;2026-09-27 11:39:24.072019+00
7905950265;6499229978;true;0;2026-09-27 11:39:27.708148+00
7814770046;6579786009;true;0;2026-09-27 11:39:31.296584+00
8068891534;6694722648;true;0;2026-09-27 11:39:37.144926+00
6829902899;7240012520;true;0;2026-09-27 11:40:01.761086+00
7930575365;6499229978;true;0;2026-09-27 11:40:13.467542+00
8640057408;6371810631;true;0;2026-09-27 11:40:15.340147+00
5701764603;7613542825;true;0;2026-09-27 11:40:31.957844+00
2145308624;1923149727;true;0;2026-09-27 11:40:50.061918+00
7693447102;6618225075;true;0;2026-09-27 11:41:36.103912+00
8042188954;5459309218;true;0;2026-09-27 11:42:32.42785+00
7648096078;7560073659;true;0;2026-09-27 11:42:40.894511+00
8282189720;7052929719;true;0;2026-09-27 11:42:43.232934+00
6963729261;7052929719;true;0;2026-09-27 11:42:51.004909+00
8578338099;5459309218;true;0;2026-09-27 11:43:12.25858+00
7181345657;8427645117;true;0;2026-09-27 11:43:20.547872+00
6721045512;6518289668;true;0;2026-09-27 11:43:31.232984+00
6728632293;8811594840;true;0;2026-09-27 11:44:01.808925+00
7416437797;6590709523;true;0;2026-09-27 11:44:11.194042+00
8451668769;1855656384;true;0;2026-09-27 12:15:32.227433+00
6568646554;7673104837;true;0;2026-09-27 12:16:20.171253+00
5447082935;6546261693;true;0;2026-09-27 12:16:43.306566+00
8214174814;6515204020;true;0;2026-09-27 12:17:55.285922+00
6747865613;5709504255;true;0;2026-09-27 12:17:58.746779+00
1844913138;2142924045;true;0;2026-09-27 12:18:05.417763+00
1270401701;6579786009;true;0;2026-09-27 12:18:40.847914+00
7520231667;7467214219;true;0;2026-09-27 12:19:54.368314+00
8176183796;5863753382;true;0;2026-09-27 12:20:28.865156+00
8381740685;8427645117;true;0;2026-09-27 12:20:42.083568+00
6720571848;7454546340;true;0;2026-09-27 12:20:52.330979+00
6783370593;8544484535;true;0;2026-09-27 12:21:10.869563+00
5280467077;6146797678;true;0;2026-09-27 12:54:44.773407+00
7185423955;8024487736;true;0;2026-09-27 12:55:07.458109+00
7679509025;5459309218;true;0;2026-09-27 12:56:47.976934+00
5221202499;5065854600;true;0;2026-09-27 12:57:00.712981+00
6794344467;7191905983;true;0;2026-09-27 12:57:02.772849+00
8309689676;6317252244;true;0;2026-09-27 13:45:11.939798+00
8492471755;5709504255;true;0;2026-09-27 13:45:36.399106+00
7213267629;8712184474;true;0;2026-09-27 13:45:40.668778+00
8140719876;7177841397;true;0;2026-09-27 13:46:18.618484+00
8063842351;8670732503;true;0;2026-09-27 13:46:56.059243+00
583132283;7826053884;true;0;2026-09-27 13:47:21.394103+00
6132911541;8330897803;true;0;2026-09-27 13:47:40.711161+00
8257540181;8720739001;true;0;2026-09-27 13:47:56.67631+00
7683207378;7126566467;true;0;2026-09-27 13:48:17.22704+00
1856985677;8954036308;true;0;2026-09-27 13:48:23.792024+00
8417298612;5528794190;true;0;2026-09-27 13:48:37.375457+00
8165003883;8954036308;true;0;2026-09-27 13:49:03.484443+00
5060385283;7169257024;true;0;2026-09-27 13:49:16.357042+00
6974957322;101612147;true;0;2026-09-27 13:49:22.342904+00
7822604875;1008378117;true;0;2026-09-27 13:50:11.781002+00
8362223748;1814586555;true;0;2026-09-27 13:52:03.59806+00
425600211;394397878;true;0;2026-09-27 13:52:06.088739+00
5569289350;8883046190;true;0;2026-09-27 13:52:32.326943+00
5052763493;1923149727;true;0;2026-09-27 13:52:52.632888+00
1629572473;7040084040;true;0;2026-09-27 13:52:58.929926+00
8124532353;6723552963;true;0;2026-09-27 13:53:08.100916+00
8586672852;8954036308;true;0;2026-09-27 13:54:06.99373+00
7223006275;5863753382;true;0;2026-09-27 13:54:22.683728+00
1939714169;5059162020;true;0;2026-09-27 13:55:15.542045+00
6716581083;1762194412;true;0;2026-09-27 13:55:18.196925+00
6404869037;7290788552;true;0;2026-09-27 14:19:03.598498+00
8547484780;7196677406;true;0;2026-09-27 14:20:07.074067+00
8338699875;7538120158;true;0;2026-09-27 14:20:21.767745+00
7672208055;8954036308;true;0;2026-09-27 14:21:13.167253+00
7039964310;7651145168;true;0;2026-09-27 14:21:23.028124+00
7151574388;6156443552;true;0;2026-09-27 14:21:24.554915+00
5360894525;8811594840;true;0;2026-09-27 14:21:34.236435+00
6981196080;7144601808;true;0;2026-09-27 14:21:37.500233+00
1123706923;5310318905;true;0;2026-09-27 14:51:22.801687+00
8684606337;8713033726;true;0;2026-09-27 14:51:34.015777+00
6718327646;7169257024;true;0;2026-09-27 14:51:51.979723+00
8010931643;101612147;true;0;2026-09-27 14:51:56.438996+00
8770333860;6235401016;true;0;2026-09-27 14:56:14.940836+00
8975083037;8667955518;true;0;2026-09-27 14:56:53.529263+00
8710100547;1956898640;true;0;2026-09-27 14:56:59.90061+00
1463151138;8033043411;true;0;2026-09-27 14:57:25.655947+00
7082090155;7355887350;true;0;2026-09-27 14:57:37.65874+00
7446650912;6635952181;true;0;2026-09-27 14:57:54.733025+00
8370366377;1139732777;true;0;2026-09-27 14:58:04.390032+00
5572606229;7637567582;true;0;2026-09-27 14:58:18.997708+00
1352389031;87285501;true;0;2026-09-27 14:58:28.476907+00
8256183381;7590456034;true;0;2026-09-27 14:59:28.856539+00
7559699483;5482229599;true;0;2026-09-27 15:00:09.299516+00
8263241988;7467214219;true;0;2026-09-27 15:01:21.751982+00
6045224110;6789130627;true;0;2026-09-27 15:01:55.159561+00
8648879426;6499229978;true;0;2026-09-27 15:02:04.752027+00
5934951643;5054324352;true;0;2026-09-27 15:02:36.739347+00
7257579349;5338861972;true;0;2026-09-27 15:02:52.676808+00
6844002804;1762194412;true;0;2026-09-27 15:03:04.476921+00
5184990839;8615498502;true;0;2026-09-27 15:03:31.333908+00
7482479437;8615498502;true;0;2026-09-27 15:03:33.615503+00
7001260238;8381740685;true;0;2026-09-27 15:04:04.151989+00
8427428969;6496678531;true;0;2026-09-27 15:04:09.701756+00
8621619614;5338861972;true;0;2026-09-27 15:04:18.181073+00
1497246059;8954036308;true;0;2026-09-27 15:04:42.477941+00
270123062;1163433276;true;0;2026-09-27 15:07:47.677954+00
1929855145;8615498502;true;0;2026-09-27 15:07:47.858444+00
8556233269;5919367787;true;0;2026-09-27 15:07:49.41959+00
8541496058;8985797123;true;0;2026-09-27 15:07:50.103906+00
8281425792;6432254889;true;0;2026-09-27 15:07:57.469313+00
8941526412;7933223259;true;0;2026-09-27 15:09:12.188449+00
6567229147;5241535336;true;0;2026-09-27 15:09:15.921954+00
5338413582;7708561744;true;0;2026-09-27 15:09:21.517922+00
8985118692;6638606520;true;0;2026-09-27 15:09:29.647044+00
8410030578;7865006773;true;0;2026-09-27 15:09:52.339692+00
6865479017;6921371733;true;0;2026-09-27 15:10:17.29177+00
8205455966;7482479437;true;0;2026-09-27 15:10:23.740751+00
2096183192;7214193796;true;0;2026-09-27 15:11:01.081881+00
8593994564;5040904740;true;0;2026-09-27 15:11:16.968097+00
8143167477;6626229834;true;0;2026-09-27 15:11:17.4962+00
8015215786;6342438558;true;0;2026-09-27 15:11:52.724743+00
7272795661;7676108871;true;0;2026-09-27 15:12:00.21+00
7036397614;6445238971;true;0;2026-09-27 15:12:32.769955+00
392624505;1698130348;true;0;2026-09-27 15:13:07.354955+00
8829123228;7744682439;true;0;2026-09-27 15:13:32.829917+00
1779602686;5987595217;true;0;2026-09-27 15:14:20.809918+00
7170952238;6587611725;true;0;2026-09-27 11:08:48.158185+00
7624956503;6475645296;true;0;2026-09-27 11:08:48.217189+00
8709830769;5863753382;true;0;2026-09-27 11:09:09.763976+00
1327330908;7150028516;true;0;2026-09-27 11:09:24.113444+00
6632679458;6518289668;true;0;2026-09-27 11:09:28.371045+00
6581646899;6535148422;true;0;2026-09-27 11:09:37.953747+00
5985640372;8365923252;true;0;2026-09-27 11:09:44.577729+00
7263283541;7150028516;true;0;2026-09-27 11:10:12.385246+00
6870885908;7422269738;true;0;2026-09-27 11:10:19.064275+00
5197611600;6955951067;true;0;2026-09-27 11:10:29.371939+00
7968031693;7240012520;true;0;2026-09-27 11:10:54.998082+00
6445586867;5888095155;true;0;2026-09-27 11:11:27.574193+00
8468188017;1925786737;true;0;2026-09-27 11:11:31.610247+00
5373573118;1193894441;true;0;2026-09-27 11:11:40.009257+00
7506082578;7290520808;true;0;2026-09-27 11:11:53.668625+00
7615349926;8815764832;true;0;2026-09-27 11:12:41.798051+00
5870212114;1855656384;true;0;2026-09-27 11:12:43.593673+00
7276038262;8720739001;true;0;2026-09-27 11:37:03.586606+00
7995158712;7637567582;true;0;2026-09-27 11:37:18.265237+00
6097572331;1743469511;true;0;2026-09-27 11:37:39.937116+00
8833952267;8982120274;true;0;2026-09-27 11:38:20.647477+00
8652045368;7609451022;true;0;2026-09-27 11:38:22.101719+00
7038758902;6146797678;true;0;2026-09-27 11:39:20.285915+00
8459519696;7422269738;true;0;2026-09-27 11:39:41.955083+00
6546027475;5863753382;true;0;2026-09-27 11:39:48.542963+00
6236695379;8227777950;true;0;2026-09-27 11:40:40.4914+00
7746844509;1193894441;true;0;2026-09-27 11:41:34.48148+00
8754331638;7394447390;true;0;2026-09-27 11:41:44.905967+00
7642872295;8427645117;true;0;2026-09-27 11:42:06.431995+00
8906754669;7560073659;true;0;2026-09-27 11:43:10.786926+00
8238277112;7444845460;true;0;2026-09-27 11:44:40.224392+00
8657424486;5141127080;true;0;2026-09-27 11:44:54.959512+00
8365582500;8670732503;true;0;2026-09-27 12:15:41.941915+00
8562482784;7360570017;true;0;2026-09-27 12:15:59.35492+00
5972793462;6503583119;true;0;2026-09-27 12:16:09.654191+00
7767142064;8782326610;true;0;2026-09-27 12:16:11.817507+00
7969864454;7418456348;true;0;2026-09-27 12:16:19.99898+00
8244068338;8200498777;true;0;2026-09-27 12:16:53.560918+00
7078040250;8898432892;true;0;2026-09-27 12:17:09.085926+00
6605546567;6579786009;true;0;2026-09-27 12:17:43.078974+00
5097086365;7355887350;true;0;2026-09-27 12:17:53.085975+00
7769498229;8356487329;true;0;2026-09-27 12:18:23.548545+00
6776257922;5211801993;true;0;2026-09-27 12:19:04.427925+00
6961753717;7246552735;true;0;2026-09-27 12:19:05.752793+00
8774039505;7150028516;true;0;2026-09-27 12:19:08.342921+00
8448730677;6312362664;true;0;2026-09-27 12:19:47.666984+00
8836792621;6371810631;true;0;2026-09-27 12:19:47.713259+00
5542452249;6015348964;true;0;2026-09-27 12:19:51.44779+00
8068470750;7246552735;true;0;2026-09-27 12:19:51.530875+00
1942535430;7387726100;true;0;2026-09-27 12:20:00.842717+00
7360779238;7049759895;true;0;2026-09-27 12:20:05.916482+00
8318189449;7360233425;true;0;2026-09-27 12:20:18.395149+00
5753351587;8970869433;true;0;2026-09-27 12:20:41.567162+00
6207462576;7467214219;true;0;2026-09-27 12:20:41.974034+00
1635003363;7350200155;true;0;2026-09-27 12:21:01.848913+00
8070764575;7976642327;true;0;2026-09-27 12:21:25.655905+00
6508588142;7467214219;true;0;2026-09-27 12:21:29.531907+00
8974170951;7510179367;true;0;2026-09-27 12:21:33.328272+00
1311301340;255837383;true;0;2026-09-27 12:54:46.957214+00
5219397099;1923149727;true;0;2026-09-27 12:55:21.200757+00
7878637552;7430134095;true;0;2026-09-27 12:56:59.251911+00
6740178025;5486251799;true;0;2026-09-27 12:57:11.375982+00
5628028311;6769110358;true;0;2026-09-27 12:57:27.454924+00
6880988611;7347281730;true;0;2026-09-27 12:57:49.815892+00
8940225562;8227777950;true;0;2026-09-27 12:58:19.597385+00
163625183;95060239;true;0;2026-09-27 12:58:56.559769+00
7592584615;5580298339;true;0;2026-09-27 12:59:04.187918+00
1632238102;6146797678;true;0;2026-09-27 12:59:18.927005+00
6973181749;6579786009;true;0;2026-09-27 13:00:04.628158+00
6156443552;7708561744;true;0;2026-09-27 13:00:23.760918+00
5387885924;5883256066;true;0;2026-09-27 13:01:46.601507+00
7620530899;5925644676;true;0;2026-09-27 13:01:51.979203+00
6475368496;5580298339;true;0;2026-09-27 13:02:20.698924+00
8967484521;6475645296;true;0;2026-09-27 13:02:32.615354+00
8795628782;6851714520;true;0;2026-09-27 13:02:37.54214+00
6977608880;7164188765;true;0;2026-09-27 13:02:39.252002+00
8600838460;8092029004;true;0;2026-09-27 13:02:58.402912+00
7323279817;6475645296;true;0;2026-09-27 13:05:36.648932+00
7484072221;5459309218;true;0;2026-09-27 13:05:47.806895+00
1987165597;5580298339;true;0;2026-09-27 13:07:09.766419+00
380917333;7040084040;true;0;2026-09-27 13:07:24.320128+00
6261740994;6114919627;true;0;2026-09-27 13:07:27.325914+00
1090557288;6355193298;true;0;2026-09-27 13:07:27.818394+00
7521729641;5988245172;true;0;2026-09-27 13:08:34.23093+00
6109057956;8241890865;true;0;2026-09-27 13:09:43.030743+00
8348665915;1680525739;true;0;2026-09-27 13:10:30.291166+00
8892943813;5249943765;true;0;2026-09-27 13:10:52.803684+00
8594858930;5580298339;true;0;2026-09-27 13:10:54.40006+00
6169622228;2142924045;true;0;2026-09-27 13:11:06.457618+00
8514208542;6313639331;true;0;2026-09-27 13:45:40.328958+00
1082351313;8954036308;true;0;2026-09-27 13:46:15.443918+00
5816550755;7637567582;true;0;2026-09-27 13:47:46.194267+00
5590618071;5059162020;true;0;2026-09-27 13:49:18.457478+00
8437725967;7799495300;true;0;2026-09-27 13:49:43.220904+00
8730304635;7632808717;true;0;2026-09-27 13:49:49.735873+00
8309731853;101612147;true;0;2026-09-27 13:49:52.335943+00
7436031051;226425775;true;0;2026-09-27 13:49:52.618961+00
8559803511;8550020292;true;0;2026-09-27 13:51:19.066557+00
5528455120;59587816;true;0;2026-09-27 13:51:24.251366+00
822809552;542822412;true;0;2026-09-27 13:51:30.908432+00
6640889432;6662964886;true;0;2026-09-27 13:51:49.354942+00
7481144796;6648524106;true;0;2026-09-27 13:52:53.189972+00
778952240;1487314449;true;0;2026-09-27 13:53:35.52277+00
6366668151;657851204;true;0;2026-09-27 13:53:39.825144+00
5039209871;1923149727;true;0;2026-09-27 13:54:40.467201+00
6389553911;7518161618;true;0;2026-09-27 13:55:03.224414+00
6530857035;7467214219;true;0;2026-09-27 13:55:10.286594+00
6472842353;8954036308;true;0;2026-09-27 13:55:19.81634+00
7342324001;6445238971;true;0;2026-09-27 14:19:05.514955+00
5182079174;7538120158;true;0;2026-09-27 14:19:08.895323+00
7679749469;7290520808;true;0;2026-09-27 14:19:15.01393+00
8682437663;8454787301;true;0;2026-09-27 14:19:16.234917+00
8887421588;5558416024;true;0;2026-09-27 14:20:22.506421+00
8971627097;1139732777;true;0;2026-09-27 14:20:49.13918+00
6877837637;6367762579;true;0;2026-09-27 14:21:07.649802+00
7814463928;8121821371;true;0;2026-09-27 14:21:21.122915+00
8491224788;7563720163;true;0;2026-09-27 14:21:26.255904+00
8943579145;7563720163;true;0;2026-09-27 14:21:29.097914+00
801406735;7563720163;true;0;2026-09-27 14:21:29.901932+00
5970085490;8229825936;true;0;2026-09-27 14:57:35.020345+00
6891436299;7302305661;true;0;2026-09-27 14:58:57.009489+00
8412265464;1620730859;true;0;2026-09-27 14:59:29.035001+00
8627285410;8123704101;true;0;2026-09-27 14:59:33.163591+00
8398809370;6445238971;true;0;2026-09-27 14:59:39.771931+00
5219644862;6587611725;true;0;2026-09-27 14:59:54.235167+00
8874008638;5481926648;true;0;2026-09-27 15:00:04.298993+00
8416155771;226425775;true;0;2026-09-27 15:01:09.339939+00
7676108871;1814586555;true;0;2026-09-27 15:01:24.659554+00
8300526328;6214797784;true;0;2026-09-27 15:01:40.989199+00
5203243288;7467214219;true;0;2026-09-27 15:03:13.114016+00
6214727816;8670732503;true;0;2026-09-27 15:03:38.350989+00
8251107657;59587816;true;0;2026-09-27 15:03:49.158924+00
8260226760;1839938649;true;0;2026-09-27 15:04:55.278629+00
7188990650;7822604875;true;0;2026-09-27 15:07:47.819925+00
8136655102;6214797784;true;0;2026-09-27 15:07:58.647896+00
5667404600;7708561744;true;0;2026-09-27 15:08:07.59018+00
1663466567;7052929719;true;0;2026-09-27 11:08:52.709615+00
6820421832;7637567582;true;0;2026-09-27 11:08:56.865697+00
6269264494;6535148422;true;0;2026-09-27 11:09:23.944904+00
8855136559;8240992955;true;0;2026-09-27 11:09:56.308379+00
7831643530;7112182618;true;0;2026-09-27 11:11:25.034121+00
2136310665;7510179367;true;0;2026-09-27 11:12:25.321991+00
8685454271;7112182618;true;0;2026-09-27 11:12:27.757908+00
121264917;7150028516;true;0;2026-09-27 11:13:27.645194+00
6647727972;8790358735;true;0;2026-09-27 11:14:23.723614+00
6651198041;8790358735;true;0;2026-09-27 11:14:23.857117+00
6211636213;8790358735;true;0;2026-09-27 11:14:26.340074+00
6609000820;5599422047;true;0;2026-09-27 11:37:09.48465+00
8639543063;7637567582;true;0;2026-09-27 11:38:19.853633+00
1090534863;6424915694;true;0;2026-09-27 11:38:44.589571+00
8937751569;7681447524;true;0;2026-09-27 11:38:51.463952+00
7709037487;8232768035;true;0;2026-09-27 11:39:53.569571+00
6111311826;5068559624;true;0;2026-09-27 11:40:30.845171+00
1010797705;255837383;true;0;2026-09-27 11:41:02.766236+00
5166087696;6146797678;true;0;2026-09-27 11:41:05.992003+00
7498857374;7510179367;true;0;2026-09-27 11:41:07.113641+00
8108582731;8427645117;true;0;2026-09-27 11:41:35.555723+00
8793700575;7532391908;true;0;2026-09-27 11:41:54.507627+00
1900296165;7240012520;true;0;2026-09-27 11:42:22.508931+00
8155962284;6475645296;true;0;2026-09-27 11:42:28.466711+00
6476711576;8740386488;true;0;2026-09-27 11:43:11.152492+00
8835871180;1193894441;true;0;2026-09-27 11:43:55.805094+00
7999011699;6475645296;true;0;2026-09-27 11:44:14.469081+00
8001541252;7613542825;true;5.0000;2026-09-27 11:40:22.128965+00
8846156146;8227777950;true;0;2026-09-27 12:20:35.919652+00
7773117713;8339299560;true;0;2026-09-27 12:21:08.904833+00
7206314571;7708561744;true;0;2026-09-27 12:54:48.437966+00
8857721394;6955951067;true;0;2026-09-27 12:54:51.474926+00
7121056388;7637567582;true;0;2026-09-27 12:55:03.237647+00
7470781529;6971638079;true;0;2026-09-27 12:55:37.967682+00
8615942138;8427645117;true;0;2026-09-27 12:56:07.6287+00
8933370911;7609451022;true;0;2026-09-27 12:56:30.979784+00
8253375750;6635952181;true;0;2026-09-27 12:57:16.511688+00
1889165288;7299021506;true;0;2026-09-27 12:58:14.255949+00
8969780138;7419454193;true;0;2026-09-27 12:58:37.074909+00
6648542636;1855656384;true;0;2026-09-27 12:58:39.267943+00
6864531336;7422269738;true;0;2026-09-27 12:58:39.903154+00
8374786334;6990730373;true;0;2026-09-27 12:58:54.817463+00
8519766769;6694722648;true;0;2026-09-27 12:59:20.802547+00
7267576027;8227777950;true;0;2026-09-27 12:59:47.746818+00
6511416110;5988245172;true;0;2026-09-27 13:00:03.272541+00
8694521822;7246552735;true;0;2026-09-27 13:01:05.055618+00
5396044877;542822412;true;0;2026-09-27 13:01:14.898538+00
7518161618;7240012520;true;0;2026-09-27 13:01:16.536613+00
8905865491;8745305525;true;0;2026-09-27 13:01:50.734014+00
8590567289;8559261159;true;0;2026-09-27 13:06:11.733621+00
6624928900;6475645296;true;0;2026-09-27 13:06:20.942228+00
1707453611;7299021506;true;0;2026-09-27 13:06:36.56391+00
7701724774;8783092908;true;0;2026-09-27 13:07:12.350281+00
7342411851;7411242147;true;0;2026-09-27 13:07:53.026921+00
5088295675;7302305661;true;0;2026-09-27 13:08:14.836879+00
7491606228;1855656384;true;0;2026-09-27 13:08:44.348116+00
8440067074;6829902899;true;0;2026-09-27 13:08:58.113981+00
7128587126;8241890865;true;0;2026-09-27 13:09:54.247921+00
1237284189;7467214219;true;0;2026-09-27 13:10:10.401745+00
6788365120;7613542825;true;0;2026-09-27 13:10:37.093319+00
821602671;5580298339;true;0;2026-09-27 13:10:53.517581+00
5351571968;5709504255;true;0;2026-09-27 13:13:10.600129+00
7144074483;5486251799;true;0;2026-09-27 13:45:51.139533+00
5964181428;8811594840;true;0;2026-09-27 13:45:59.117332+00
8593381566;8026237942;true;0;2026-09-27 13:46:01.457761+00
8575216203;6546261693;true;0;2026-09-27 13:46:41.886603+00
8513798090;8380916723;true;0;2026-09-27 13:46:49.172946+00
7169257024;6955951067;true;0;2026-09-27 13:46:58.65792+00
7350721792;8088784483;true;0;2026-09-27 13:47:47.553655+00
8073908030;6028335644;true;0;2026-09-27 13:48:42.468082+00
8801790034;1855656384;true;0;2026-09-27 13:49:02.643936+00
6878856718;6475645296;true;0;2026-09-27 13:49:24.71633+00
7271390316;5040904740;true;0;2026-09-27 13:49:49.711774+00
5196555694;8365923252;true;0;2026-09-27 13:50:12.459648+00
7633153586;7145628016;true;0;2026-09-27 13:51:06.016942+00
7869937627;5863753382;true;0;2026-09-27 13:51:29.198722+00
6671259462;6317252244;true;0;2026-09-27 13:52:17.587905+00
8316984037;7681447524;true;0;2026-09-27 13:52:49.571921+00
6321945542;6424915694;true;0;2026-09-27 13:53:07.441899+00
6536031848;7299021506;true;0;2026-09-27 13:53:24.120962+00
5057580186;1923149727;true;0;2026-09-27 13:53:35.208092+00
8749828002;8958989032;true;0;2026-09-27 13:54:09.27093+00
5098490965;1923149727;true;0;2026-09-27 13:54:09.826031+00
5037012196;1923149727;true;0;2026-09-27 13:55:32.367922+00
5999800645;7052929719;true;0;2026-09-27 14:19:18.256773+00
7659272601;5040904740;true;0;2026-09-27 14:20:10.121922+00
785264406;5141127080;true;0;2026-09-27 14:20:16.136925+00
5677187245;7144601808;true;0;2026-09-27 15:00:00.280054+00
7855531515;6214797784;true;0;2026-09-27 15:00:32.234052+00
8544823446;5338861972;true;0;2026-09-27 15:01:13.502547+00
6151681215;5040904740;true;0;2026-09-27 15:01:23.124936+00
7869769761;1090534863;true;0;2026-09-27 15:02:04.401625+00
6580295570;6340638549;true;0;2026-09-27 15:02:33.859225+00
7894458464;6605200637;true;0;2026-09-27 15:02:34.571928+00
8591012389;8392286342;true;0;2026-09-27 15:02:50.232804+00
8841771185;5338861972;true;0;2026-09-27 15:03:29.071898+00
6948567398;8809034647;true;0;2026-09-27 15:03:29.692259+00
6672024342;886866275;true;0;2026-09-27 15:04:00.136707+00
8579558909;8954036308;true;0;2026-09-27 15:04:02.644944+00
6189673108;7510179367;true;0;2026-09-27 15:05:31.459711+00
8333707200;87285501;true;0;2026-09-27 15:06:35.129991+00
7885413256;5329728019;true;0;2026-09-27 15:07:48.140702+00
7740513881;7289356059;true;0;2026-09-27 15:07:52.81989+00
8270827099;5636526188;true;0;2026-09-27 15:07:56.900002+00
8907726601;87285501;true;0;2026-09-27 15:08:07.587112+00
6372069827;5040904740;true;0;2026-09-27 15:08:10.712672+00
7023889122;8222004196;true;0;2026-09-27 15:08:13.757686+00
8718176851;8560110004;true;0;2026-09-27 15:08:17.736878+00
8550702057;8967726776;true;0;2026-09-27 15:08:19.226517+00
8187649562;5040904740;true;0;2026-09-27 15:08:57.305395+00
7166666195;7467214219;true;0;2026-09-27 15:09:00.459718+00
6683165843;8379248949;true;0;2026-09-27 15:09:13.105498+00
5190119824;8954036308;true;0;2026-09-27 15:09:16.006903+00
8255088462;6755663411;true;0;2026-09-27 15:09:53.303925+00
6045846433;8559261159;true;0;2026-09-27 15:10:16.66077+00
1569241420;6695278329;true;0;2026-09-27 15:10:16.932648+00
5593921112;8954036308;true;0;2026-09-27 15:10:41.429567+00
7965069753;226425775;true;0;2026-09-27 15:10:58.491018+00
5986307135;724035295;true;0;2026-09-27 15:11:16.646531+00
8563364061;8222004196;true;0;2026-09-27 15:11:33.769253+00
8864672074;5987595217;true;0;2026-09-27 15:11:56.155693+00
6642202548;8954036308;true;0;2026-09-27 15:12:42.078346+00
8052240149;7422269738;true;0;2026-09-27 15:12:44.652538+00
6218696805;226425775;true;0;2026-09-27 15:13:34.61192+00
7099172255;5482229599;true;0;2026-09-27 15:13:47.268905+00
8574202823;7630515620;true;0;2026-09-27 15:14:15.619763+00
7713349543;7957460609;true;0;2026-09-27 15:16:16.909724+00
8514782204;226425775;true;0;2026-09-27 15:16:42.09041+00
8732173875;7609451022;true;0;2026-09-27 15:16:55.573022+00
7140128193;5656742441;true;0;2026-09-27 15:17:13.456458+00
7006803911;7467214219;true;0;2026-09-27 15:19:03.038225+00
121696124;8954036308;true;0;2026-09-27 15:19:31.453917+00
8796160764;6496678531;true;0;2026-09-27 15:19:34.82353+00
7641164488;7632808717;true;0;2026-09-27 15:19:44.725282+00
8560435585;8205455966;true;0;2026-09-27 15:20:23.433954+00
6995569175;5314373808;true;0;2026-09-27 15:20:39.979741+00
6371969515;7706772064;true;0;2026-09-27 11:08:53.061313+00
8670732503;8232768035;true;0;2026-09-27 11:09:11.25051+00
1408678270;5930588873;true;0;2026-09-27 11:09:19.900126+00
138058354;8811594840;true;0;2026-09-27 11:09:22.31968+00
8623574158;6092925657;true;0;2026-09-27 11:10:08.000583+00
6497624547;7240012520;true;0;2026-09-27 11:10:13.387907+00
5292606465;8365923252;true;0;2026-09-27 11:10:20.22394+00
8924298568;6494286367;true;0;2026-09-27 11:10:20.651552+00
8288023149;8163049627;true;0;2026-09-27 11:10:32.449881+00
8188473105;8509537787;true;0;2026-09-27 11:10:36.282441+00
6558970311;6579786009;true;0;2026-09-27 11:10:58.909687+00
5844427874;6978820493;true;0;2026-09-27 11:11:00.320195+00
7569887360;7681447524;true;0;2026-09-27 11:11:02.915453+00
5786621184;5930588873;true;0;2026-09-27 11:11:11.820976+00
8723699849;6506658990;true;0;2026-09-27 11:11:16.284855+00
1071066680;6146797678;true;0;2026-09-27 11:11:34.038926+00
7815943173;6559849825;true;0;2026-09-27 11:11:52.709619+00
8968405413;7112182618;true;0;2026-09-27 11:12:15.184457+00
6874653953;5931238789;true;0;2026-09-27 11:12:21.20536+00
489563543;1193894441;true;0;2026-09-27 11:12:27.130147+00
7183843014;8509537787;true;0;2026-09-27 11:12:52.109959+00
8677470691;8519404282;true;0;2026-09-27 11:13:27.037231+00
5438476180;8811594840;true;0;2026-09-27 11:13:42.490094+00
8671033541;8670732503;true;0;2026-09-27 11:14:07.068651+00
7530949231;8092466362;true;0;2026-09-27 11:14:11.019671+00
6603961679;8790358735;true;0;2026-09-27 11:14:20.70694+00
6515360230;8790358735;true;0;2026-09-27 11:14:23.838004+00
6554278403;8790358735;true;0;2026-09-27 11:14:26.204942+00
7424165932;8165494205;true;0;2026-09-27 11:38:06.628087+00
8306220593;7011079462;true;0;2026-09-27 11:38:27.330604+00
8243500650;6523409551;true;0;2026-09-27 11:38:44.930903+00
94377762;8647674253;true;0;2026-09-27 11:39:12.615332+00
7611327900;5518467045;true;0;2026-09-27 11:39:44.446663+00
8403704673;7651145168;true;0;2026-09-27 11:40:36.955335+00
6265820390;6074915612;true;0;2026-09-27 11:42:13.776921+00
8921702251;5459309218;true;0;2026-09-27 11:42:56.47962+00
6083727159;8046316355;true;0;2026-09-27 11:43:08.307904+00
5409835691;7052929719;true;0;2026-09-27 11:43:12.385769+00
6288732604;8532677305;true;0;2026-09-27 11:43:59.741099+00
8080318794;7982325371;true;0;2026-09-27 11:44:08.207883+00
1355332093;255837383;true;0;2026-09-27 11:44:11.161403+00
8710048226;8427645117;true;0;2026-09-27 11:44:26.993808+00
6382162952;6726037707;true;0;2026-09-27 11:45:01.580107+00
7612993827;6371810631;true;0;2026-09-27 12:21:38.010198+00
834760987;166381712;true;0;2026-09-27 12:24:41.752645+00
462479549;6133933014;true;0;2026-09-27 12:25:03.012719+00
5081436677;7531839802;true;0;2026-09-27 12:25:30.703773+00
6658247953;7708561744;true;0;2026-09-27 12:25:41.540002+00
1796170383;7387726100;true;0;2026-09-27 12:26:46.322763+00
6234758944;7467214219;true;0;2026-09-27 12:26:49.456107+00
6607031636;7040084040;true;0;2026-09-27 12:26:50.246909+00
1236316539;6340638549;true;0;2026-09-27 12:27:12.921073+00
8276170316;7006377955;true;0;2026-09-27 12:28:01.241743+00
537121464;7941366581;true;0;2026-09-27 12:28:20.848684+00
5213962388;8432699815;true;0;2026-09-27 12:28:39.069636+00
8721398488;7279658358;true;0;2026-09-27 12:28:52.090824+00
8615543159;7112182618;true;0;2026-09-27 12:29:04.408914+00
7305395259;7022346297;true;0;2026-09-27 12:29:10.75606+00
1739595665;5133734491;true;0;2026-09-27 12:29:15.406045+00
5324070527;7360233425;true;0;2026-09-27 12:29:26.774923+00
2007203733;6312362664;true;0;2026-09-27 12:29:32.180633+00
7957812446;6618225075;true;0;2026-09-27 12:30:18.970719+00
99327448;8811594840;true;0;2026-09-27 12:30:43.528969+00
7101750126;7052929719;true;0;2026-09-27 12:31:08.927926+00
6283639269;7467214219;true;0;2026-09-27 12:31:10.085842+00
6854012850;1390061339;true;0;2026-09-27 12:31:22.341777+00
7673423688;8427645117;true;0;2026-09-27 12:31:38.250923+00
2080382543;1390061339;true;0;2026-09-27 12:31:38.746075+00
5133200487;7387726100;true;0;2026-09-27 12:32:11.474458+00
7128691316;7708561744;true;0;2026-09-27 12:32:28.728822+00
7777290688;1390061339;true;0;2026-09-27 12:32:45.894707+00
5112169034;1923149727;true;0;2026-09-27 12:55:16.686813+00
1640414323;7040084040;true;0;2026-09-27 12:56:28.707545+00
5131862581;7693447102;true;0;2026-09-27 12:56:53.108223+00
8412693627;5839623511;true;0;2026-09-27 12:57:00.898954+00
7039238042;6746347091;true;0;2026-09-27 12:57:10.078138+00
8072621752;1762194412;true;0;2026-09-27 13:49:07.177917+00
8140174503;8954036308;true;0;2026-09-27 13:49:55.823897+00
7544254253;6970277836;true;0;2026-09-27 13:50:29.503321+00
7261719659;8782326610;true;0;2026-09-27 13:50:45.179555+00
8580515295;1487314449;true;0;2026-09-27 13:51:06.141349+00
8329068425;7480248070;true;0;2026-09-27 13:51:59.599915+00
8587144635;6499229978;true;0;2026-09-27 13:52:04.885481+00
7169596079;6546261693;true;0;2026-09-27 13:52:55.520164+00
8689817175;7424794064;true;0;2026-09-27 13:53:10.086904+00
5773996991;5528794190;true;0;2026-09-27 13:54:33.262992+00
5292468716;1923149727;true;0;2026-09-27 14:21:37.922214+00
2091989742;8326950276;true;0;2026-09-27 14:21:40.66574+00
6084266362;886866275;true;0;2026-09-27 14:21:47.308925+00
8776692636;7563720163;true;0;2026-09-27 14:22:12.783926+00
5877148358;1811309074;true;0;2026-09-27 14:22:17.341268+00
8565951327;6312362664;true;0;2026-09-27 14:22:21.335926+00
6052555398;6028335644;true;0;2026-09-27 14:23:35.600906+00
8853894339;7040084040;true;0;2026-09-27 14:23:53.283062+00
7708797226;7191703143;true;0;2026-09-27 14:24:15.14538+00
7839820463;7286720420;true;0;2026-09-27 14:25:33.586894+00
482409385;8556328355;true;0;2026-09-27 14:25:35.499681+00
7679996595;8282179974;true;0;2026-09-27 14:25:40.047598+00
6505021001;7822604875;true;0;2026-09-27 14:25:47.159924+00
7549188133;7144601808;true;0;2026-09-27 14:26:43.280019+00
7967082554;6340638549;true;0;2026-09-27 14:27:05.07988+00
8443736685;7870379924;true;0;2026-09-27 14:29:07.678098+00
8886984877;7679749469;true;0;2026-09-27 14:29:26.509909+00
5987816594;8339299560;true;0;2026-09-27 14:30:09.416758+00
67122226;6404869037;true;0;2026-09-27 14:30:19.93311+00
8773490189;7679749469;true;0;2026-09-27 14:31:24.426061+00
840496183;367631600;true;0;2026-09-27 14:31:33.353265+00
8117933928;1391724592;true;0;2026-09-27 14:32:03.359661+00
8076852743;1391724592;true;0;2026-09-27 14:32:04.599665+00
7315582303;1391724592;true;0;2026-09-27 14:32:06.286079+00
7705570340;1391724592;true;0;2026-09-27 14:32:08.226057+00
7602577379;1391724592;true;0;2026-09-27 14:32:10.278257+00
1029374278;7563720163;true;0;2026-09-27 14:32:18.077732+00
8068480656;1391724592;true;0;2026-09-27 14:32:24.349606+00
7585635714;1391724592;true;0;2026-09-27 14:32:31.67583+00
7133374036;8407757043;true;0;2026-09-27 14:32:32.773092+00
6900766027;8958989032;true;0;2026-09-27 14:32:35.673932+00
7467460242;1391724592;true;0;2026-09-27 14:32:38.944002+00
7851471520;1391724592;true;0;2026-09-27 14:32:54.869593+00
8856487633;8227777950;true;0;2026-09-27 14:33:16.286409+00
6769215759;5459309218;true;0;2026-09-27 14:33:18.319417+00
6114536558;8229825936;true;0;2026-09-27 14:38:16.729896+00
7878258880;5459309218;true;0;2026-09-27 14:38:19.596746+00
6653949218;6955951067;true;0;2026-09-27 14:38:20.810344+00
1234552429;8811594840;true;0;2026-09-27 14:38:28.400909+00
7618548521;8381740685;true;0;2026-09-27 14:38:59.046022+00
6904503774;7957460609;true;0;2026-09-27 14:39:10.824908+00
6920023823;7070614700;true;0;2026-09-27 14:39:22.197928+00
7172413059;5040904740;true;0;2026-09-27 14:39:36.854886+00
7620417359;8147274105;true;0;2026-09-27 14:39:45.858281+00
8396044369;8283907268;true;0;2026-09-27 14:40:06.125615+00
7032562932;7563720163;true;0;2026-09-27 14:40:57.66314+00
8862474752;6662554051;true;0;2026-09-27 14:41:51.410747+00
7872018672;8147274105;true;0;2026-09-27 14:41:55.56592+00
5813326234;8954036308;true;0;2026-09-27 14:42:32.150914+00
7199623214;8647674253;true;0;2026-09-27 14:42:37.711336+00
6598172893;6648134281;true;0;2026-09-27 11:09:11.350073+00
1139516687;8239674592;true;0;2026-09-27 11:09:11.472718+00
8260265919;6341678159;true;0;2026-09-27 11:09:22.32893+00
5518467045;6503583119;true;0;2026-09-27 11:09:47.763904+00
8450818998;6955951067;true;0;2026-09-27 11:09:48.650156+00
6913709354;8783092908;true;0;2026-09-27 11:09:51.29992+00
32479066;6518289668;true;0;2026-09-27 11:10:12.406253+00
8729623299;7651145168;true;0;2026-09-27 11:10:25.453874+00
6422938476;7510179367;true;0;2026-09-27 11:10:38.485068+00
8841555660;6978820493;true;0;2026-09-27 11:10:53.789044+00
8959271787;6506658990;true;0;2026-09-27 11:11:12.683551+00
1102056207;6917528005;true;0;2026-09-27 11:11:13.044455+00
8290536071;6955951067;true;0;2026-09-27 11:11:17.280908+00
8854511272;7070614700;true;0;2026-09-27 11:11:52.193502+00
6604000660;8227777950;true;0;2026-09-27 11:11:56.562944+00
6659171452;8365923252;true;0;2026-09-27 11:12:07.001907+00
7385803017;8811594840;true;0;2026-09-27 11:12:18.01057+00
8697666135;8843787254;true;0;2026-09-27 11:12:22.975949+00
5161079989;1312051755;true;0;2026-09-27 11:12:26.089756+00
2001115417;7240012520;true;0;2026-09-27 11:12:54.608658+00
8200445775;6955951067;true;0;2026-09-27 11:12:57.051473+00
6340638549;6499229978;true;0;2026-09-27 11:13:04.793088+00
6051580377;8790358735;true;0;2026-09-27 11:14:23.714814+00
6444784917;8790358735;true;0;2026-09-27 11:14:26.111716+00
6469981442;8790358735;true;0;2026-09-27 11:14:26.364925+00
8124782449;6618225075;true;0;2026-09-27 11:45:33.96691+00
1301593426;1254022510;true;0;2026-09-27 11:46:41.574754+00
8988599574;7905950265;true;0;2026-09-27 11:47:19.157923+00
7772915146;6843895821;true;0;2026-09-27 11:48:01.272073+00
954750006;7022346297;true;0;2026-09-27 11:48:48.938437+00
2137126206;7982325371;true;0;2026-09-27 11:48:59.180127+00
7498691831;6535148422;true;0;2026-09-27 11:49:01.875523+00
8990547946;8924298568;true;0;2026-09-27 11:49:04.571596+00
6938314854;6518289668;true;0;2026-09-27 11:49:20.261705+00
7671226096;6340638549;true;0;2026-09-27 11:49:51.370858+00
8119040137;8227777950;true;0;2026-09-27 11:49:56.312039+00
7921622828;6464749326;true;0;2026-09-27 11:50:24.876927+00
7511668675;8556328355;true;0;2026-09-27 11:50:43.174929+00
8831176631;7939126003;true;0;2026-09-27 11:50:54.83631+00
8528691267;6546261693;true;0;2026-09-27 11:50:55.058915+00
852872596;1487314449;true;0;2026-09-27 11:52:18.355924+00
6253817444;8341589020;true;0;2026-09-27 11:53:58.754158+00
7167930724;7279658358;true;0;2026-09-27 11:53:59.120509+00
8718378227;5599422047;true;0;2026-09-27 11:55:14.61295+00
8688736741;6079441324;true;0;2026-09-27 11:55:19.354904+00
8131392791;7006377955;true;0;2026-09-27 12:21:41.172084+00
7503571552;7467214219;true;0;2026-09-27 12:21:59.289254+00
6148527746;1956898640;true;0;2026-09-27 12:22:03.251705+00
6034658132;7467214219;true;0;2026-09-27 12:22:36.548024+00
8394379022;6535589968;true;0;2026-09-27 12:25:13.038165+00
7809671567;7422269738;true;0;2026-09-27 12:26:09.239565+00
5593915761;6340638549;true;0;2026-09-27 12:26:21.453906+00
8289370638;7418456348;true;0;2026-09-27 12:26:43.162951+00
5944355589;6494286367;true;0;2026-09-27 12:26:49.454558+00
6182805716;6123506819;true;0;2026-09-27 12:26:49.980179+00
6817922582;7422269738;true;0;2026-09-27 12:26:58.5469+00
7115276820;5647628977;true;0;2026-09-27 12:27:07.02324+00
5256465556;1923149727;true;0;2026-09-27 12:55:21.695792+00
5037328287;1923149727;true;0;2026-09-27 12:56:15.118918+00
5304332810;6799948605;true;0;2026-09-27 12:56:38.150921+00
6553742495;7467214219;true;0;2026-09-27 12:57:04.39138+00
8045867928;7536735506;true;0;2026-09-27 13:50:52.109129+00
813044361;6445238971;true;0;2026-09-27 13:51:36.574731+00
7768003853;7536735506;true;0;2026-09-27 13:52:01.726909+00
5697954038;7510179367;true;0;2026-09-27 13:52:07.757081+00
8810451638;7536735506;true;0;2026-09-27 13:53:08.241882+00
7381493023;7040084040;true;0;2026-09-27 13:53:51.403448+00
117848640;226425775;true;0;2026-09-27 13:54:12.462921+00
7141801703;7676494139;true;0;2026-09-27 13:55:22.368829+00
123997575;7563720163;true;0;2026-09-27 14:21:38.014075+00
7615128815;6076797735;true;0;2026-09-27 14:21:56.095974+00
1224937611;8954036308;true;0;2026-09-27 14:21:57.622922+00
8893949260;8424000801;true;0;2026-09-27 14:22:00.188974+00
8910990445;6875922951;true;0;2026-09-27 14:22:13.259638+00
8612164273;5826659809;true;0;2026-09-27 14:23:35.439686+00
8569524857;7648502208;true;0;2026-09-27 14:25:11.99695+00
7380853566;8505916897;true;0;2026-09-27 14:25:45.717415+00
6422348537;7176524194;true;0;2026-09-27 14:25:54.77514+00
8707022293;6513813598;true;0;2026-09-27 14:26:33.85893+00
5462861025;7822604875;true;0;2026-09-27 14:26:40.816946+00
8989394730;8304453784;true;0;2026-09-27 14:27:06.674288+00
5636526188;7708561744;true;0;2026-09-27 14:27:11.671713+00
6763265217;6345307839;true;0;2026-09-27 14:27:51.615351+00
7821391150;7286720420;true;0;2026-09-27 14:28:04.842281+00
1697595535;1793368825;true;0;2026-09-27 14:28:11.499922+00
8181030034;8670689965;true;0;2026-09-27 14:28:25.738278+00
8836884337;7422269738;true;0;2026-09-27 14:28:35.260411+00
8465133985;5459309218;true;0;2026-09-27 14:29:16.258456+00
8917241240;7563720163;true;0;2026-09-27 14:29:48.179538+00
8806670069;7870379924;true;0;2026-09-27 14:30:02.423885+00
7891342913;8424000801;true;0;2026-09-27 14:30:17.798392+00
5575338335;8905139640;true;0;2026-09-27 14:30:43.506915+00
7159879326;6304381723;true;0;2026-09-27 14:30:57.233974+00
1763755972;8339299560;true;0;2026-09-27 14:31:10.023965+00
7039854047;8407757043;true;0;2026-09-27 14:31:17.155758+00
921056874;5459309218;true;0;2026-09-27 14:31:43.187754+00
7561457147;1391724592;true;0;2026-09-27 14:31:59.064795+00
8173723612;1391724592;true;0;2026-09-27 14:32:03.771714+00
7786270486;1391724592;true;0;2026-09-27 14:32:08.159628+00
8130945558;1391724592;true;0;2026-09-27 14:32:08.223192+00
7026032444;1391724592;true;0;2026-09-27 14:32:10.313438+00
7139745874;1391724592;true;0;2026-09-27 14:32:12.485161+00
7668050366;1391724592;true;0;2026-09-27 14:32:12.501521+00
6865347320;1391724592;true;0;2026-09-27 14:32:12.507851+00
7579056364;1391724592;true;0;2026-09-27 14:32:14.989619+00
7038358909;7563720163;true;0;2026-09-27 14:32:32.096909+00
6580921278;7563720163;true;0;2026-09-27 14:32:33.865043+00
7686222075;1391724592;true;0;2026-09-27 14:32:41.093514+00
1774008940;7044356980;true;0;2026-09-27 14:32:41.610198+00
7835071347;1391724592;true;0;2026-09-27 14:32:43.804539+00
7542683332;1391724592;true;0;2026-09-27 14:32:48.716902+00
7741324641;1391724592;true;0;2026-09-27 14:32:54.423944+00
1678365905;6513813598;true;0;2026-09-27 14:33:02.234048+00
8236493577;8436438196;true;0;2026-09-27 14:33:35.1334+00
8930655321;7118706481;true;0;2026-09-27 14:36:46.389269+00
698976214;8954036308;true;0;2026-09-27 14:37:21.041113+00
7887642453;6799948605;true;0;2026-09-27 14:37:34.113278+00
8173567035;6799948605;true;0;2026-09-27 14:38:29.821392+00
1487314449;5344852278;true;15.0000;2026-09-27 11:17:12.287761+00
8840895600;6662554051;true;0;2026-09-27 14:39:31.698919+00
1213755992;2142924045;true;0;2026-09-27 14:39:33.659552+00
6970996359;6312362664;true;0;2026-09-27 14:39:52.725647+00
5654274523;5141127080;true;0;2026-09-27 14:40:42.610946+00
8649142274;8365767752;true;0;2026-09-27 14:41:13.941436+00
7393282521;6513813598;true;0;2026-09-27 14:41:56.349011+00
7004259029;7070614700;true;0;2026-09-27 14:41:58.354503+00
5965726488;7822604875;true;0;2026-09-27 14:42:39.558607+00
8871009482;5987595217;true;0;2026-09-27 14:43:38.61725+00
7947727489;8647674253;true;0;2026-09-27 15:00:33.019931+00
8609182944;6496678531;true;0;2026-09-27 15:00:45.141518+00
8490140398;5987595217;true;0;2026-09-27 15:01:09.763138+00
6802274144;8412265464;true;0;2026-09-27 15:01:18.369118+00
8944503651;6694722648;true;0;2026-09-27 15:01:38.197043+00
978463981;8954036308;true;0;2026-09-27 15:01:45.378264+00
8122423119;8954036308;true;0;2026-09-27 15:02:05.497781+00
8149233775;5863753382;true;0;2026-09-27 15:02:14.779528+00
228170397;5930588873;true;0;2026-09-27 11:09:19.793913+00
166002206;8811594840;true;0;2026-09-27 11:09:22.309632+00
8440156852;6494286367;true;0;2026-09-27 11:09:28.069916+00
5552435164;6133933014;true;0;2026-09-27 11:09:44.472918+00
8316832057;6978820493;true;0;2026-09-27 11:09:44.527177+00
5146702848;8715575721;true;0;2026-09-27 11:09:45.310307+00
8637974621;7789411693;true;0;2026-09-27 11:09:49.711904+00
7504260130;8811594840;true;0;2026-09-27 11:09:50.884674+00
199701603;8811594840;true;0;2026-09-27 11:09:55.586323+00
8498591113;6475645296;true;0;2026-09-27 11:09:57.165911+00
6943138540;8227777950;true;0;2026-09-27 11:10:00.955812+00
8627164655;5040904740;true;0;2026-09-27 11:10:03.960925+00
6091790468;6499229978;true;0;2026-09-27 11:10:06.440029+00
8285126309;6499229978;true;0;2026-09-27 11:10:07.809217+00
1483032043;6971638079;true;0;2026-09-27 11:10:28.538382+00
8957730868;6974618064;true;0;2026-09-27 11:10:45.544931+00
8447746729;6092925657;true;0;2026-09-27 11:10:50.367999+00
7851249613;6515204020;true;0;2026-09-27 11:10:57.060972+00
8032552298;1193894441;true;0;2026-09-27 11:11:13.069288+00
2084497140;8365923252;true;0;2026-09-27 11:11:27.567355+00
6993479875;7070614700;true;0;2026-09-27 11:11:28.269795+00
1079700239;6133933014;true;0;2026-09-27 11:11:55.529009+00
6237036092;5930588873;true;0;2026-09-27 11:11:57.01328+00
6170791692;5930588873;true;0;2026-09-27 11:12:01.049562+00
7836910215;5863753382;true;0;2026-09-27 11:12:01.527103+00
7251258922;8509537787;true;0;2026-09-27 11:12:02.916213+00
6140587830;8114585387;true;0;2026-09-27 11:12:03.730959+00
8224118241;8385751932;true;0;2026-09-27 11:12:07.863765+00
6601602327;8707300359;true;0;2026-09-27 11:12:15.003295+00
6778807795;6978820493;true;0;2026-09-27 11:12:20.737005+00
8052486973;6978820493;true;0;2026-09-27 11:12:28.803105+00
8358995102;8232768035;true;0;2026-09-27 11:12:32.809593+00
8659588315;8305463159;true;0;2026-09-27 11:13:04.249642+00
8753445899;8227777950;true;0;2026-09-27 11:13:16.467481+00
8052284012;8305463159;true;0;2026-09-27 11:13:37.378976+00
8693151879;8790358735;true;0;2026-09-27 11:14:21.897268+00
6390385133;8790358735;true;0;2026-09-27 11:14:23.774564+00
6428033297;8790358735;true;0;2026-09-27 11:14:23.836381+00
8650919199;8790358735;true;0;2026-09-27 11:14:23.904075+00
6470584200;8790358735;true;0;2026-09-27 11:14:24.267887+00
5216803539;1855656384;true;0;2026-09-27 11:14:32.831299+00
7959523399;8285126309;true;0;2026-09-27 11:14:34.230903+00
5742698971;8670732503;true;0;2026-09-27 11:14:35.322707+00
6438861604;1726469063;true;0;2026-09-27 11:14:36.345661+00
8331471452;8783092908;true;0;2026-09-27 11:14:40.310509+00
8430658365;6579786009;true;0;2026-09-27 11:14:42.492906+00
5599422047;7070614700;true;0;2026-09-27 11:14:45.42493+00
6804645427;7637567582;true;0;2026-09-27 11:14:50.665438+00
6036210835;6955951067;true;0;2026-09-27 11:14:50.692352+00
8047777881;7637567582;true;0;2026-09-27 11:14:55.063925+00
7609420120;6717942732;true;0;2026-09-27 11:14:58.93614+00
5775602284;6913709354;true;0;2026-09-27 11:15:01.737513+00
7986493969;6024971158;true;0;2026-09-27 11:15:03.486914+00
8688113677;7436003013;true;0;2026-09-27 11:15:04.573016+00
6819362123;6269264494;true;0;2026-09-27 11:15:04.636903+00
6367355482;6475645296;true;0;2026-09-27 11:15:04.807765+00
6920243862;8365923252;true;0;2026-09-27 11:15:05.524921+00
8787489425;6535148422;true;0;2026-09-27 11:15:06.783605+00
6362083723;7637567582;true;0;2026-09-27 11:15:07.428856+00
8564239184;6587611725;true;0;2026-09-27 11:15:08.567453+00
6668360233;8365923252;true;0;2026-09-27 11:15:12.567077+00
6600778711;7070614700;true;0;2026-09-27 11:15:13.404905+00
6512125211;1855656384;true;0;2026-09-27 11:15:14.246818+00
6859581157;7637567582;true;0;2026-09-27 11:15:31.586634+00
1490999218;7411507851;true;0;2026-09-27 11:15:39.513953+00
1144495317;6590709523;true;0;2026-09-27 11:15:42.388602+00
2092262540;8924298568;true;0;2026-09-27 11:15:42.456918+00
8361777277;7637567582;true;0;2026-09-27 11:15:42.974945+00
7315132987;5863753382;true;0;2026-09-27 11:15:43.246323+00
6939318974;8811594840;true;0;2026-09-27 11:15:44.516538+00
8293165067;1855656384;true;17.1705;2026-09-27 10:55:20.804057+00
7068762221;1855656384;true;0;2026-09-27 11:15:44.845655+00
8786574372;8239674592;true;0;2026-09-27 11:15:45.263719+00
5490251325;6955951067;true;0;2026-09-27 11:15:55.313126+00
8444602206;6635952181;true;0;2026-09-27 11:15:58.18966+00
6707906957;6133933014;true;0;2026-09-27 11:15:58.20991+00
8126666035;6611339927;true;0;2026-09-27 11:15:58.254059+00
6127335958;5930588873;true;0;2026-09-27 11:15:58.327614+00
6529167849;7070614700;true;0;2026-09-27 11:16:00.264976+00
8621735990;5786621184;true;0;2026-09-27 11:16:00.954731+00
6197930241;6976614823;true;0;2026-09-27 11:16:05.959769+00
7118407734;7052929719;true;0;2026-09-27 11:16:08.30312+00
5528794190;8365923252;true;0;2026-09-27 11:16:10.388939+00
1041947514;8163049627;true;0;2026-09-27 11:16:10.422014+00
6455980936;6971638079;true;0;2026-09-27 11:16:11.623009+00
6035999261;8670732503;true;0;2026-09-27 11:16:15.366926+00
6681888946;5863753382;true;0;2026-09-27 11:16:15.490804+00
6472731066;7052929719;true;0;2026-09-27 11:16:16.426165+00
6411922419;6499229978;true;0;2026-09-27 11:16:17.158022+00
8831482930;7637567582;true;0;2026-09-27 11:16:22.730912+00
5724146608;6475645296;true;0;2026-09-27 11:16:25.596328+00
1776002637;8365923252;true;0;2026-09-27 11:16:29.613913+00
7881051488;1925786737;true;0;2026-09-27 11:16:34.573005+00
8568365716;6590709523;true;0;2026-09-27 11:16:36.291407+00
5680135783;1163198065;true;0;2026-09-27 11:16:39.98793+00
8053030580;7112182618;true;0;2026-09-27 11:16:41.263749+00
7956809077;6590709523;true;0;2026-09-27 11:16:47.477909+00
698273736;7875362990;true;0;2026-09-27 11:16:55.044496+00
6179514861;6146797678;true;0;2026-09-27 11:16:59.916851+00
7425121867;8707300359;true;0;2026-09-27 11:17:00.971431+00
5363488194;7454546340;true;0;2026-09-27 11:17:00.947978+00
6656462050;7510179367;true;0;2026-09-27 11:17:04.761913+00
7186885365;6579786009;true;0;2026-09-27 11:17:08.281221+00
6105604231;6506658990;true;0;2026-09-27 11:17:10.429565+00
6590345572;8101613226;true;0;2026-09-27 11:17:14.286526+00
5721506494;1312051755;true;0;2026-09-27 11:17:22.587242+00
6913034306;6424915694;true;0;2026-09-27 11:17:23.961275+00
8063355161;5709504255;true;0;2026-09-27 11:17:31.548329+00
7236514545;8101613226;true;0;2026-09-27 11:17:31.869563+00
6749162254;6717942732;true;0;2026-09-27 11:17:34.419916+00
8434634235;7240012520;true;0;2026-09-27 11:17:37.982168+00
5554571383;7875362990;true;0;2026-09-27 11:17:39.11992+00
7629709761;8924298568;true;0;2026-09-27 11:17:41.241989+00
8612922805;5863753382;true;0;2026-09-27 11:17:43.177911+00
7097617708;8924298568;true;0;2026-09-27 11:17:43.588902+00
8069261354;6424915694;true;0;2026-09-27 11:17:44.20315+00
8597460533;6475645296;true;0;2026-09-27 11:17:46.986606+00
7773738374;6587611725;true;0;2026-09-27 11:17:52.691655+00
7355887350;7411242147;true;0;2026-09-27 11:18:04.978177+00
5773684665;7070614700;true;0;2026-09-27 11:18:12.485911+00
1731290628;6146797678;true;0;2026-09-27 11:18:12.957297+00
1275169938;7052929719;true;0;2026-09-27 11:18:14.707913+00
7426519705;6535148422;true;0;2026-09-27 11:18:16.08798+00
8797892940;8783092908;true;0;2026-09-27 11:18:16.398633+00
6986281004;7708561744;true;0;2026-09-27 11:18:16.573743+00
8946196554;8864532519;true;0;2026-09-27 11:18:17.687745+00
6414959209;7851271651;true;0;2026-09-27 11:18:17.948118+00
7832238700;6424915694;true;0;2026-09-27 11:18:25.630136+00
7355271673;7436003013;true;0;2026-09-27 11:18:25.866591+00
8835579943;8356487329;true;0;2026-09-27 11:18:32.919924+00
421029293;8365923252;true;0;2026-09-27 11:18:34.269744+00
6642630720;8365923252;true;0;2026-09-27 11:18:35.600916+00
8197580535;7637567582;true;0;2026-09-27 11:18:35.665564+00
7127578126;5863753382;true;0;2026-09-27 11:18:37.269945+00
6662964886;5344852278;true;0;2026-09-27 11:18:41.565338+00
689901388;7875362990;true;0;2026-09-27 11:18:42.009321+00
8058567482;6717942732;true;0;2026-09-27 11:18:55.367312+00
6524959791;1925786737;true;0;2026-09-27 11:19:20.275969+00
8507151942;8143524237;true;0;2026-09-27 11:45:35.91091+00
8664865382;8427645117;true;0;2026-09-27 11:45:36.870489+00
6567181817;5459309218;true;0;2026-09-27 11:45:40.928235+00
8649309760;6499229978;true;0;2026-09-27 11:45:42.753171+00
7478824375;7932425811;true;0;2026-09-27 11:46:06.049282+00
8889697175;7070614700;true;0;2026-09-27 11:46:20.136549+00
8844126631;8427645117;true;0;2026-09-27 11:47:01.158497+00
6244486070;8427645117;true;0;2026-09-27 11:47:27.65692+00
7035248545;1855656384;true;0;2026-09-27 11:47:34.791517+00
7073911319;5930588873;true;0;2026-09-27 11:48:11.061925+00
7941366581;5978937788;true;0;2026-09-27 11:48:56.772899+00
6762705598;7952962913;true;0;2026-09-27 11:49:09.044854+00
8459825438;5709504255;true;0;2026-09-27 11:50:01.141234+00
6535589968;8890869221;true;0;2026-09-27 11:50:25.336364+00
7302305661;6312362664;true;0;2026-09-27 12:21:41.329755+00
8445732987;7422269738;true;0;2026-09-27 12:22:00.661532+00
8839729543;5863753382;true;0;2026-09-27 12:22:30.134452+00
8396700691;6717942732;true;0;2026-09-27 12:22:33.052954+00
8574739252;5459309218;true;0;2026-09-27 12:22:36.468601+00
6609857628;6015348964;true;0;2026-09-27 12:24:29.479567+00
5706860261;6312362664;true;0;2026-09-27 12:25:38.210917+00
8272395743;1390061339;true;0;2026-09-27 12:25:41.344293+00
7489484620;6475645296;true;0;2026-09-27 12:28:56.451332+00
6586141818;7664635260;true;0;2026-09-27 12:29:25.362927+00
7580404877;7052929719;true;0;2026-09-27 12:29:43.818965+00
7992905402;6618225075;true;0;2026-09-27 12:29:53.141236+00
6248481871;7467214219;true;0;2026-09-27 12:30:50.876926+00
8284210648;7982325371;true;0;2026-09-27 12:31:13.238012+00
8757701978;5211801993;true;0;2026-09-27 12:31:20.245711+00
146298639;1390061339;true;0;2026-09-27 12:31:28.086906+00
1851609119;1390061339;true;0;2026-09-27 12:32:20.872395+00
8447255924;5211801993;true;0;2026-09-27 12:32:30.030913+00
2136447833;7299021506;true;0;2026-09-27 12:32:32.453226+00
7470127604;7240012520;true;0;2026-09-27 12:32:41.837904+00
8575549725;8563221906;true;0;2026-09-27 12:32:55.007942+00
8447076068;6025210487;true;0;2026-09-27 12:33:12.945429+00
7375233204;1090534863;true;0;2026-09-27 12:33:13.486812+00
6506047824;5988245172;true;0;2026-09-27 12:55:50.56694+00
8900681370;8811594840;true;0;2026-09-27 12:56:06.074915+00
1751933470;7191905983;true;0;2026-09-27 12:56:12.547083+00
6534100697;489563543;true;0;2026-09-27 12:56:15.697661+00
5817712343;6312362664;true;0;2026-09-27 12:56:35.037317+00
684533112;6146797678;true;0;2026-09-27 12:56:48.737834+00
8293960190;2146608585;true;0;2026-09-27 12:57:03.543222+00
7351650871;5988245172;true;0;2026-09-27 12:57:27.457995+00
5696583346;8782326610;true;0;2026-09-27 12:57:59.81404+00
8111430736;6371810631;true;0;2026-09-27 12:59:10.61699+00
8289869147;8831402952;true;0;2026-09-27 12:59:32.891913+00
1276596350;5580298339;true;0;2026-09-27 12:59:35.199224+00
7326245714;6148710113;true;0;2026-09-27 12:59:40.075951+00
8572194609;2142924045;true;0;2026-09-27 13:00:48.143498+00
5677188877;5580298339;true;0;2026-09-27 13:01:17.400914+00
5158939290;6475645296;true;0;2026-09-27 13:01:22.559791+00
8110573063;5993705428;true;0;2026-09-27 13:01:57.215336+00
7629359933;5580298339;true;0;2026-09-27 13:02:00.123921+00
5120642139;2080808728;true;0;2026-09-27 13:02:16.21938+00
2067000356;8550020292;true;0;2026-09-27 13:02:16.640906+00
5117831997;6971638079;true;0;2026-09-27 13:03:02.311922+00
8269119870;6717942732;true;0;2026-09-27 13:04:12.234318+00
2091150199;5580298339;true;0;2026-09-27 13:05:07.745908+00
7023131231;6512885308;true;0;2026-09-27 13:05:43.56971+00
8705983098;6587611725;true;0;2026-09-27 13:05:44.51907+00
6560861003;5580298339;true;0;2026-09-27 13:05:54.75127+00
7818001209;8556328355;true;0;2026-09-27 13:06:00.003063+00
5516818845;8783092908;true;0;2026-09-27 13:07:10.723437+00
7649439162;6499229978;true;0;2026-09-27 13:07:24.384482+00
6163037583;8241890865;true;0;2026-09-27 13:07:47.310924+00
8560448899;8067169428;true;0;2026-09-27 13:08:32.366957+00
8380063256;6618225075;true;0;2026-09-27 13:08:56.766528+00
7177744678;5580298339;true;0;2026-09-27 13:09:07.806929+00
8181011479;6955951067;true;0;2026-09-27 13:09:21.381958+00
608264092;7681447524;true;0;2026-09-27 13:09:28.285413+00
8412417975;7630515620;true;0;2026-09-27 13:10:04.234945+00
6645915644;7176524194;true;0;2026-09-27 13:10:05.931926+00
604735593;6312362664;true;0;2026-09-27 13:10:33.173943+00
7970139822;8067169428;true;0;2026-09-27 13:11:06.131514+00
6482646033;8365923252;true;0;2026-09-27 13:11:44.158459+00
8957799072;6769110358;true;0;2026-09-27 13:11:48.443916+00
5915249486;5528794190;true;0;2026-09-27 13:13:11.463462+00
6404441266;5580298339;true;0;2026-09-27 13:13:15.414317+00
8586030968;6608387271;true;0;2026-09-27 13:13:24.198942+00
5537296705;2142924045;true;0;2026-09-27 13:13:35.676057+00
6218840953;5863753382;true;0;2026-09-27 13:55:38.455532+00
7486496354;226425775;true;0;2026-09-27 13:56:05.124415+00
8511610279;8451882766;true;0;2026-09-27 13:56:20.625669+00
1979680794;5863753382;true;0;2026-09-27 13:56:47.62188+00
8269487694;6261740994;true;0;2026-09-27 13:56:51.804798+00
7555175396;6312362664;true;0;2026-09-27 13:57:16.977349+00
8819880769;7590298679;true;0;2026-09-27 13:57:56.951355+00
5302921231;7040084040;true;0;2026-09-27 13:58:14.263933+00
5988716698;8227777950;true;0;2026-09-27 13:58:17.622559+00
8917138966;7590298679;true;0;2026-09-27 13:58:24.157637+00
1848523275;6445238971;true;0;2026-09-27 13:58:56.187833+00
6605403171;7590298679;true;0;2026-09-27 13:59:09.226041+00
7170613122;7640034252;true;0;2026-09-27 13:59:31.175427+00
1530599101;7708561744;true;0;2026-09-27 14:00:46.224217+00
8783961608;6792078503;true;0;2026-09-27 14:00:46.586502+00
6159754637;7046449718;true;0;2026-09-27 14:02:26.016967+00
5142863866;7052929719;true;0;2026-09-27 14:02:32.895678+00
1482086478;1163433276;true;0;2026-09-27 14:02:51.2981+00
8888494857;7640195144;true;0;2026-09-27 14:03:17.838437+00
6119588013;5459309218;true;0;2026-09-27 14:03:23.128605+00
5056914830;1923149727;true;0;2026-09-27 14:03:34.606637+00
8574396634;5211801993;true;0;2026-09-27 14:03:59.592137+00
5068124296;1923149727;true;0;2026-09-27 14:04:09.579922+00
1946042494;6146797678;true;0;2026-09-27 14:05:11.444979+00
7020845095;6340638549;true;0;2026-09-27 14:06:03.961742+00
1268484452;226425775;true;0;2026-09-27 14:06:26.29494+00
6750418298;8958989032;true;0;2026-09-27 14:21:40.192292+00
8412225213;7563720163;true;0;2026-09-27 14:21:58.072744+00
6131948407;7563720163;true;0;2026-09-27 14:22:00.266948+00
8110819214;7563720163;true;0;2026-09-27 14:23:35.510217+00
5434314227;1581440561;true;0;2026-09-27 14:23:39.072039+00
5934457420;7932425811;true;0;2026-09-27 14:24:15.137994+00
7236210041;6829902899;true;0;2026-09-27 14:24:24.063524+00
7092837977;8351020688;true;0;2026-09-27 14:25:16.567342+00
6517428014;7550767573;true;0;2026-09-27 14:25:26.624203+00
8967014060;5435985530;true;0;2026-09-27 14:25:49.75392+00
7346390356;6871919870;true;0;2026-09-27 14:26:25.115156+00
6037158242;6312362664;true;0;2026-09-27 14:26:29.70311+00
8665725833;7822604875;true;0;2026-09-27 14:26:43.979333+00
7047278653;5993705428;true;0;2026-09-27 14:26:59.658304+00
8899202050;5558416024;true;0;2026-09-27 14:27:05.755934+00
8887023535;6875922951;true;0;2026-09-27 14:27:54.208837+00
6249573783;7933223259;true;0;2026-09-27 14:28:06.615366+00
8312442343;6587611725;true;0;2026-09-27 14:28:42.687952+00
8712122900;7994880841;true;0;2026-09-27 14:28:45.565925+00
7478031694;5435985530;true;0;2026-09-27 14:28:57.291984+00
1537306925;7052929719;true;0;2026-09-27 14:29:53.434461+00
8774077286;8121821371;true;0;2026-09-27 14:29:55.242743+00
8703222106;7223006275;true;0;2026-09-27 14:30:47.487148+00
6097215100;7299021506;true;0;2026-09-27 14:31:19.682817+00
5791734676;6404869037;true;0;2026-09-27 14:31:32.412537+00
8950562653;8782791920;true;0;2026-09-27 11:18:44.004909+00
8132040343;5459309218;true;0;2026-09-27 11:18:49.414245+00
7733173879;5978937788;true;0;2026-09-27 11:19:18.189552+00
385830367;8365923252;true;0;2026-09-27 11:19:38.280824+00
6264350099;6635952181;true;0;2026-09-27 11:19:57.345915+00
7419454193;5863753382;true;0;2026-09-27 11:20:01.310961+00
7246552735;8239674592;true;0;2026-09-27 11:45:36.511318+00
8614574824;8652575622;true;0;2026-09-27 11:46:05.044306+00
7179944652;8163049627;true;0;2026-09-27 11:46:08.604646+00
8598664622;5459309218;true;0;2026-09-27 11:46:38.299906+00
7178511441;8239674592;true;0;2026-09-27 11:46:42.839512+00
1492429129;7112182618;true;0;2026-09-27 11:48:31.840839+00
59587816;6579786009;true;0;2026-09-27 11:49:15.752601+00
7200603969;7592257199;true;0;2026-09-27 11:49:42.73892+00
6079441324;6340638549;true;0;2026-09-27 11:49:47.774542+00
6818526421;5978937788;true;0;2026-09-27 11:50:03.076736+00
7385563177;7630465818;true;0;2026-09-27 11:50:04.753517+00
8927364654;6494286367;true;0;2026-09-27 11:50:22.83849+00
1141024386;5141127080;true;0;2026-09-27 11:50:27.099247+00
7288967907;8454787301;true;0;2026-09-27 11:50:31.919744+00
6372019389;7560073659;true;0;2026-09-27 11:51:21.418115+00
8638424097;6894860211;true;0;2026-09-27 11:51:23.05291+00
6362587740;8988599574;true;0;2026-09-27 11:51:34.561525+00
5257162976;8290536071;true;0;2026-09-27 11:51:53.142906+00
6083689869;7875362990;true;0;2026-09-27 11:52:16.783809+00
7387726100;6579786009;true;0;2026-09-27 11:52:28.069829+00
8693208571;7637567582;true;0;2026-09-27 11:52:46.379917+00
7008464122;6146797678;true;0;2026-09-27 11:52:57.017131+00
7382587566;7422269738;true;0;2026-09-27 11:53:31.86085+00
7263738588;6053921525;true;0;2026-09-27 11:54:56.74109+00
8880414855;8999680099;true;0;2026-09-27 11:55:09.779283+00
7664161686;7097617708;true;0;2026-09-27 11:55:17.319813+00
197149685;59587816;true;0;2026-09-27 11:55:19.654008+00
1331842279;2142924045;true;0;2026-09-27 12:21:45.452173+00
7903387729;8427645117;true;0;2026-09-27 12:22:09.670924+00
8910801970;7068922671;true;0;2026-09-27 12:22:41.607423+00
7097350560;6618225075;true;0;2026-09-27 12:22:53.143403+00
7511780688;7422269738;true;0;2026-09-27 12:23:10.835082+00
6827727459;8825035564;true;0;2026-09-27 12:24:13.281685+00
8623913113;5709504255;true;0;2026-09-27 12:24:13.865522+00
1807571062;5421899995;true;0;2026-09-27 12:24:31.683216+00
8415274436;1390061339;true;0;2026-09-27 12:25:28.940494+00
6702876592;7436003013;true;0;2026-09-27 12:25:33.21589+00
8318319909;1390061339;true;0;2026-09-27 12:25:53.902958+00
7198011201;7467214219;true;0;2026-09-27 12:26:28.149548+00
7918399455;5863753382;true;0;2026-09-27 12:26:48.817987+00
6882707364;2142924045;true;0;2026-09-27 12:28:01.682922+00
7105308397;6382162952;true;0;2026-09-27 12:28:54.477988+00
7009128228;7070614700;true;0;2026-09-27 12:29:05.848004+00
1759651555;542822412;true;0;2026-09-27 12:29:21.848494+00
8884264536;7040084040;true;0;2026-09-27 12:29:33.068902+00
6254294404;5141127080;true;0;2026-09-27 12:29:58.349178+00
1302370245;2142924045;true;0;2026-09-27 12:30:11.868998+00
5502334035;8970869433;true;0;2026-09-27 12:30:50.83878+00
8657070932;7467214219;true;0;2026-09-27 12:31:01.948219+00
8850897120;7422269738;true;0;2026-09-27 12:31:07.398823+00
1480917416;8392286342;true;0;2026-09-27 12:31:44.518939+00
5767753778;6312362664;true;0;2026-09-27 12:31:53.065355+00
6354939667;7022346297;true;0;2026-09-27 12:32:29.84678+00
6922575622;8163049627;true;0;2026-09-27 12:32:32.43292+00
8982184351;6371810631;true;0;2026-09-27 12:32:44.365915+00
2027024321;7040084040;true;0;2026-09-27 12:32:58.415015+00
7448728751;8782326610;true;0;2026-09-27 12:33:04.72855+00
5732674685;1487314449;true;0;2026-09-27 12:33:05.871932+00
6658137972;5988245172;true;0;2026-09-27 12:56:11.534434+00
7433656136;5586182976;true;0;2026-09-27 12:56:14.176775+00
5887224536;7052929719;true;0;2026-09-27 12:56:19.992907+00
1602312040;6499229978;true;0;2026-09-27 12:56:25.483909+00
8655821430;6867216476;true;0;2026-09-27 12:57:45.696989+00
1082343422;7040084040;true;0;2026-09-27 12:57:54.07592+00
7404906173;7150028516;true;0;2026-09-27 12:58:01.010924+00
6625614858;7673104837;true;0;2026-09-27 12:58:01.203116+00
8917935308;8283907268;true;0;2026-09-27 12:58:07.618299+00
7994880841;8227777950;true;0;2026-09-27 12:58:36.074686+00
7185549754;7592257199;true;0;2026-09-27 12:58:55.331297+00
8736492893;8241890865;true;0;2026-09-27 12:59:17.602414+00
6709559887;6304381723;true;0;2026-09-27 12:59:20.788242+00
8340818176;6829902899;true;0;2026-09-27 13:00:02.379571+00
7591215388;5580298339;true;0;2026-09-27 13:00:30.999851+00
1706655392;5580298339;true;0;2026-09-27 13:00:54.148542+00
7080186412;7387726100;true;0;2026-09-27 13:01:02.848875+00
5426696685;6475645296;true;0;2026-09-27 13:01:07.65503+00
1135962648;6794344467;true;0;2026-09-27 13:01:17.832206+00
7247614062;8782326610;true;0;2026-09-27 13:01:54.016391+00
6035518551;8954036308;true;0;2026-09-27 13:02:18.614628+00
7271949496;8954036308;true;0;2026-09-27 13:02:29.442912+00
8683641235;1855656384;true;0;2026-09-27 13:02:39.626921+00
8539605655;6350423486;true;0;2026-09-27 13:05:29.634907+00
7811357316;5580298339;true;0;2026-09-27 13:05:33.073905+00
1074659697;1028092977;true;0;2026-09-27 13:05:42.126608+00
7221010510;166381712;true;0;2026-09-27 13:05:52.362005+00
7026457306;7052929719;true;0;2026-09-27 13:06:00.933927+00
6722439903;5580298339;true;0;2026-09-27 13:06:14.34491+00
8597156943;6799948605;true;0;2026-09-27 13:06:29.640914+00
8410400941;1762194412;true;0;2026-09-27 13:06:29.788923+00
6331491364;1793368825;true;0;2026-09-27 13:07:00.675251+00
5718120236;5988245172;true;0;2026-09-27 13:07:52.851904+00
1090856027;6016127513;true;0;2026-09-27 13:08:07.647857+00
8342133072;7957812446;true;0;2026-09-27 13:08:07.828608+00
8036093430;5459309218;true;0;2026-09-27 13:09:14.262956+00
8810671067;7649439162;true;0;2026-09-27 13:09:24.278286+00
8446356672;8811594840;true;0;2026-09-27 13:09:26.866179+00
1525827060;7193005286;true;0;2026-09-27 13:09:37.099402+00
6948558106;6115381310;true;0;2026-09-27 13:10:02.117029+00
424182537;5211801993;true;0;2026-09-27 13:10:15.669472+00
6805760081;5580298339;true;0;2026-09-27 13:10:45.81792+00
6496550730;7176524194;true;0;2026-09-27 13:11:07.361245+00
7199110370;7637567582;true;0;2026-09-27 13:11:32.749924+00
6334334560;8522514192;true;0;2026-09-27 13:11:36.417043+00
8937079402;7126566467;true;0;2026-09-27 13:11:56.997419+00
1064375631;8890869221;true;0;2026-09-27 13:12:14.170842+00
890932798;5528794190;true;0;2026-09-27 13:12:32.541909+00
6045803171;8999680099;true;0;2026-09-27 13:13:28.0393+00
8130519781;7637567582;true;0;2026-09-27 13:55:39.475023+00
6653900852;394397878;true;0;2026-09-27 13:56:25.452844+00
144369466;8954036308;true;0;2026-09-27 13:57:05.463582+00
6792635358;7672316623;true;0;2026-09-27 14:21:40.315905+00
8992077360;226425775;true;0;2026-09-27 14:22:06.954896+00
8494928291;8200186801;true;0;2026-09-27 14:23:27.038189+00
5539266702;6829902899;true;0;2026-09-27 14:23:36.83309+00
1920142796;8954036308;true;0;2026-09-27 14:23:52.558199+00
8782166983;2066650340;true;0;2026-09-27 14:24:07.480785+00
5007205227;8954036308;true;0;2026-09-27 14:24:22.549453+00
8137834347;7957812446;true;0;2026-09-27 14:24:24.099774+00
7011375426;7875362990;true;0;2026-09-27 14:24:36.249698+00
6465590375;6084266362;true;0;2026-09-27 14:25:09.830873+00
8046942590;7727234031;true;0;2026-09-27 14:25:27.065819+00
7275189315;5922905023;true;0;2026-09-27 14:25:45.012403+00
7552842001;8896159264;true;0;2026-09-27 14:26:44.877538+00
8103394516;5459309218;true;0;2026-09-27 14:27:06.860037+00
6924300960;6248481871;true;0;2026-09-27 14:28:19.954014+00
7514237279;6037158242;true;0;2026-09-27 14:29:15.62546+00
8373010590;8565951327;true;0;2026-09-27 14:29:54.160902+00
7028680208;8848967782;true;0;2026-09-27 14:30:09.976921+00
8764480650;8565951327;true;0;2026-09-27 14:31:26.591946+00
7118681491;1391724592;true;0;2026-09-27 14:32:00.098297+00
7360233425;1698130348;true;0;2026-09-27 11:18:45.015647+00
6116005605;8707300359;true;0;2026-09-27 11:19:34.583703+00
8581866759;7112182618;true;0;2026-09-27 11:19:46.448007+00
8339299560;1956898640;true;0;2026-09-27 11:20:29.947258+00
5074301422;5141127080;true;0;2026-09-27 11:45:38.879745+00
6867324506;8890869221;true;0;2026-09-27 11:46:21.234763+00
8556328355;8924298568;true;0;2026-09-27 11:46:31.534933+00
7748767706;7982325371;true;0;2026-09-27 11:47:15.379923+00
6464749326;1855656384;true;0;2026-09-27 11:47:19.785993+00
8456703143;7279658358;true;0;2026-09-27 11:47:21.591908+00
5250947964;7052929719;true;0;2026-09-27 11:47:26.108121+00
8661402821;7560073659;true;0;2026-09-27 11:47:48.960237+00
8589068497;7052929719;true;0;2026-09-27 11:47:57.378905+00
8510942661;7905950265;true;0;2026-09-27 11:48:00.927116+00
8857464989;7078995117;true;0;2026-09-27 11:48:01.902982+00
8735489748;8395295353;true;0;2026-09-27 11:48:36.197925+00
5940596613;7278891085;true;0;2026-09-27 11:49:12.732379+00
7023330141;8394640321;true;0;2026-09-27 11:49:16.180002+00
7410108475;7560073659;true;0;2026-09-27 11:49:40.151085+00
5879510271;7006377955;true;0;2026-09-27 11:50:03.571454+00
8948772724;1090534863;true;0;2026-09-27 11:51:52.852003+00
5745972087;7637567582;true;0;2026-09-27 11:51:58.636259+00
1731374062;7560073659;true;0;2026-09-27 11:52:40.887998+00
8632718300;8707300359;true;0;2026-09-27 11:52:48.116677+00
1801620149;5459309218;true;0;2026-09-27 11:52:56.296332+00
884192529;6236089060;true;0;2026-09-27 11:53:55.070255+00
8603016372;8990547946;true;0;2026-09-27 11:53:56.718518+00
5820212571;6475645296;true;0;2026-09-27 11:54:29.436686+00
7440178629;7279658358;true;0;2026-09-27 11:55:26.807048+00
5983348510;2142924045;true;0;2026-09-27 12:21:45.649819+00
1161753151;2142924045;true;0;2026-09-27 12:22:04.942798+00
2019039289;2142924045;true;0;2026-09-27 12:22:06.335904+00
5571581235;8720739001;true;0;2026-09-27 12:22:18.45711+00
5054451866;7637567582;true;0;2026-09-27 12:22:50.170277+00
7689590647;1028092977;true;0;2026-09-27 12:23:03.805468+00
6667445298;6867216476;true;0;2026-09-27 12:24:54.029677+00
7209117817;7708561744;true;0;2026-09-27 12:25:27.613129+00
8514765011;7246552735;true;0;2026-09-27 12:25:31.85792+00
5819543152;8351020688;true;0;2026-09-27 12:25:51.226582+00
7986457162;8647674253;true;0;2026-09-27 12:25:51.666137+00
1486322104;7040084040;true;0;2026-09-27 12:25:52.007537+00
8520133506;8381740685;true;0;2026-09-27 12:57:12.015925+00
8291889105;8427645117;true;0;2026-09-27 12:57:18.505253+00
6008612325;7191905983;true;0;2026-09-27 12:57:29.996912+00
5521337172;7503626528;true;0;2026-09-27 12:57:53.137918+00
1216477007;7040084040;true;0;2026-09-27 12:58:37.376669+00
1521842219;6340638549;true;0;2026-09-27 12:58:39.754061+00
8658121514;7246552735;true;0;2026-09-27 12:58:58.518928+00
6881325146;8188380498;true;0;2026-09-27 12:59:10.051934+00
8900539533;7112182618;true;0;2026-09-27 12:59:18.005911+00
6586013052;8999680099;true;0;2026-09-27 12:59:55.993817+00
1410960800;7411242147;true;0;2026-09-27 13:00:03.238796+00
7419289451;6535589968;true;0;2026-09-27 13:00:17.906152+00
5016319314;8954036308;true;0;2026-09-27 13:00:32.855225+00
1051631042;5580298339;true;0;2026-09-27 13:00:40.063717+00
7697483541;7279658358;true;0;2026-09-27 13:00:40.161668+00
5712715453;7240012520;true;0;2026-09-27 13:01:10.152224+00
7488647757;6475645296;true;0;2026-09-27 13:01:57.598085+00
5664193445;5580298339;true;0;2026-09-27 13:01:58.235437+00
125872776;8811594840;true;0;2026-09-27 13:02:27.152956+00
6368057771;6312362664;true;0;2026-09-27 13:05:07.169651+00
7581250020;1762194412;true;0;2026-09-27 13:05:22.548482+00
7172706219;7422269738;true;0;2026-09-27 13:05:42.253981+00
8561431530;8647674253;true;0;2026-09-27 13:05:52.188698+00
5997278449;7488647757;true;0;2026-09-27 13:05:54.552045+00
7739801415;5580298339;true;0;2026-09-27 13:05:56.168691+00
6785452510;7422293134;true;0;2026-09-27 13:06:53.517033+00
1808375986;8282904213;true;0;2026-09-27 13:07:02.898943+00
7907288940;6970277836;true;0;2026-09-27 13:07:47.98892+00
7485271559;6312362664;true;0;2026-09-27 13:09:08.911199+00
1181079234;542822412;true;0;2026-09-27 13:09:17.444914+00
7300371448;125872776;true;0;2026-09-27 13:09:48.785472+00
8080283524;7630515620;true;0;2026-09-27 13:10:26.11016+00
5065992372;6340638549;true;0;2026-09-27 13:11:29.024922+00
5613027802;6312362664;true;0;2026-09-27 13:11:42.699558+00
6765213060;1855656384;true;0;2026-09-27 13:12:05.715527+00
8944629981;7422269738;true;0;2026-09-27 13:13:14.847556+00
6401692685;7467214219;true;0;2026-09-27 13:13:24.775008+00
8902969079;8058567482;true;0;2026-09-27 13:13:25.284931+00
6198666652;6829902899;true;0;2026-09-27 13:55:40.034043+00
8607165699;8381740685;true;0;2026-09-27 13:57:24.756369+00
8994230918;8896159264;true;0;2026-09-27 13:57:39.055194+00
8689491997;7590298679;true;0;2026-09-27 13:58:44.668473+00
786288234;8767867993;true;0;2026-09-27 14:00:07.064934+00
7207388452;8754330093;true;0;2026-09-27 14:00:24.748019+00
8935161800;7206619137;true;0;2026-09-27 14:00:51.371908+00
6287720034;7563720163;true;0;2026-09-27 14:02:28.157178+00
7751371826;5570133475;true;0;2026-09-27 14:02:56.996922+00
7387574260;5060385283;true;0;2026-09-27 14:03:34.926994+00
1898230706;542822412;true;0;2026-09-27 14:03:44.635914+00
8773031473;7932425811;true;0;2026-09-27 14:05:37.639108+00
2141370307;1923149727;true;0;2026-09-27 14:07:33.409269+00
5505228185;8797409340;true;0;2026-09-27 14:21:42.32796+00
7510491815;7822604875;true;0;2026-09-27 14:23:30.022408+00
7986268811;1839938649;true;0;2026-09-27 14:23:38.896282+00
5696432338;7467214219;true;0;2026-09-27 14:24:15.550947+00
7397415923;8967726776;true;0;2026-09-27 14:25:38.399909+00
8561506724;5988245172;true;0;2026-09-27 14:26:50.675201+00
6620785657;5988245172;true;0;2026-09-27 14:27:24.001565+00
6405098768;5459309218;true;0;2026-09-27 14:27:25.519918+00
7757297808;5826659809;true;0;2026-09-27 14:27:56.115947+00
7581081215;5145662266;true;0;2026-09-27 14:28:17.057943+00
7467452651;6799948605;true;0;2026-09-27 14:28:38.720308+00
8046131692;7822604875;true;0;2026-09-27 14:28:40.840815+00
6048244066;7708561744;true;0;2026-09-27 14:28:49.225335+00
8581574019;8954036308;true;0;2026-09-27 14:28:57.150238+00
8706052114;8954036308;true;0;2026-09-27 14:29:03.727204+00
7173085954;1312051755;true;0;2026-09-27 14:29:46.619931+00
6409598946;5528794190;true;0;2026-09-27 14:30:17.598994+00
8268826776;8712184474;true;0;2026-09-27 14:30:47.450916+00
1125479544;8033043411;true;0;2026-09-27 14:31:34.502881+00
6781198295;7467214219;true;0;2026-09-27 14:31:55.213444+00
7993794352;1391724592;true;0;2026-09-27 14:32:02.079565+00
8114304326;1391724592;true;0;2026-09-27 14:32:12.504181+00
7092722858;1391724592;true;0;2026-09-27 14:32:12.510841+00
7833056264;5435985530;true;0;2026-09-27 14:32:15.22294+00
7647406352;1391724592;true;0;2026-09-27 14:32:20.990879+00
5987595217;7467214219;true;0;2026-09-27 14:32:24.357919+00
5820186599;1391724592;true;0;2026-09-27 14:32:34.738772+00
7614328716;1391724592;true;0;2026-09-27 14:32:36.03691+00
7646487158;1391724592;true;0;2026-09-27 14:32:38.459001+00
7820190510;1391724592;true;0;2026-09-27 14:32:43.711531+00
7532150705;7144601808;true;0;2026-09-27 14:32:59.712925+00
7283391050;5040904740;true;0;2026-09-27 14:33:04.408818+00
8102779553;6781198295;true;0;2026-09-27 14:33:04.722548+00
6497164798;1925786737;true;0;2026-09-27 14:33:22.650613+00
644819378;8229825936;true;0;2026-09-27 14:33:24.669913+00
6813534118;7563720163;true;0;2026-09-27 14:33:29.795263+00
6581641968;7793139330;true;0;2026-09-27 14:33:38.014034+00
6898546693;8954036308;true;0;2026-09-27 14:38:08.885594+00
8336834559;7793139330;true;0;2026-09-27 14:38:09.545054+00
6118331494;7002136618;true;0;2026-09-27 14:38:22.849703+00
6699519575;1855656384;true;0;2026-09-27 14:38:51.991562+00
253633908;226425775;true;0;2026-09-27 14:39:47.204655+00
6373840789;5987595217;true;0;2026-09-27 14:42:01.802445+00
1254950818;1814586555;true;0;2026-09-27 14:42:10.020355+00
1791228498;7436003013;true;0;2026-09-27 11:18:45.686946+00
8738911971;5709504255;true;0;2026-09-27 11:19:35.663729+00
5140660262;6146797678;true;0;2026-09-27 11:19:49.329604+00
8907029024;7044356980;true;0;2026-09-27 11:20:14.226214+00
1219007675;5978937788;true;0;2026-09-27 11:20:20.145441+00
6355193298;8816611474;true;0;2026-09-27 11:20:23.708221+00
5535557564;7637567582;true;0;2026-09-27 11:20:30.107903+00
7024668547;6499229978;true;0;2026-09-27 11:45:45.777908+00
7403336774;7693447102;true;0;2026-09-27 11:46:20.728975+00
8342968780;7693447102;true;0;2026-09-27 11:46:41.462982+00
7785446877;1254022510;true;0;2026-09-27 11:46:44.959543+00
8831402952;8305463159;true;0;2026-09-27 11:46:56.158923+00
6343502586;6340638549;true;0;2026-09-27 11:47:21.910322+00
8150821178;8101613226;true;0;2026-09-27 11:48:03.912406+00
6880009669;7444845460;true;0;2026-09-27 11:48:36.811355+00
8191190114;8427645117;true;0;2026-09-27 11:49:30.45971+00
2136658633;7046025321;true;0;2026-09-27 11:49:51.868527+00
8702202604;5459309218;true;0;2026-09-27 11:50:22.652722+00
6468529731;8967726776;true;0;2026-09-27 11:50:30.471331+00
7616696032;6236089060;true;0;2026-09-27 11:50:35.841121+00
7895908879;5802231735;true;0;2026-09-27 11:50:36.795691+00
8468255515;8534839169;true;0;2026-09-27 11:51:59.62956+00
8903884237;8427645117;true;0;2026-09-27 11:52:27.090235+00
7845973317;6515204020;true;0;2026-09-27 11:52:41.981929+00
2045317225;5141127080;true;0;2026-09-27 11:52:44.267128+00
1118908858;7637567582;true;0;2026-09-27 11:52:47.708276+00
7125170672;6475645296;true;0;2026-09-27 11:53:00.958924+00
642388740;6546261693;true;0;2026-09-27 11:53:14.065382+00
7894859134;8305463159;true;0;2026-09-27 11:53:15.763455+00
8303430905;8427645117;true;0;2026-09-27 11:55:01.827927+00
5483594363;6618225075;true;0;2026-09-27 11:55:07.198847+00
7873284524;8879141139;true;0;2026-09-27 11:55:15.019048+00
7174894335;6371810631;true;0;2026-09-27 11:55:16.048791+00
6255479491;7138182580;true;0;2026-09-27 11:55:17.425141+00
7585492564;7044356980;true;0;2026-09-27 11:55:17.794717+00
8047185389;6955951067;true;0;2026-09-27 11:55:28.914904+00
5891612726;2142924045;true;0;2026-09-27 12:21:45.851791+00
6377721626;7467214219;true;0;2026-09-27 12:22:23.228218+00
6432231950;6312362664;true;0;2026-09-27 12:22:42.666947+00
6001008165;642388740;true;0;2026-09-27 12:23:56.268707+00
7177483037;7284765829;true;0;2026-09-27 12:24:04.80352+00
6333830876;7138182580;true;0;2026-09-27 12:24:51.213476+00
1136388408;8811594840;true;0;2026-09-27 12:24:58.85935+00
67469334;8811594840;true;0;2026-09-27 12:25:13.029764+00
7283447686;5863753382;true;0;2026-09-27 12:25:41.669525+00
6917190342;1520562450;true;0;2026-09-27 12:26:17.557155+00
6315416831;7467214219;true;0;2026-09-27 12:26:49.544922+00
7606141258;7418456348;true;0;2026-09-27 12:27:25.071921+00
7068811886;7467214219;true;0;2026-09-27 12:28:26.106371+00
7258508764;1793368825;true;0;2026-09-27 12:28:34.541989+00
5544219082;7467214219;true;0;2026-09-27 12:28:54.985295+00
8791061554;8890869221;true;0;2026-09-27 12:29:31.254923+00
5351638138;6371810631;true;0;2026-09-27 12:29:37.212916+00
5771110758;7708561744;true;0;2026-09-27 12:30:06.873033+00
1724812986;7002136618;true;0;2026-09-27 12:32:10.438713+00
745776700;7040084040;true;0;2026-09-27 12:32:13.069822+00
8608765428;1666187866;true;0;2026-09-27 12:32:27.640143+00
8902947649;1390061339;true;0;2026-09-27 12:32:48.68783+00
5588076444;8365923252;true;0;2026-09-27 12:33:12.769742+00
6775553584;1390061339;true;0;2026-09-27 12:33:23.592226+00
7630515620;7387726100;true;0;2026-09-27 12:57:18.476583+00
5647894109;6340638549;true;0;2026-09-27 12:58:01.373671+00
8799657695;6618225075;true;0;2026-09-27 12:58:47.858791+00
1923419568;1811309074;true;0;2026-09-27 12:58:54.872109+00
7460192916;6697584886;true;0;2026-09-27 12:59:12.14326+00
8650464346;5580298339;true;0;2026-09-27 12:59:16.627855+00
8780207537;5580298339;true;0;2026-09-27 12:59:20.390909+00
8542591787;8188380498;true;0;2026-09-27 12:59:53.65983+00
5706153650;1028092977;true;0;2026-09-27 13:02:24.816086+00
7203179634;7411242147;true;0;2026-09-27 13:02:27.592142+00
7181163324;5580298339;true;0;2026-09-27 13:03:48.165048+00
8832633426;7630515620;true;0;2026-09-27 13:04:04.020349+00
6824481073;1390061339;true;0;2026-09-27 13:05:16.120721+00
7831816250;7467214219;true;0;2026-09-27 13:05:45.216454+00
8301805327;8305463159;true;0;2026-09-27 13:05:49.74275+00
6755663411;7387726100;true;0;2026-09-27 13:05:52.04794+00
1680525739;7299021506;true;0;2026-09-27 13:06:01.852606+00
5881717582;8301294674;true;0;2026-09-27 13:06:09.843604+00
8099296072;7708561744;true;0;2026-09-27 13:07:10.92691+00
6715483268;7894093707;true;0;2026-09-27 13:07:46.665942+00
5125875362;6993856640;true;0;2026-09-27 13:07:48.868388+00
7412364100;5863753382;true;0;2026-09-27 13:08:24.481841+00
5078774325;7510179367;true;0;2026-09-27 13:10:51.130288+00
1490856768;1090856027;true;0;2026-09-27 13:11:00.553687+00
8257496353;7246552735;true;0;2026-09-27 13:11:11.221462+00
6601610925;886866275;true;0;2026-09-27 13:11:35.064113+00
5175490699;6970277836;true;0;2026-09-27 13:13:35.712277+00
5998547480;5863753382;true;0;2026-09-27 13:55:41.730576+00
1950114491;8782326610;true;0;2026-09-27 13:55:43.843068+00
5977069946;6275213213;true;0;2026-09-27 13:56:23.895914+00
5956917875;8954036308;true;0;2026-09-27 13:56:25.864525+00
5433419739;7387726100;true;0;2026-09-27 13:56:47.264499+00
6527223958;6445238971;true;0;2026-09-27 13:56:59.516121+00
7279024750;7563720163;true;0;2026-09-27 14:21:46.019366+00
5891116164;7563720163;true;0;2026-09-27 14:21:46.576679+00
7203655453;1163433276;true;0;2026-09-27 14:22:02.533955+00
6217535218;886866275;true;0;2026-09-27 14:23:53.163655+00
8747166733;6638606520;true;0;2026-09-27 14:24:25.702822+00
7371805345;6474427443;true;0;2026-09-27 14:25:12.770305+00
8779077821;1487314449;true;0;2026-09-27 14:25:22.859487+00
7771059168;7144601808;true;0;2026-09-27 14:25:50.9547+00
6595313665;5709504255;true;0;2026-09-27 14:26:25.386202+00
5247862178;7246552735;true;0;2026-09-27 14:27:04.958117+00
8189081257;7144601808;true;0;2026-09-27 14:27:18.215458+00
5224795353;7536735506;true;0;2026-09-27 14:27:22.45591+00
6665806517;8954036308;true;0;2026-09-27 14:27:27.728487+00
6863916603;8701593515;true;0;2026-09-27 14:27:37.523469+00
7374467305;8967726776;true;0;2026-09-27 14:27:47.303115+00
8171263937;7915951342;true;0;2026-09-27 14:27:56.717921+00
8708684157;7915951342;true;0;2026-09-27 14:28:54.100916+00
7321073445;7044356980;true;0;2026-09-27 14:29:09.960882+00
8506307037;6618225075;true;0;2026-09-27 14:29:38.338341+00
6384313645;1543180716;true;0;2026-09-27 14:29:42.320892+00
8386240250;5459309218;true;0;2026-09-27 14:29:57.529909+00
8971067644;8561506724;true;0;2026-09-27 14:30:25.275693+00
6036706713;8954036308;true;0;2026-09-27 14:30:43.055946+00
8052846327;7563720163;true;0;2026-09-27 14:31:38.003908+00
7998664474;8282179974;true;0;2026-09-27 14:32:01.234301+00
7843157578;1391724592;true;0;2026-09-27 14:32:07.987296+00
6149778450;1391724592;true;0;2026-09-27 14:32:10.299823+00
7076025437;1391724592;true;0;2026-09-27 14:32:12.818949+00
7054413207;1391724592;true;0;2026-09-27 14:32:13.486918+00
6114709978;1391724592;true;0;2026-09-27 14:32:15.279829+00
7320134294;7563720163;true;0;2026-09-27 14:32:20.722452+00
481632060;7681447524;true;0;2026-09-27 14:32:27.476005+00
7962600523;1391724592;true;0;2026-09-27 14:32:31.406537+00
6624617142;7957460609;true;0;2026-09-27 14:32:32.795742+00
7995703843;1391724592;true;0;2026-09-27 14:32:35.768547+00
8571716689;7286720420;true;0;2026-09-27 14:32:38.753075+00
8861832840;7679749469;true;0;2026-09-27 14:32:47.350224+00
8658069471;6875922951;true;0;2026-09-27 14:32:50.073959+00
8030228701;1391724592;true;0;2026-09-27 14:32:57.27699+00
8412245163;7144601808;true;0;2026-09-27 14:33:01.79992+00
6202964719;8905139640;true;0;2026-09-27 14:33:03.365592+00
7919815286;5599422047;true;0;2026-09-27 14:37:20.979034+00
30105081;5040904740;true;0;2026-09-27 14:38:25.756905+00
1528534061;6579786009;true;0;2026-09-27 11:18:46.466906+00
7489136603;8427645117;true;0;2026-09-27 11:18:48.808466+00
8201021409;5863753382;true;0;2026-09-27 11:18:53.50794+00
568496038;8365923252;true;0;2026-09-27 11:19:28.452971+00
5631880312;7016898584;true;0;2026-09-27 11:19:56.431422+00
7293308331;6146797678;true;0;2026-09-27 11:20:04.299555+00
7278891085;8999680099;true;0;2026-09-27 11:45:49.433094+00
8721827470;7788316479;true;0;2026-09-27 11:46:38.905963+00
7118706481;6955951067;true;0;2026-09-27 11:46:45.660245+00
5449080242;6971638079;true;0;2026-09-27 11:47:02.119903+00
7720330853;6371810631;true;0;2026-09-27 11:47:15.963951+00
8103553724;7905950265;true;0;2026-09-27 11:47:15.968851+00
8897150385;5211801993;true;0;2026-09-27 11:47:22.448444+00
7136313644;6535148422;true;0;2026-09-27 11:47:28.681931+00
5655181542;1487314449;true;0;2026-09-27 11:47:29.274212+00
8106674451;5863753382;true;0;2026-09-27 11:48:07.259688+00
7870006494;8388277404;true;0;2026-09-27 11:49:04.100704+00
1206127321;6424915694;true;0;2026-09-27 11:50:00.199921+00
7752063873;8982120274;true;0;2026-09-27 11:50:09.822083+00
8286620850;7290520808;true;0;2026-09-27 11:50:47.694707+00
8343603861;8305463159;true;0;2026-09-27 11:51:02.82178+00
7472943973;7260705564;true;0;2026-09-27 11:51:31.253333+00
8611606299;7422269738;true;0;2026-09-27 11:51:44.660142+00
7881585692;7560073659;true;0;2026-09-27 11:51:45.592338+00
7494262552;8427645117;true;0;2026-09-27 11:52:00.047459+00
1906082116;7560073659;true;0;2026-09-27 11:52:14.594776+00
8780240590;6499229978;true;0;2026-09-27 11:52:38.661456+00
5839623511;7070614700;true;0;2026-09-27 12:21:45.889996+00
7196677406;6232093144;true;0;2026-09-27 12:22:07.554474+00
1250059105;2142924045;true;0;2026-09-27 12:22:10.068999+00
1284981357;5141127080;true;0;2026-09-27 12:22:15.784773+00
5054324352;7350200155;true;0;2026-09-27 12:22:35.645705+00
8836584785;5863753382;true;0;2026-09-27 12:22:51.108512+00
7697184498;7630465818;true;0;2026-09-27 12:23:08.855602+00
7120770244;1028092977;true;0;2026-09-27 12:25:02.738856+00
7028613042;8067169428;true;0;2026-09-27 12:25:15.169675+00
8774715183;7510179367;true;0;2026-09-27 12:25:18.020217+00
5649362333;2142924045;true;0;2026-09-27 12:25:56.665836+00
5315414430;7708561744;true;0;2026-09-27 12:26:11.644544+00
6957307613;7510179367;true;0;2026-09-27 12:26:21.085924+00
8828719329;6340638549;true;0;2026-09-27 12:26:28.123323+00
5843524609;1855656384;true;0;2026-09-27 12:57:51.340564+00
7180231045;5692741566;true;0;2026-09-27 12:58:14.755928+00
5495280984;7040084040;true;0;2026-09-27 12:58:16.192214+00
181058985;1956898640;true;0;2026-09-27 12:58:48.601819+00
6431764289;7006377955;true;0;2026-09-27 12:58:55.935005+00
964768045;7040084040;true;0;2026-09-27 12:58:56.858033+00
8979969550;5580298339;true;0;2026-09-27 12:59:20.106961+00
6935029965;5580298339;true;0;2026-09-27 12:59:54.481275+00
7251492775;8782326610;true;0;2026-09-27 12:59:59.744111+00
8075820348;1855656384;true;0;2026-09-27 13:00:05.31547+00
8840343640;8070764575;true;0;2026-09-27 13:00:11.582917+00
7181499818;8024487736;true;0;2026-09-27 13:00:24.134876+00
8130747541;5059162020;true;0;2026-09-27 13:00:32.87892+00
7122047005;6312362664;true;0;2026-09-27 13:00:53.040906+00
8649628618;7126566467;true;0;2026-09-27 13:01:26.627647+00
8520192763;5988245172;true;0;2026-09-27 13:01:33.521946+00
6896167424;7290520808;true;0;2026-09-27 13:02:16.046857+00
7936597370;7613542825;true;0;2026-09-27 13:02:29.325883+00
1387540962;7164188765;true;0;2026-09-27 13:03:43.761041+00
7080131627;7467214219;true;0;2026-09-27 13:05:06.570277+00
5310316236;6431764289;true;0;2026-09-27 13:05:42.142293+00
2147454792;7894093707;true;0;2026-09-27 13:05:42.208972+00
1065559238;5040904740;true;0;2026-09-27 13:05:54.561205+00
5808083251;7279658358;true;0;2026-09-27 13:06:10.070015+00
944891789;1811309074;true;0;2026-09-27 13:07:03.106927+00
1919305762;2142924045;true;0;2026-09-27 13:07:43.441094+00
6247150527;7467214219;true;0;2026-09-27 13:08:19.517387+00
8706543718;7510179367;true;0;2026-09-27 13:08:36.38668+00
6792078503;8550020292;true;0;2026-09-27 13:08:57.807494+00
922739721;7510179367;true;0;2026-09-27 13:08:58.026918+00
6432152122;6799948605;true;0;2026-09-27 13:09:04.558145+00
8042008074;7360233425;true;0;2026-09-27 13:09:57.865706+00
7251975644;6587611725;true;0;2026-09-27 13:10:43.138438+00
5033656969;6340638549;true;0;2026-09-27 13:10:43.348643+00
8561083861;7052929719;true;0;2026-09-27 13:10:45.054353+00
5006345390;1923149727;true;0;2026-09-27 13:11:05.243902+00
6488797809;6868483351;true;0;2026-09-27 13:11:09.506044+00
8386828954;5863753382;true;0;2026-09-27 13:11:19.026921+00
5673411794;7789411693;true;0;2026-09-27 13:11:39.733571+00
468152238;7040084040;true;0;2026-09-27 13:13:01.936578+00
8508278893;7637567582;true;0;2026-09-27 13:55:59.878718+00
8807447910;7590298679;true;0;2026-09-27 13:57:15.479418+00
6447191661;5988245172;true;0;2026-09-27 13:57:40.57958+00
6084637210;7040084040;true;0;2026-09-27 13:58:22.792061+00
8831386536;6712219412;true;0;2026-09-27 13:58:30.171922+00
6468285760;6717412506;true;0;2026-09-27 13:58:35.969093+00
8530498494;7590298679;true;0;2026-09-27 13:59:16.280321+00
6611340761;7637567582;true;0;2026-09-27 13:59:21.422478+00
6784385092;6535148422;true;0;2026-09-27 13:59:23.418919+00
5003670193;1923149727;true;0;2026-09-27 14:00:01.926614+00
7402427392;6488122613;true;0;2026-09-27 14:00:10.064117+00
8744833358;7681447524;true;0;2026-09-27 14:00:46.469552+00
6202407434;7299021506;true;0;2026-09-27 14:00:54.147913+00
1422419224;1353488111;true;0;2026-09-27 14:00:56.089649+00
7009141783;6990730373;true;0;2026-09-27 14:02:20.363004+00
5143938062;8330897803;true;0;2026-09-27 14:02:42.413243+00
8905139640;7191905983;true;0;2026-09-27 14:02:51.369463+00
6572577580;7826053884;true;0;2026-09-27 14:03:42.378956+00
6219284479;6371810631;true;0;2026-09-27 14:04:05.83148+00
5728958660;1390061339;true;0;2026-09-27 14:04:15.169518+00
895425816;8954036308;true;0;2026-09-27 14:04:31.72391+00
8603713586;6146797678;true;0;2026-09-27 14:04:52.476816+00
8880128549;8896159264;true;0;2026-09-27 14:05:56.61764+00
20768706;5709504255;true;0;2026-09-27 14:05:58.626668+00
8685065635;6277727728;true;0;2026-09-27 14:06:32.507076+00
8347840176;7422269738;true;0;2026-09-27 14:06:45.561902+00
7915417324;7932425811;true;0;2026-09-27 14:07:27.119423+00
7397420176;6976614823;true;0;2026-09-27 14:07:28.268946+00
7210603950;6546261693;true;0;2026-09-27 14:21:46.996885+00
7493620770;6918567829;true;0;2026-09-27 14:21:54.418147+00
8641797791;7563720163;true;0;2026-09-27 14:21:56.626714+00
7177521803;7681447524;true;0;2026-09-27 14:22:15.124956+00
8760104822;7563720163;true;0;2026-09-27 14:23:25.546931+00
8207623919;7952962913;true;0;2026-09-27 14:23:27.418034+00
6169111603;7191905983;true;0;2026-09-27 14:23:57.510536+00
6620340345;7563720163;true;0;2026-09-27 14:24:06.70692+00
94905367;6404869037;true;0;2026-09-27 14:24:15.245316+00
7032636793;7860110882;true;0;2026-09-27 14:24:24.140748+00
6963025285;7059727717;true;0;2026-09-27 14:25:26.953341+00
6773084447;7286720420;true;0;2026-09-27 14:26:05.857888+00
6580239251;7613542825;true;0;2026-09-27 14:26:31.25092+00
6503255240;7822604875;true;0;2026-09-27 14:26:41.535003+00
542732950;226425775;true;0;2026-09-27 14:27:41.911675+00
229139179;7538120158;true;0;2026-09-27 14:27:45.966913+00
8767134507;7772915146;true;0;2026-09-27 14:28:09.917729+00
6947441273;7822604875;true;0;2026-09-27 14:28:38.861733+00
6818174604;7167930724;true;0;2026-09-27 14:28:51.542123+00
8578160396;7637567582;true;0;2026-09-27 14:28:57.353516+00
7420628356;8561506724;true;0;2026-09-27 14:29:08.710133+00
8548258439;7467214219;true;0;2026-09-27 14:29:33.817917+00
8033043411;7860110882;true;0;2026-09-27 14:29:34.720424+00
8444365168;7191905983;true;0;2026-09-27 14:29:36.497609+00
8147875622;7286467942;true;0;2026-09-27 14:29:45.637932+00
8915284744;8888494857;true;0;2026-09-27 14:30:23.735961+00
6614727767;5682848378;true;0;2026-09-27 14:30:29.939674+00
7012220576;6535148422;true;0;2026-09-27 11:18:48.707962+00
5819660119;6579786009;true;0;2026-09-27 11:19:11.148907+00
8399521482;5344852278;true;0;2026-09-27 11:19:19.540884+00
8198216655;7609420120;true;0;2026-09-27 11:19:59.308844+00
8332744948;6390840997;true;0;2026-09-27 11:46:02.246802+00
7068361294;6908478965;true;0;2026-09-27 11:46:35.739061+00
6628017396;6340638549;true;0;2026-09-27 11:47:19.963553+00
1014755735;5709504255;true;0;2026-09-27 11:47:30.997936+00
8242332054;6340638549;true;0;2026-09-27 11:48:34.43827+00
8211658640;6635952181;true;0;2026-09-27 11:49:14.954302+00
8481147845;6371810631;true;0;2026-09-27 11:49:31.459779+00
7484446471;7424165932;true;0;2026-09-27 11:49:55.721674+00
7736265781;5978937788;true;0;2026-09-27 11:50:17.307829+00
8828683167;6123506819;true;0;2026-09-27 11:50:43.499566+00
7915766050;7613542825;true;0;2026-09-27 11:52:00.481912+00
8782326610;7436003013;true;0;2026-09-27 11:52:08.698429+00
7970505446;6993856640;true;0;2026-09-27 11:52:14.950905+00
8466671574;6590709523;true;0;2026-09-27 11:52:47.798211+00
8530423917;6236089060;true;0;2026-09-27 11:54:26.634554+00
8143639602;5863753382;true;0;2026-09-27 11:55:10.277904+00
5708863345;5930588873;true;0;2026-09-27 11:55:11.340304+00
6875587926;6528573437;true;0;2026-09-27 12:21:51.248933+00
6525080023;7454546340;true;0;2026-09-27 12:21:57.252926+00
6316095284;2142924045;true;0;2026-09-27 12:22:53.152921+00
8505961797;8575000716;true;0;2026-09-27 12:24:34.479513+00
7259946137;6477559780;true;0;2026-09-27 12:25:23.96881+00
8747179358;7772915146;true;0;2026-09-27 12:25:30.601515+00
8721934294;1390061339;true;0;2026-09-27 12:25:31.400934+00
8449182262;7422269738;true;0;2026-09-27 12:27:05.523706+00
8423136530;8816611474;true;0;2026-09-27 12:57:58.575836+00
8517608634;1855656384;true;0;2026-09-27 12:58:50.135977+00
8121821371;1193894441;true;0;2026-09-27 12:59:55.91937+00
6016127513;8954036308;true;0;2026-09-27 12:59:59.662983+00
5463439890;5059162020;true;0;2026-09-27 13:01:13.275954+00
8661247328;7422269738;true;0;2026-09-27 13:01:55.432685+00
7754617192;6350423486;true;0;2026-09-27 13:02:06.763324+00
7355055315;5580298339;true;0;2026-09-27 13:06:30.837076+00
8214020434;6867216476;true;0;2026-09-27 13:06:53.555232+00
8561071450;1390061339;true;0;2026-09-27 13:06:54.533976+00
8513088863;8447255924;true;0;2026-09-27 13:07:23.260918+00
7659022836;7532391908;true;0;2026-09-27 13:08:36.847133+00
8560755152;8053953106;true;0;2026-09-27 13:09:41.802847+00
8231648589;8056046629;true;0;2026-09-27 13:09:44.049185+00
1137546825;5580298339;true;0;2026-09-27 13:09:56.341166+00
6354665730;7708561744;true;0;2026-09-27 13:10:13.774171+00
5964393554;5528794190;true;0;2026-09-27 13:11:23.157105+00
8024387066;521570414;true;0;2026-09-27 13:12:05.924901+00
6002358937;7826053884;true;0;2026-09-27 13:13:21.915052+00
913623209;1090856027;true;0;2026-09-27 13:13:31.381228+00
5027097011;1923149727;true;0;2026-09-27 13:56:04.951918+00
310329400;255837383;true;0;2026-09-27 13:56:08.265851+00
8026550148;7418456348;true;0;2026-09-27 13:56:14.440643+00
5068536010;1923149727;true;0;2026-09-27 13:57:06.064166+00
1805231612;7387726100;true;0;2026-09-27 14:21:56.436135+00
7757680100;8825035564;true;0;2026-09-27 14:22:00.427923+00
6516156254;7480248070;true;0;2026-09-27 14:22:06.94448+00
6681021864;5922905023;true;0;2026-09-27 14:23:35.376718+00
8250084143;7037354015;true;0;2026-09-27 14:24:22.432062+00
8569950517;6317252244;true;0;2026-09-27 14:24:26.472763+00
7870379924;886866275;true;0;2026-09-27 14:25:35.241201+00
8587670431;8954036308;true;0;2026-09-27 14:26:26.677777+00
6662554051;5988245172;true;0;2026-09-27 14:26:33.036323+00
8965343841;6875922951;true;0;2026-09-27 14:26:34.697096+00
8657137348;7177076357;true;0;2026-09-27 14:26:52.780037+00
1918211503;8026237942;true;0;2026-09-27 14:27:17.935965+00
8788875008;797716742;true;0;2026-09-27 14:27:23.669519+00
8860832929;7679749469;true;0;2026-09-27 14:27:30.544083+00
8156917224;7952962913;true;0;2026-09-27 14:27:33.935962+00
1366196783;7822604875;true;0;2026-09-27 14:28:26.289565+00
8707201786;8101613226;true;0;2026-09-27 14:28:57.319809+00
8795417319;8282179974;true;0;2026-09-27 14:29:31.341943+00
8900416162;5459309218;true;0;2026-09-27 14:29:42.616664+00
7359871372;5459309218;true;0;2026-09-27 14:29:56.250754+00
8842805393;6875922951;true;0;2026-09-27 14:30:38.631937+00
8762449233;6317252244;true;0;2026-09-27 14:30:49.101931+00
8696223154;797716742;true;0;2026-09-27 14:30:58.007932+00
7611872570;7711608190;true;0;2026-09-27 14:31:32.41264+00
7424151626;7090142383;true;0;2026-09-27 14:31:33.429922+00
7858836948;7870379924;true;0;2026-09-27 14:31:52.041653+00
7113954254;1391724592;true;0;2026-09-27 14:32:06.242683+00
7257208559;1391724592;true;0;2026-09-27 14:32:06.328998+00
7382874723;1391724592;true;0;2026-09-27 14:32:06.422445+00
6977327211;1391724592;true;0;2026-09-27 14:32:10.222009+00
7786014813;1391724592;true;0;2026-09-27 14:32:12.318561+00
7318210964;1391724592;true;0;2026-09-27 14:32:12.526996+00
7967787723;1391724592;true;0;2026-09-27 14:32:23.694908+00
7926597721;2142924045;true;0;2026-09-27 14:32:30.376051+00
7895092752;1391724592;true;0;2026-09-27 14:32:35.598038+00
7996047398;1391724592;true;0;2026-09-27 14:32:37.156828+00
8138764581;1391724592;true;0;2026-09-27 14:32:37.301177+00
8196670746;1391724592;true;0;2026-09-27 14:32:39.512917+00
7583700134;1391724592;true;0;2026-09-27 14:32:40.389939+00
7379094630;1391724592;true;0;2026-09-27 14:32:48.799916+00
7655199190;1391724592;true;0;2026-09-27 14:32:51.687566+00
7966545939;1391724592;true;0;2026-09-27 14:32:52.563532+00
7995844932;1391724592;true;0;2026-09-27 14:32:55.400684+00
7919777237;1391724592;true;0;2026-09-27 14:32:56.459822+00
7754703013;1391724592;true;0;2026-09-27 14:32:57.307061+00
6704802443;6513813598;true;0;2026-09-27 14:38:27.971118+00
8666443984;8229825936;true;0;2026-09-27 14:38:41.203523+00
6611543379;6694722648;true;0;2026-09-27 14:38:55.125789+00
5310914365;8229825936;true;0;2026-09-27 14:39:29.446854+00
135098887;90722474;true;0;2026-09-27 14:39:37.585804+00
6795001179;7206619137;true;0;2026-09-27 14:40:02.447545+00
6414068538;5459309218;true;0;2026-09-27 14:40:07.942852+00
7419227293;7538120158;true;0;2026-09-27 14:40:31.027976+00
6396889032;5987595217;true;0;2026-09-27 14:40:42.280283+00
7220017055;7629709761;true;0;2026-09-27 14:41:27.22292+00
5411770579;6829902899;true;0;2026-09-27 14:41:29.212755+00
5815625541;5558416024;true;0;2026-09-27 14:41:45.667394+00
8323085879;6312362664;true;0;2026-09-27 14:41:47.873772+00
8320126737;886866275;true;0;2026-09-27 14:42:08.086193+00
8776286569;5987595217;true;0;2026-09-27 14:42:11.647945+00
1503041277;8436438196;true;0;2026-09-27 14:42:17.69658+00
6016693077;1814586555;true;0;2026-09-27 14:42:35.566661+00
6946281942;7637567582;true;0;2026-09-27 15:01:43.549125+00
5557386841;7957460609;true;0;2026-09-27 15:01:54.581933+00
5515536039;7299021506;true;0;2026-09-27 15:01:56.237476+00
734306712;542822412;true;0;2026-09-27 15:02:37.831905+00
1659032751;7637567582;true;0;2026-09-27 15:02:44.662925+00
5427144260;7387726100;true;0;2026-09-27 15:02:56.837357+00
8002983408;6955951067;true;0;2026-09-27 15:03:14.97798+00
7416682418;5482229599;true;0;2026-09-27 15:03:41.208383+00
8648560923;8615498502;true;0;2026-09-27 15:03:52.582039+00
8461439250;6214797784;true;0;2026-09-27 15:03:54.678959+00
6720606450;1284862847;true;0;2026-09-27 15:04:29.242541+00
8452722309;6214797784;true;0;2026-09-27 15:04:31.196535+00
6605582539;8905139640;true;0;2026-09-27 15:04:47.699584+00
6417922214;6626146547;true;0;2026-09-27 15:07:34.486203+00
8242037670;5987595217;true;0;2026-09-27 15:07:47.035081+00
7744682439;6445238971;true;0;2026-09-27 15:08:13.27095+00
512078281;5040904740;true;0;2026-09-27 15:08:14.949464+00
8954629048;6499229978;true;0;2026-09-27 15:08:21.243187+00
7354036682;8680831775;true;0;2026-09-27 15:08:45.704644+00
8804616083;5636526188;true;0;2026-09-27 15:09:12.065198+00
1594808843;8667938531;true;0;2026-09-27 15:09:23.655545+00
7050165806;7046025321;true;0;2026-09-27 11:18:49.061958+00
1772304869;6535148422;true;0;2026-09-27 11:18:57.992251+00
7970510586;8999680099;true;0;2026-09-27 11:19:05.027158+00
8958509920;1956898640;true;0;2026-09-27 11:19:07.882909+00
7161754427;8811594840;true;0;2026-09-27 11:19:21.091932+00
7533608560;8227777950;true;0;2026-09-27 11:19:23.586457+00
1251129753;6535148422;true;0;2026-09-27 11:19:24.52582+00
8167180306;7150028516;true;0;2026-09-27 11:19:25.781961+00
158666715;6475645296;true;0;2026-09-27 11:19:58.104498+00
8679467175;8365923252;true;0;2026-09-27 11:20:00.108976+00
7675614699;1832764848;true;0;2026-09-27 11:20:09.06999+00
8361234623;8811594840;true;0;2026-09-27 11:20:18.543947+00
7467014750;7350657304;true;0;2026-09-27 11:20:19.876919+00
7461950396;7613542825;true;0;2026-09-27 11:46:04.893472+00
6054745368;5141127080;true;0;2026-09-27 11:46:59.160572+00
5340441052;7693447102;true;0;2026-09-27 11:47:01.102924+00
1031631302;975554711;true;0;2026-09-27 11:48:38.587913+00
1892660454;6340638549;true;0;2026-09-27 11:49:01.942933+00
8379248949;6475645296;true;0;2026-09-27 11:49:31.467104+00
7796533752;6694722648;true;0;2026-09-27 11:49:49.235908+00
5421899995;7592257199;true;0;2026-09-27 11:50:23.991914+00
6066611791;255837383;true;0;2026-09-27 11:50:25.744921+00
8656962976;7560073659;true;0;2026-09-27 11:50:27.211922+00
6888663013;7693447102;true;0;2026-09-27 11:51:14.078248+00
8505916897;8024283293;true;0;2026-09-27 11:51:16.674952+00
8418046445;8783092908;true;0;2026-09-27 11:51:59.655095+00
8922209724;6146797678;true;0;2026-09-27 11:52:54.763776+00
8885199181;8427645117;true;0;2026-09-27 11:54:37.434105+00
6539714233;8815764832;true;0;2026-09-27 11:54:56.920341+00
7261888223;8239674592;true;0;2026-09-27 11:55:05.306382+00
6247015262;7454546340;true;0;2026-09-27 11:55:10.043535+00
5366012965;6475645296;true;0;2026-09-27 11:55:31.16453+00
7186128440;6382162952;true;0;2026-09-27 11:55:32.492952+00
5466952819;6371810631;true;0;2026-09-27 12:22:22.093915+00
8307788234;8575000716;true;0;2026-09-27 12:23:01.370927+00
5791434981;2142924045;true;0;2026-09-27 12:24:56.143475+00
903563376;2142924045;true;0;2026-09-27 12:24:58.290579+00
5887356020;8544484535;true;0;2026-09-27 12:25:02.995999+00
6161666129;1390061339;true;0;2026-09-27 12:25:27.499592+00
8083898551;6635952181;true;0;2026-09-27 12:25:38.975819+00
8610128320;7708561744;true;0;2026-09-27 12:25:51.451821+00
8727027539;1666187866;true;0;2026-09-27 12:25:52.020833+00
6387163461;2142924045;true;0;2026-09-27 12:26:43.427909+00
5928872882;5177787120;true;0;2026-09-27 12:27:10.239905+00
5423413340;7681447524;true;0;2026-09-27 12:27:35.617897+00
8173608029;6499229978;true;0;2026-09-27 12:28:56.746618+00
7644178369;7387726100;true;0;2026-09-27 12:29:17.449586+00
8882107422;8232768035;true;0;2026-09-27 12:30:09.228927+00
7679063490;7246552735;true;0;2026-09-27 12:31:15.929248+00
879088309;7040084040;true;0;2026-09-27 12:31:31.680205+00
6837767188;7302305661;true;0;2026-09-27 12:32:24.552321+00
8193159341;8380916723;true;0;2026-09-27 12:32:27.691924+00
7098766892;5839623511;true;0;2026-09-27 12:33:11.458923+00
6978164887;7150028516;true;0;2026-09-27 12:33:25.561057+00
7459994224;7052929719;true;0;2026-09-27 12:57:59.956358+00
6998060912;7387726100;true;0;2026-09-27 12:58:04.051912+00
8720088901;8720951576;true;0;2026-09-27 12:58:37.834523+00
5678605272;5988245172;true;0;2026-09-27 12:59:35.570728+00
8849190379;8305463159;true;0;2026-09-27 13:00:24.099978+00
1358906519;5059162020;true;0;2026-09-27 13:00:24.165154+00
8918863428;5863753382;true;0;2026-09-27 13:00:50.998088+00
8777418962;7590298679;true;0;2026-09-27 13:01:13.883051+00
8444421340;8910413207;true;0;2026-09-27 13:01:36.303512+00
6127620512;6475645296;true;0;2026-09-27 13:01:58.098908+00
8475724046;8241890865;true;0;2026-09-27 13:02:05.696184+00
8884527436;8840343640;true;0;2026-09-27 13:02:35.516911+00
7435259398;6156443552;true;0;2026-09-27 13:04:12.415684+00
7371429396;1090534863;true;0;2026-09-27 13:05:12.5897+00
6464957740;6115381310;true;0;2026-09-27 13:05:32.614488+00
7119150798;6424593297;true;0;2026-09-27 13:05:47.562457+00
7944120637;6970277836;true;0;2026-09-27 13:06:01.189604+00
7018050105;8090778090;true;0;2026-09-27 13:06:29.309027+00
5120863955;5883256066;true;0;2026-09-27 13:06:58.708362+00
7365796636;6340638549;true;0;2026-09-27 13:08:19.867042+00
5467929218;5580298339;true;0;2026-09-27 13:08:28.30291+00
6156720750;6475645296;true;0;2026-09-27 13:08:37.464656+00
8266987169;5680135783;true;0;2026-09-27 13:10:12.608887+00
8887636103;7206619137;true;0;2026-09-27 13:10:30.731017+00
1925123690;5054324352;true;0;2026-09-27 13:11:09.905659+00
8166228440;7467214219;true;0;2026-09-27 13:11:14.249644+00
7635580875;7982325371;true;0;2026-09-27 13:11:37.632157+00
8387613200;6396174153;true;0;2026-09-27 13:13:17.136987+00
7905703469;7052929719;true;0;2026-09-27 13:56:12.714907+00
85311653;7196677406;true;0;2026-09-27 13:56:24.046904+00
2146990366;1923149727;true;0;2026-09-27 13:56:33.752816+00
2121522163;5647894109;true;0;2026-09-27 13:56:39.711931+00
7293401147;1855656384;true;0;2026-09-27 13:56:49.746928+00
8642940443;7630515620;true;0;2026-09-27 13:56:52.707082+00
6909178546;7679749469;true;0;2026-09-27 14:22:02.133923+00
5289418495;1923149727;true;0;2026-09-27 14:22:13.316923+00
8268837264;7563720163;true;0;2026-09-27 14:22:48.243971+00
7491948586;7104415532;true;0;2026-09-27 14:24:24.064578+00
159630066;226425775;true;0;2026-09-27 14:25:24.5545+00
7324823675;6248481871;true;0;2026-09-27 14:29:08.789415+00
5239760116;1391724592;true;0;2026-09-27 14:29:42.150914+00
6642940926;5709504255;true;0;2026-09-27 14:29:45.839921+00
8342051131;6404869037;true;0;2026-09-27 14:29:46.021928+00
6416094311;8516142231;true;0;2026-09-27 14:29:48.14956+00
8441097629;226425775;true;0;2026-09-27 14:30:37.121903+00
8922925914;7822604875;true;0;2026-09-27 14:30:42.714788+00
7023024761;8954036308;true;0;2026-09-27 14:30:49.539268+00
8330358066;6317252244;true;0;2026-09-27 14:31:14.257512+00
8036789970;226425775;true;0;2026-09-27 14:32:01.601988+00
7679520786;1391724592;true;0;2026-09-27 14:32:06.258243+00
7501197517;1391724592;true;0;2026-09-27 14:32:06.332782+00
6582319314;1391724592;true;0;2026-09-27 14:32:10.386885+00
7204561981;1391724592;true;0;2026-09-27 14:32:41.888267+00
7642781761;1391724592;true;0;2026-09-27 14:32:43.000922+00
7752741024;1391724592;true;0;2026-09-27 14:32:44.713836+00
8754982228;7915951342;true;0;2026-09-27 14:32:51.622903+00
7935147867;1391724592;true;0;2026-09-27 14:32:51.860968+00
7001584007;5175490699;true;0;2026-09-27 14:34:01.418256+00
7513709965;6755737258;true;0;2026-09-27 14:34:05.661518+00
6454938088;7822604875;true;0;2026-09-27 14:36:37.269695+00
7205754873;7306005607;true;0;2026-09-27 14:38:22.065378+00
6480633560;7822604875;true;0;2026-09-27 14:38:30.127785+00
7718030411;8954036308;true;0;2026-09-27 14:38:57.925925+00
8827346163;8033043411;true;0;2026-09-27 14:39:11.883191+00
1857815372;678546882;true;0;2026-09-27 14:40:12.03871+00
469563335;8824781659;true;0;2026-09-27 14:40:26.512971+00
5241535336;6708125980;true;0;2026-09-27 14:40:53.413929+00
7652213831;7982325371;true;0;2026-09-27 14:41:05.128688+00
2084662557;886866275;true;0;2026-09-27 14:41:29.885494+00
1144756154;2142924045;true;0;2026-09-27 14:41:30.76004+00
8422322896;7286720420;true;0;2026-09-27 14:41:47.236906+00
8680118305;8170359590;true;0;2026-09-27 14:42:08.878216+00
7546196601;6618225075;true;0;2026-09-27 14:42:37.97947+00
7706839890;6312362664;true;0;2026-09-27 15:02:57.605938+00
8469545291;8496689125;true;0;2026-09-27 15:02:59.100745+00
1789169327;6518289668;true;0;2026-09-27 15:04:18.733925+00
8773985175;8717412241;true;0;2026-09-27 15:04:27.221214+00
7376227754;6340638549;true;0;2026-09-27 15:04:28.975977+00
6048176075;8026237942;true;0;2026-09-27 15:06:27.072212+00
5449778621;5329728019;true;0;2026-09-27 15:07:46.960275+00
5367886384;7196677406;true;0;2026-09-27 15:07:47.286149+00
8282617997;6034736219;true;0;2026-09-27 15:08:16.141964+00
1311137501;7052929719;true;0;2026-09-27 11:19:08.210974+00
8607048383;5930588873;true;0;2026-09-27 11:19:44.16525+00
8688265936;1855656384;true;0;2026-09-27 11:19:56.362916+00
2043949839;7052929719;true;0;2026-09-27 11:46:29.600374+00
7105754580;1254022510;true;0;2026-09-27 11:46:32.975254+00
8074754803;7422269738;true;0;2026-09-27 11:46:35.680949+00
5621220273;1956898640;true;0;2026-09-27 11:46:35.833104+00
8683136644;7637567582;true;0;2026-09-27 11:46:42.44321+00
8392036373;7422269738;true;0;2026-09-27 11:46:51.998819+00
8265292233;7693447102;true;0;2026-09-27 11:47:28.543388+00
6471736077;7290520808;true;0;2026-09-27 11:48:22.9496+00
8616410276;7560073659;true;0;2026-09-27 11:48:40.334022+00
8602029954;8619041461;true;0;2026-09-27 11:48:49.831742+00
8017880513;7279658358;true;0;2026-09-27 11:48:56.926576+00
8861952249;6590709523;true;0;2026-09-27 11:49:08.342838+00
2117918534;7006377955;true;0;2026-09-27 11:49:15.899745+00
6386638829;6340638549;true;0;2026-09-27 11:52:10.058852+00
7009216212;6694722648;true;0;2026-09-27 11:52:31.619609+00
2029414199;6236089060;true;0;2026-09-27 11:55:12.354903+00
1252144576;59587816;true;0;2026-09-27 11:55:32.908456+00
8278727664;6515204020;true;0;2026-09-27 12:22:39.450144+00
7317739555;1090534863;true;0;2026-09-27 12:23:12.831813+00
5031935711;7040084040;true;0;2026-09-27 12:25:32.208394+00
7299021506;1736872830;true;0;2026-09-27 12:25:43.150656+00
1213632352;542822412;true;0;2026-09-27 12:25:55.670343+00
6935939389;6035999261;true;0;2026-09-27 12:26:09.063842+00
8330897803;5344852278;true;0;2026-09-27 12:26:16.02134+00
6324655315;7040084040;true;0;2026-09-27 12:26:19.350833+00
7405306460;5863753382;true;0;2026-09-27 12:26:27.741639+00
7523958584;5133734491;true;0;2026-09-27 13:13:38.689426+00
8524647860;8575000716;true;0;2026-09-27 13:13:44.937577+00
1352293616;886866275;true;0;2026-09-27 13:14:03.997599+00
8050057530;1390061339;true;0;2026-09-27 13:14:18.58534+00
7395370919;5568791058;true;0;2026-09-27 13:16:13.571482+00
7275128551;5528794190;true;0;2026-09-27 13:16:20.849588+00
8899874964;7550767573;true;0;2026-09-27 13:17:23.583927+00
8973795666;8811594840;true;0;2026-09-27 13:17:24.560296+00
7626592286;6546261693;true;0;2026-09-27 13:18:34.326628+00
8713033726;7022346297;true;0;2026-09-27 13:19:27.806512+00
8997295198;8380063256;true;0;2026-09-27 13:19:35.514949+00
6478363301;1254022510;true;0;2026-09-27 13:19:37.673393+00
8851076751;6140587830;true;0;2026-09-27 13:19:50.506901+00
8756590472;7503626528;true;0;2026-09-27 13:20:44.273055+00
7135229552;8647674253;true;0;2026-09-27 13:22:05.741118+00
8841665220;7518161618;true;0;2026-09-27 13:22:08.99694+00
5215257565;1923149727;true;0;2026-09-27 13:22:54.502717+00
8619631490;7500950840;true;0;2026-09-27 13:23:02.138925+00
5369131518;8018853157;true;0;2026-09-27 13:24:06.428267+00
8183719903;5863753382;true;0;2026-09-27 13:25:31.662044+00
8448135694;7536735506;true;0;2026-09-27 13:26:00.697902+00
7418636331;7637567582;true;0;2026-09-27 13:26:14.001542+00
7027313735;8447255924;true;0;2026-09-27 13:26:21.622099+00
1660722986;6312362664;true;0;2026-09-27 13:26:22.374238+00
6825201742;5750249595;true;0;2026-09-27 13:26:27.015954+00
8794205015;6350423486;true;0;2026-09-27 13:26:40.473957+00
8333266411;5459309218;true;0;2026-09-27 13:26:52.925998+00
8958989032;1814586555;true;0;2026-09-27 13:27:15.993046+00
7386335217;226425775;true;0;2026-09-27 13:56:15.228749+00
6091036151;7637567582;true;0;2026-09-27 13:57:11.224453+00
8954835793;7590298679;true;0;2026-09-27 13:57:28.017581+00
1994727797;5930588873;true;0;2026-09-27 14:22:13.238779+00
8547865302;8141847750;true;0;2026-09-27 14:22:21.238738+00
5127961427;1814586555;true;0;2026-09-27 14:24:36.89827+00
5751001526;101612147;true;0;2026-09-27 14:25:48.854919+00
5928863966;8954036308;true;0;2026-09-27 14:25:51.27292+00
8491208103;8776692636;true;0;2026-09-27 14:26:02.987761+00
7759782543;1724242845;true;0;2026-09-27 14:26:05.916565+00
7835309089;886866275;true;0;2026-09-27 14:26:16.882909+00
15420554;1762194412;true;0;2026-09-27 14:26:17.532588+00
6509246424;8381740685;true;0;2026-09-27 14:26:30.512922+00
8516142231;7170499804;true;0;2026-09-27 14:26:40.95868+00
7745025391;5435985530;true;0;2026-09-27 14:27:07.455114+00
7285644910;6506658990;true;0;2026-09-27 14:27:31.429572+00
688141956;8954036308;true;0;2026-09-27 14:27:58.293537+00
8419230517;7822604875;true;0;2026-09-27 14:28:09.882912+00
7963807301;6799948605;true;0;2026-09-27 14:28:26.588011+00
6755737258;226425775;true;0;2026-09-27 14:28:44.327931+00
6969522476;1950114491;true;0;2026-09-27 14:29:29.232513+00
7268381894;5839623511;true;0;2026-09-27 14:29:34.797932+00
6112439362;8561506724;true;0;2026-09-27 14:29:58.557302+00
7845917745;8381740685;true;0;2026-09-27 14:30:42.678917+00
6884763346;7637567582;true;0;2026-09-27 14:30:51.073135+00
8322800229;7870379924;true;0;2026-09-27 14:30:59.126948+00
6781008961;5516818845;true;0;2026-09-27 14:31:25.360368+00
8585618466;7191703143;true;0;2026-09-27 14:31:48.43149+00
7923200397;1391724592;true;0;2026-09-27 14:32:08.221136+00
5504247153;5486251799;true;0;2026-09-27 14:32:12.49914+00
6043956799;226425775;true;0;2026-09-27 14:32:15.040007+00
7554568358;1391724592;true;0;2026-09-27 14:32:19.25314+00
7502541634;1391724592;true;0;2026-09-27 14:32:19.42821+00
7793570535;1391724592;true;0;2026-09-27 14:32:24.104946+00
8567351358;8381740685;true;0;2026-09-27 14:32:29.93754+00
8163193175;1391724592;true;0;2026-09-27 14:32:35.125671+00
7525066885;1391724592;true;0;2026-09-27 14:32:50.491926+00
7920815877;1391724592;true;0;2026-09-27 14:32:56.465154+00
6472712889;6404869037;true;0;2026-09-27 14:33:22.618941+00
7049986581;5254630760;true;0;2026-09-27 14:38:37.449633+00
8781299217;6875922951;true;0;2026-09-27 14:38:42.953939+00
6417641513;720354840;true;0;2026-09-27 14:40:05.307706+00
6461368258;5987595217;true;0;2026-09-27 14:40:28.425924+00
6622840246;8381740685;true;0;2026-09-27 14:40:31.77102+00
5578740032;6635952181;true;0;2026-09-27 14:40:33.291854+00
1748642655;8954036308;true;0;2026-09-27 14:40:34.374802+00
8663542355;5987595217;true;0;2026-09-27 14:41:10.684367+00
5059372180;8924298568;true;0;2026-09-27 14:41:19.346016+00
6048379094;6638606520;true;0;2026-09-27 14:41:59.809616+00
7281907010;6557934579;true;0;2026-09-27 14:42:02.927588+00
6799420404;7467214219;true;0;2026-09-27 14:42:12.504986+00
6807513039;7070614700;true;0;2026-09-27 14:42:18.322913+00
8937864804;7563544271;true;0;2026-09-27 14:42:33.790902+00
7191681210;5987595217;true;0;2026-09-27 14:42:37.981903+00
8936765728;6662554051;true;0;2026-09-27 14:42:47.200096+00
8465752317;8188380498;true;0;2026-09-27 14:43:23.973934+00
823809113;7214193796;true;0;2026-09-27 15:08:11.779016+00
6975514048;7467214219;true;0;2026-09-27 15:09:22.583912+00
7505281296;7895908879;true;0;2026-09-27 15:09:30.534621+00
8834031487;8907726601;true;0;2026-09-27 15:09:41.053423+00
5640381390;1616009250;true;0;2026-09-27 15:10:09.048532+00
6840191057;6506658990;true;0;2026-09-27 15:10:10.841193+00
5036616848;8809034647;true;0;2026-09-27 15:10:17.43562+00
8599438511;7314491060;true;0;2026-09-27 15:10:44.549995+00
8223145649;6475645296;true;0;2026-09-27 15:11:26.063972+00
5656742441;5987595217;true;0;2026-09-27 15:12:04.383313+00
8452485098;8898839079;true;0;2026-09-27 15:12:14.247926+00
306044469;7957460609;true;0;2026-09-27 15:12:48.573704+00
5133142538;8954036308;true;0;2026-09-27 15:13:02.46595+00
8223860281;7957460609;true;0;2026-09-27 15:13:25.284906+00
8613299279;7865006773;true;0;2026-09-27 15:13:31.867729+00
8518559371;5636526188;true;0;2026-09-27 15:14:20.43272+00
837442850;5709504255;true;0;2026-09-27 15:16:18.29016+00
8246825732;5060385283;true;0;2026-09-27 15:16:33.433516+00
497987139;7536735506;true;0;2026-09-27 15:16:39.090632+00
5555687841;7942503037;true;0;2026-09-27 15:17:05.890438+00
8748089715;8984666112;true;0;2026-09-27 15:19:13.152085+00
8562400865;7957460609;true;0;2026-09-27 15:19:30.265912+00
5081644046;1620730859;true;0;2026-09-27 15:19:45.353246+00
7436043777;7290520808;true;0;2026-09-27 11:19:13.726828+00
7637235530;5459309218;true;0;2026-09-27 11:19:25.746427+00
5848625778;6976614823;true;0;2026-09-27 11:19:40.669725+00
8241739643;1193894441;true;0;2026-09-27 11:19:43.89491+00
8483212488;8227777950;true;0;2026-09-27 11:20:15.734021+00
8964732720;5477619287;true;0;2026-09-27 11:20:28.396546+00
8320707757;8519809553;true;0;2026-09-27 11:46:44.671327+00
8636132799;7560073659;true;0;2026-09-27 11:46:51.513924+00
5679881708;1254022510;true;0;2026-09-27 11:47:04.119489+00
7362590623;6694722648;true;0;2026-09-27 11:47:23.162784+00
188064252;8647674253;true;0;2026-09-27 11:47:50.017925+00
8215925398;7052929719;true;0;2026-09-27 11:48:07.400783+00
6710643936;5863753382;true;0;2026-09-27 11:48:58.848722+00
7226134525;8286199857;true;0;2026-09-27 11:49:06.518761+00
7433697709;5483692564;true;0;2026-09-27 11:49:50.975914+00
6749897267;7240012520;true;0;2026-09-27 11:50:00.137278+00
8455458795;8232768035;true;0;2026-09-27 11:50:04.673488+00
8429552141;6340638549;true;0;2026-09-27 11:50:19.039226+00
7898942789;7560073659;true;0;2026-09-27 11:50:55.538925+00
8774950737;8380916723;true;0;2026-09-27 11:51:04.494925+00
8972071783;7932425811;true;0;2026-09-27 11:51:12.537743+00
7794964992;7681447524;true;0;2026-09-27 11:51:38.495984+00
6557732407;8427645117;true;0;2026-09-27 11:52:21.371248+00
7936514285;255837383;true;0;2026-09-27 11:52:24.116995+00
5492316817;8432699815;true;0;2026-09-27 11:52:46.928616+00
1337753715;255837383;true;0;2026-09-27 11:52:50.413211+00
8175123691;7560073659;true;0;2026-09-27 11:53:04.319065+00
8745305525;7905950265;true;0;2026-09-27 11:53:28.241923+00
6628290401;255837383;true;0;2026-09-27 11:54:04.084959+00
8250226484;6894860211;true;0;2026-09-27 11:55:11.561904+00
7539089947;5459309218;true;0;2026-09-27 11:55:13.845475+00
6477355389;6976614823;true;0;2026-09-27 11:55:29.07394+00
7460242658;8967726776;true;0;2026-09-27 11:55:31.443166+00
7894093707;8070764575;true;0;2026-09-27 12:27:09.400754+00
8511721671;8556328355;true;0;2026-09-27 12:27:43.026838+00
6712847804;8070764575;true;0;2026-09-27 12:27:44.89891+00
1224364826;2142924045;true;0;2026-09-27 12:27:54.057905+00
7455584234;1855656384;true;0;2026-09-27 12:27:58.579914+00
7301421078;7246552735;true;0;2026-09-27 12:28:23.715899+00
7275655805;6990730373;true;0;2026-09-27 12:28:24.186984+00
5145662266;886866275;true;0;2026-09-27 12:28:24.711974+00
7193005286;1666187866;true;0;2026-09-27 12:29:09.521907+00
1334498648;8101613226;true;0;2026-09-27 12:29:41.651948+00
2128648690;7637567582;true;0;2026-09-27 12:30:43.470121+00
1878246270;8970869433;true;0;2026-09-27 12:30:45.480927+00
673751305;5141127080;true;0;2026-09-27 12:30:48.151926+00
1208036819;6340638549;true;0;2026-09-27 12:30:57.707712+00
7441908814;7040084040;true;0;2026-09-27 12:31:09.968917+00
7800765070;7982325371;true;0;2026-09-27 12:31:18.665494+00
8655269687;7279658358;true;0;2026-09-27 12:32:28.169749+00
7628765580;8774715183;true;0;2026-09-27 12:33:13.549822+00
8334232154;5211801993;true;0;2026-09-27 13:13:38.76092+00
8218841967;5344852278;true;0;2026-09-27 13:13:51.337904+00
5780708168;542822412;true;0;2026-09-27 13:14:28.380275+00
997982319;7040084040;true;0;2026-09-27 13:14:48.626903+00
6770808304;8381740685;true;0;2026-09-27 13:15:44.459307+00
2068473740;1811309074;true;0;2026-09-27 13:16:39.658453+00
7376885423;6401692685;true;0;2026-09-27 13:16:49.309927+00
5093911211;1923149727;true;0;2026-09-27 13:17:06.576532+00
7064415950;8793700575;true;0;2026-09-27 13:17:14.734641+00
8152884915;5709504255;true;0;2026-09-27 13:17:25.54541+00
8696347433;7536735506;true;0;2026-09-27 13:17:30.312922+00
7087294379;7793139330;true;0;2026-09-27 13:18:14.214188+00
5274164465;1923149727;true;0;2026-09-27 13:19:53.772167+00
7253141740;7052929719;true;0;2026-09-27 13:20:22.631293+00
7819128044;7637567582;true;0;2026-09-27 13:20:33.420918+00
6794537414;5709504255;true;0;2026-09-27 13:20:49.344544+00
8102215161;5863753382;true;0;2026-09-27 13:21:15.837931+00
8176285874;6884462447;true;0;2026-09-27 13:21:26.594345+00
8565645713;7518161618;true;0;2026-09-27 13:21:36.017911+00
5265259214;6546261693;true;0;2026-09-27 13:22:08.001917+00
5208623265;7145628016;true;0;2026-09-27 13:22:13.086917+00
7859930424;8232768035;true;0;2026-09-27 13:22:35.479375+00
6723432730;5486251799;true;0;2026-09-27 13:23:08.319315+00
5369757306;7536735506;true;0;2026-09-27 13:24:08.854185+00
8026237942;7299021506;true;0;2026-09-27 13:25:23.807984+00
8038076073;8070764575;true;0;2026-09-27 13:26:00.590931+00
6136397518;8556328355;true;0;2026-09-27 13:26:11.887229+00
1850828532;7299021506;true;0;2026-09-27 13:26:50.482028+00
8430556493;7411242147;true;0;2026-09-27 13:26:54.90091+00
6332413995;6183836745;true;0;2026-09-27 13:27:27.327972+00
6310654113;7630515620;true;0;2026-09-27 13:27:30.070902+00
8962887778;7590298679;true;0;2026-09-27 13:57:11.266152+00
6401103765;226425775;true;0;2026-09-27 13:57:54.381928+00
8934240423;226425775;true;0;2026-09-27 13:58:07.705908+00
6875922951;5528794190;true;0;2026-09-27 13:58:12.601071+00
8885916032;5196555694;true;0;2026-09-27 13:59:07.276247+00
8923403049;6275213213;true;0;2026-09-27 13:59:17.618033+00
5634799010;7052929719;true;0;2026-09-27 13:59:18.906926+00
8969257740;7590298679;true;0;2026-09-27 13:59:23.221914+00
8408207248;6371810631;true;0;2026-09-27 13:59:26.827431+00
433550319;226425775;true;0;2026-09-27 14:00:54.448672+00
7831850448;6146797678;true;0;2026-09-27 14:02:00.931302+00
7808363432;8408207248;true;0;2026-09-27 14:02:13.153918+00
6871602822;6445238971;true;0;2026-09-27 14:02:13.559651+00
6837359706;7982325371;true;0;2026-09-27 14:02:19.023913+00
5053714413;6677267628;true;0;2026-09-27 14:02:31.742034+00
8515131329;5060385283;true;0;2026-09-27 14:03:16.569942+00
6499370270;8505916897;true;0;2026-09-27 14:03:52.393784+00
6849792970;8997295198;true;0;2026-09-27 14:05:28.306037+00
6293852802;1163433276;true;0;2026-09-27 14:05:51.515309+00
722985282;1950114491;true;0;2026-09-27 14:06:35.954949+00
6980378100;7637567582;true;0;2026-09-27 14:30:57.944832+00
402168941;1762194412;true;0;2026-09-27 14:31:24.045889+00
8935790965;8848967782;true;0;2026-09-27 14:31:27.760935+00
8193593720;7563720163;true;0;2026-09-27 14:31:37.569982+00
7943998662;1391724592;true;0;2026-09-27 14:32:00.8482+00
7937727522;1391724592;true;0;2026-09-27 14:32:01.638025+00
7173453595;1391724592;true;0;2026-09-27 14:32:08.139793+00
7888976023;1391724592;true;0;2026-09-27 14:32:10.283339+00
7476973126;1391724592;true;0;2026-09-27 14:32:12.533339+00
7511478134;1391724592;true;0;2026-09-27 14:32:13.236941+00
7404854386;1391724592;true;0;2026-09-27 14:32:15.004776+00
8506543711;226425775;true;0;2026-09-27 14:32:15.054031+00
7749949226;1391724592;true;0;2026-09-27 14:32:15.062483+00
7724541654;1391724592;true;0;2026-09-27 14:32:15.655119+00
7617108830;1391724592;true;0;2026-09-27 14:32:35.908351+00
7565557911;1391724592;true;0;2026-09-27 14:32:52.673933+00
7861523480;1391724592;true;0;2026-09-27 14:32:52.799562+00
6644725052;7522631387;true;0;2026-09-27 14:32:53.566979+00
8016366387;1391724592;true;0;2026-09-27 14:32:57.556934+00
8118297019;1391724592;true;0;2026-09-27 14:32:59.459565+00
6170391126;8229825936;true;0;2026-09-27 14:33:16.258911+00
7774641159;7522631387;true;0;2026-09-27 14:33:24.646157+00
5770067227;8954036308;true;0;2026-09-27 14:38:06.772925+00
8604551182;8905139640;true;0;2026-09-27 14:38:30.004496+00
6424320081;8653479591;true;0;2026-09-27 14:40:11.305344+00
6557934579;6028335644;true;0;2026-09-27 14:40:12.004722+00
5297679393;6721438035;true;0;2026-09-27 14:40:31.809916+00
8176652280;7933223259;true;0;2026-09-27 14:40:50.93582+00
7478690261;5040904740;true;0;2026-09-27 14:40:59.071454+00
5572658452;6955951067;true;0;2026-09-27 14:41:06.36671+00
7254153262;6202964719;true;0;2026-09-27 14:41:43.231938+00
1616009250;8143524237;true;0;2026-09-27 14:42:05.140997+00
8833631813;7144601808;true;0;2026-09-27 14:42:05.689256+00
8995320633;6635952181;true;0;2026-09-27 14:42:12.630965+00
1762422514;8811594840;true;0;2026-09-27 11:20:18.417412+00
7723819180;7510179367;true;0;2026-09-27 11:20:32.988998+00
5531529573;7150028516;true;0;2026-09-27 11:20:35.4125+00
6662882252;6971638079;true;0;2026-09-27 11:20:39.310662+00
7857244052;6499229978;true;0;2026-09-27 11:20:40.192956+00
6608387271;8811594840;true;0;2026-09-27 11:20:43.030533+00
8907684059;6590709523;true;0;2026-09-27 11:20:44.804948+00
5911910448;6035999261;true;0;2026-09-27 11:20:45.447434+00
7577963022;6579786009;true;0;2026-09-27 11:20:48.246937+00
1365177928;1312051755;true;0;2026-09-27 11:20:51.292227+00
8686399704;8999680099;true;0;2026-09-27 11:20:53.68336+00
1975157592;8365923252;true;0;2026-09-27 11:20:54.488009+00
7958509312;1193894441;true;0;2026-09-27 11:20:55.425927+00
6898242355;7681447524;true;0;2026-09-27 11:20:56.845935+00
7082016674;7070614700;true;0;2026-09-27 11:20:57.953855+00
7630465818;7510179367;true;0;2026-09-27 11:21:01.387922+00
8297758302;7422269738;true;0;2026-09-27 11:21:08.149674+00
8127883627;7510179367;true;0;2026-09-27 11:21:08.747924+00
6491712070;7708561744;true;0;2026-09-27 11:21:10.923876+00
6401022808;8670732503;true;0;2026-09-27 11:21:15.372687+00
1300979784;5930588873;true;0;2026-09-27 11:21:15.825856+00
7360570017;8782791920;true;0;2026-09-27 11:21:17.127527+00
8808450508;7284765829;true;0;2026-09-27 11:21:17.556364+00
8896081999;8427645117;true;0;2026-09-27 11:21:17.819399+00
8033931614;8290536071;true;0;2026-09-27 11:21:18.113654+00
8099392224;6717942732;true;0;2026-09-27 11:21:20.987975+00
1371313525;8227777950;true;0;2026-09-27 11:21:23.56297+00
8875715997;8670732503;true;0;2026-09-27 11:21:23.686606+00
8706348054;5863753382;true;0;2026-09-27 11:21:24.047611+00
5471480959;6035999261;true;0;2026-09-27 11:21:26.06195+00
6958517390;7052929719;true;0;2026-09-27 11:21:26.065817+00
7416574983;6146797678;true;0;2026-09-27 11:21:28.749762+00
6122977500;7952962913;true;0;2026-09-27 11:21:28.822899+00
7403359117;7078995117;true;0;2026-09-27 11:21:29.904158+00
8192603778;6424915694;true;0;2026-09-27 11:21:31.89+00
666044731;8607048383;true;0;2026-09-27 11:21:35.925925+00
8251220398;7532391908;true;0;2026-09-27 11:21:36.763605+00
2046664278;5978937788;true;0;2026-09-27 11:21:36.968406+00
8607769820;6662964886;true;0;2026-09-27 11:21:39.047075+00
6455992927;7510179367;true;0;2026-09-27 11:21:39.590832+00
8998636863;7150028516;true;0;2026-09-27 11:21:42.830029+00
1693755002;7982325371;true;0;2026-09-27 11:21:44.650819+00
7991579942;5863753382;true;0;2026-09-27 11:21:46.809901+00
6614020443;5778905161;true;0;2026-09-27 11:21:52.004357+00
8794257261;5778905161;true;0;2026-09-27 11:21:54.669682+00
6492874255;5778905161;true;0;2026-09-27 11:21:58.309923+00
6632604397;5778905161;true;0;2026-09-27 11:21:59.63192+00
6415572367;5778905161;true;0;2026-09-27 11:21:59.770268+00
8135549455;7637567582;true;0;2026-09-27 11:22:00.905044+00
6574874804;5778905161;true;0;2026-09-27 11:22:00.907818+00
6549900173;5778905161;true;0;2026-09-27 11:22:00.904907+00
6455646653;5778905161;true;0;2026-09-27 11:22:00.933416+00
6570960412;5778905161;true;0;2026-09-27 11:22:00.943485+00
6613993409;5778905161;true;0;2026-09-27 11:22:01.687472+00
6342237179;5778905161;true;0;2026-09-27 11:22:02.867923+00
6488900673;5778905161;true;0;2026-09-27 11:22:02.953177+00
6535236958;5778905161;true;0;2026-09-27 11:22:03.347758+00
7157212505;6535148422;true;0;2026-09-27 11:22:03.930827+00
6857679629;5778905161;true;0;2026-09-27 11:22:04.395958+00
6529086432;5778905161;true;0;2026-09-27 11:22:04.555599+00
7987933186;8670732503;true;0;2026-09-27 11:22:05.931008+00
7883713822;7982325371;true;0;2026-09-27 11:22:06.118168+00
7318571923;6039084134;true;0;2026-09-27 11:22:08.256651+00
8583327116;6035999261;true;0;2026-09-27 11:22:09.239566+00
7750923911;5863753382;true;0;2026-09-27 11:22:16.750922+00
8952219155;7052929719;true;0;2026-09-27 11:22:17.23565+00
8164122517;6717942732;true;0;2026-09-27 11:22:23.563982+00
7012509331;7422269738;true;0;2026-09-27 11:22:25.04454+00
8188746037;6035999261;true;0;2026-09-27 11:22:25.368915+00
5966063205;7422269738;true;0;2026-09-27 11:22:27.881921+00
6714551668;8670732503;true;0;2026-09-27 11:22:30.06058+00
8076217625;8293165067;true;0;2026-09-27 11:22:32.053483+00
5406041649;1791228498;true;0;2026-09-27 11:22:35.882923+00
8550648619;7355271673;true;0;2026-09-27 11:22:36.1095+00
6371643841;5863753382;true;0;2026-09-27 11:22:42.328266+00
5361009530;8365923252;true;0;2026-09-27 11:22:44.373832+00
6066946297;8427645117;true;0;2026-09-27 11:22:52.764466+00
8515531545;6978820493;true;0;2026-09-27 11:23:03.327341+00
8576616035;7875362990;true;0;2026-09-27 11:23:03.989565+00
876829248;8811594840;true;0;2026-09-27 11:23:05.055922+00
5393665786;7043367909;true;0;2026-09-27 11:23:05.085027+00
7234161330;7052929719;true;0;2026-09-27 11:23:09.225567+00
8428781171;1743469511;true;0;2026-09-27 11:23:09.399007+00
8967726776;6515204020;true;0;2026-09-27 11:23:09.733824+00
7424508757;7454546340;true;0;2026-09-27 11:23:12.05288+00
6361889903;6518289668;true;0;2026-09-27 11:23:12.839698+00
7209885228;7454546340;true;0;2026-09-27 11:23:15.947361+00
1124327574;7052929719;true;0;2026-09-27 11:23:18.210943+00
7849296566;7454546340;true;0;2026-09-27 11:23:19.028681+00
5198194828;7454546340;true;0;2026-09-27 11:23:20.106057+00
8304138126;7150028516;true;0;2026-09-27 11:23:20.64972+00
750558744;7454546340;true;0;2026-09-27 11:23:25.949666+00
7138182580;6618225075;true;0;2026-09-27 11:23:26.825071+00
8953665423;7454546340;true;0;2026-09-27 11:23:26.832621+00
1241274307;7454546340;true;0;2026-09-27 11:23:28.829674+00
6243860889;7454546340;true;0;2026-09-27 11:23:31.346588+00
7312363481;7052929719;true;0;2026-09-27 11:23:31.649967+00
8707885808;8999680099;true;0;2026-09-27 11:23:34.359919+00
6703978156;7454546340;true;0;2026-09-27 11:23:35.267909+00
1985923587;7708561744;true;0;2026-09-27 11:23:35.410697+00
6187174113;7708561744;true;0;2026-09-27 11:23:36.499059+00
8477517614;6662964886;true;0;2026-09-27 11:23:38.968712+00
7065428083;7150028516;true;0;2026-09-27 11:23:41.007921+00
907560230;1956898640;true;0;2026-09-27 11:23:41.544884+00
6712184289;7043367909;true;0;2026-09-27 11:23:47.624199+00
8706350119;8999680099;true;0;2026-09-27 11:23:52.687948+00
6123506819;8188746037;true;0;2026-09-27 11:23:52.947515+00
8710188864;8532677305;true;0;2026-09-27 11:23:57.151931+00
7059727717;7982325371;true;0;2026-09-27 11:24:03.186975+00
8218614364;8339299560;true;0;2026-09-27 11:24:03.681915+00
5522632680;6955951067;true;0;2026-09-27 11:24:05.524885+00
8514300720;6618225075;true;0;2026-09-27 11:24:07.821923+00
7395769571;7279658358;true;0;2026-09-27 11:24:09.082248+00
6497096208;7789411693;true;0;2026-09-27 11:24:10.009729+00
8080516788;1487314449;true;0;2026-09-27 11:24:12.925981+00
1713050044;7112182618;true;0;2026-09-27 11:24:15.107079+00
8705820484;7637567582;true;0;2026-09-27 11:24:15.807433+00
6481526877;7290520808;true;0;2026-09-27 11:24:18.955425+00
8453124108;8427645117;true;0;2026-09-27 11:24:19.286191+00
8484719178;7436003013;true;0;2026-09-27 11:24:20.154807+00
6622874284;7422269738;true;0;2026-09-27 11:24:20.973647+00
1039620435;7875362990;true;0;2026-09-27 11:24:22.054775+00
259401900;8815764832;true;0;2026-09-27 11:24:27.650946+00
6088808135;7070614700;true;0;2026-09-27 11:24:27.951036+00
7744101174;7510179367;true;0;2026-09-27 11:24:28.608915+00
8890869221;7982325371;true;0;2026-09-27 11:24:28.960988+00
1016074111;6236089060;true;0;2026-09-27 11:50:41.764201+00
8726458173;6546027475;true;0;2026-09-27 11:51:07.518197+00
6162501646;5344852278;true;0;2026-09-27 11:51:13.429566+00
8277303359;7022346297;true;0;2026-09-27 11:51:32.939562+00
6482601342;5709504255;true;0;2026-09-27 11:51:35.678623+00
6702615715;6979989757;true;0;2026-09-27 11:51:38.807833+00
6780844995;6475645296;true;0;2026-09-27 11:52:12.157669+00
8146260626;7052929719;true;0;2026-09-27 11:52:23.735921+00
5409295653;7240012520;true;0;2026-09-27 11:52:29.035714+00
8705583756;7637567582;true;0;2026-09-27 11:53:28.747474+00
7240800721;8339299560;true;0;2026-09-27 15:51:04.338402+00
6798338374;59587816;true;0;2026-09-27 15:51:08.01576+00
8795219777;8206571366;true;0;2026-09-27 15:51:09.93772+00
7183464747;7467214219;true;0;2026-09-27 15:51:39.590405+00
7301652472;5492656080;true;0;2026-09-27 15:52:45.699929+00
8902901252;8888494857;true;0;2026-09-27 15:53:15.721567+00
8672057938;5040904740;true;0;2026-09-27 15:53:17.89927+00
8133335037;6473031326;true;0;2026-09-27 16:11:52.999703+00
8711785819;5863753382;true;0;2026-09-27 16:13:08.77955+00
8563650777;1012612815;true;0;2026-09-27 16:13:23.684827+00
7313051060;8024487736;true;0;2026-09-27 16:13:54.98759+00
8068977955;8416780287;true;0;2026-09-27 16:13:59.388927+00
2107602117;6983564801;true;0;2026-09-27 16:14:03.030209+00
8746033583;8783092908;true;0;2026-09-27 16:14:07.769708+00
5954570209;5133200487;true;0;2026-09-27 16:16:41.601444+00
5740523257;7620068267;true;0;2026-09-27 16:16:43.27258+00
6343395524;7246552735;true;0;2026-09-27 16:16:43.877097+00
7000431954;5919367787;true;0;2026-09-27 16:17:06.713663+00
7352262664;7676595679;true;0;2026-09-27 16:17:14.715219+00
7945591079;1950998212;true;0;2026-09-27 16:17:44.323903+00
7335676310;7193347397;true;0;2026-09-27 16:19:03.917932+00
6001344277;5176850929;true;0;2026-09-27 16:20:18.144539+00
6816024187;6133933014;true;0;2026-09-27 16:20:31.692208+00
7000301287;5528455120;true;0;2026-09-27 16:21:10.569534+00
692509863;5438549908;true;0;2026-09-27 16:21:17.700948+00
5598160812;8720739001;true;0;2026-09-27 16:21:43.965924+00
7174723951;8408686207;true;0;2026-09-27 16:21:56.00869+00
7042058314;7240012520;true;0;2026-09-27 16:27:33.177965+00
7241448678;8568043698;true;0;2026-09-27 16:28:30.416959+00
8623760477;8067169428;true;0;2026-09-27 16:28:36.942901+00
8913962514;8135164341;true;0;2026-09-27 16:28:51.474719+00
1216513544;6983564801;true;0;2026-09-27 16:29:21.625212+00
8916538702;7301760859;true;0;2026-09-27 16:29:40.766411+00
7517078207;5919367787;true;0;2026-09-27 16:30:22.075914+00
154525292;8586030968;true;0;2026-09-27 16:31:11.94752+00
5722023411;1762194412;true;0;2026-09-27 16:32:08.761973+00
5047900155;7708561744;true;0;2026-09-27 16:32:19.82902+00
5210044011;5269762185;true;0;2026-09-27 16:32:33.481203+00
6656673924;8586030968;true;0;2026-09-27 16:32:35.583362+00
7317875713;6312676710;true;0;2026-09-27 16:34:37.026072+00
8426021072;8647674253;true;0;2026-09-27 16:34:46.513129+00
7925692962;6747084313;true;0;2026-09-27 16:34:52.28957+00
2078770747;5988245172;true;0;2026-09-27 16:34:53.365516+00
7750250284;8586030968;true;0;2026-09-27 16:34:54.085319+00
6958926638;8647674253;true;0;2026-09-27 16:35:05.591173+00
8762218145;8067422024;true;0;2026-09-27 15:51:06.428072+00
7167666372;8681895224;true;0;2026-09-27 15:51:31.357665+00
8511453728;7744682439;true;0;2026-09-27 15:52:15.387478+00
7320857117;5206934931;true;0;2026-09-27 15:52:50.75966+00
353063702;6346994913;true;0;2026-09-27 15:52:56.059622+00
7694326897;7744682439;true;0;2026-09-27 15:53:25.157038+00
7171578492;5176850929;true;0;2026-09-27 16:11:53.626954+00
8375055813;8756688378;true;0;2026-09-27 16:12:10.485552+00
8859215193;7506082578;true;0;2026-09-27 16:12:20.792084+00
6772570965;6473031326;true;0;2026-09-27 16:13:17.736262+00
1305642007;8954036308;true;0;2026-09-27 16:16:42.879614+00
8513395051;7788107952;true;0;2026-09-27 16:16:43.244911+00
6814856080;1736872830;true;0;2026-09-27 16:16:45.737047+00
8242366561;8709332555;true;0;2026-09-27 16:17:13.295903+00
5766657033;7682394027;true;0;2026-09-27 16:17:19.142332+00
6739863790;2087148835;true;0;2026-09-27 16:17:20.948912+00
104002652;5528455120;true;0;2026-09-27 16:17:24.499646+00
7510609267;1594808843;true;0;2026-09-27 16:18:32.634158+00
8758456593;5863753382;true;0;2026-09-27 16:19:11.018522+00
2098453834;5176850929;true;0;2026-09-27 16:19:50.025796+00
8794845969;7028742688;true;0;2026-09-27 16:20:12.712321+00
6230597063;7126566467;true;0;2026-09-27 16:21:17.214481+00
8768470932;8065518313;true;0;2026-09-27 16:21:42.643613+00
7701777946;6955951067;true;0;2026-09-27 16:22:02.295463+00
8676921132;6694722648;true;0;2026-09-27 16:22:10.095918+00
6489940098;6955951067;true;0;2026-09-27 16:24:37.367356+00
8104259677;7595636331;true;0;2026-09-27 16:24:44.759947+00
8629401309;8065518313;true;0;2026-09-27 16:35:17.301109+00
7750341744;8985098303;true;0;2026-09-27 15:51:09.67793+00
8182285298;5650890862;true;0;2026-09-27 15:51:48.003007+00
7979677409;8809034647;true;0;2026-09-27 15:52:31.663058+00
6809156332;8123704101;true;0;2026-09-27 16:11:56.842037+00
8453003437;7126566467;true;0;2026-09-27 16:11:59.178607+00
220551092;6231421211;true;0;2026-09-27 16:12:06.070591+00
826731882;7246552735;true;0;2026-09-27 16:12:36.095918+00
7679674019;5919367787;true;0;2026-09-27 16:12:42.673108+00
6455336047;1855656384;true;0;2026-09-27 16:12:44.66694+00
7369782720;8763297087;true;0;2026-09-27 16:12:52.981646+00
5864442757;6747084313;true;0;2026-09-27 16:13:08.808703+00
1963493945;8954036308;true;0;2026-09-27 16:13:29.268291+00
6199351548;8058162990;true;0;2026-09-27 16:16:45.988981+00
8086289392;6618225075;true;0;2026-09-27 16:17:10.261111+00
8866868319;1620730859;true;0;2026-09-27 16:17:52.037151+00
8799757549;5438549908;true;0;2026-09-27 16:18:31.77277+00
8991660480;6974957322;true;0;2026-09-27 16:19:31.476417+00
7728960098;886866275;true;0;2026-09-27 16:19:47.03192+00
7306554001;8791291365;true;0;2026-09-27 16:19:52.094102+00
7265420922;394397878;true;0;2026-09-27 16:20:31.289282+00
1551361557;8229825936;true;0;2026-09-27 16:20:59.474482+00
8645057112;7574367386;true;0;2026-09-27 16:21:06.790803+00
6199940713;5040904740;true;0;2026-09-27 16:21:27.165952+00
8482634544;7908242740;true;0;2026-09-27 16:38:43.503714+00
6557379602;8169812174;true;0;2026-09-27 16:39:34.559708+00
8431197387;6635952181;true;0;2026-09-27 15:51:13.689931+00
8154864731;7545787996;true;0;2026-09-27 15:52:22.997937+00
6693058038;8056046629;true;0;2026-09-27 15:52:26.516088+00
8617508345;7637567582;true;0;2026-09-27 15:52:43.966934+00
7730810737;8567091232;true;0;2026-09-27 15:53:01.067169+00
7668714260;1163433276;true;0;2026-09-27 16:11:57.22789+00
8726562173;8227777950;true;0;2026-09-27 16:12:08.508971+00
7344093314;6102765261;true;0;2026-09-27 16:12:10.417267+00
6951238320;394397878;true;0;2026-09-27 16:12:43.499827+00
8987523517;8502620826;true;0;2026-09-27 16:12:57.381661+00
6911937423;8647674253;true;0;2026-09-27 16:13:08.559642+00
216567347;6445238971;true;0;2026-09-27 16:13:16.787094+00
8700495483;6048943114;true;0;2026-09-27 16:13:18.663965+00
7492593484;7410465216;true;0;2026-09-27 16:13:19.899568+00
7072071137;8491798657;true;0;2026-09-27 16:13:36.541922+00
8419659600;8797409340;true;0;2026-09-27 16:16:43.798928+00
5298901482;6856461858;true;0;2026-09-27 16:16:44.595913+00
8768469217;8067169428;true;0;2026-09-27 16:17:07.688785+00
7782842652;8169812174;true;0;2026-09-27 16:17:07.936204+00
8208160947;6799948605;true;0;2026-09-27 16:17:12.315703+00
6546505693;8924298568;true;0;2026-09-27 16:17:36.382506+00
8581110924;5590607080;true;0;2026-09-27 16:18:54.26764+00
7191160849;5176850929;true;0;2026-09-27 16:19:25.425028+00
8485956523;2020419473;true;0;2026-09-27 16:19:49.876043+00
2071179242;5590607080;true;0;2026-09-27 16:20:05.712907+00
8960847179;8067169428;true;0;2026-09-27 16:20:17.734092+00
7414837112;7109089328;true;0;2026-09-27 16:20:18.532557+00
8664651738;7193005286;true;0;2026-09-27 16:20:39.88052+00
5328150854;5176850929;true;0;2026-09-27 16:21:04.651485+00
8267715873;6137963077;true;0;2026-09-27 16:21:06.471932+00
169878261;8586030968;true;0;2026-09-27 16:38:47.435308+00
387937327;886866275;true;0;2026-09-27 16:39:38.87495+00
6601246200;8550020292;true;0;2026-09-27 15:51:15.671345+00
8169812174;5087892889;true;0;2026-09-27 15:51:16.792739+00
6747832959;7545787996;true;0;2026-09-27 15:51:28.537656+00
6314154189;6856461858;true;0;2026-09-27 15:51:37.915554+00
5961883095;8305463159;true;0;2026-09-27 15:52:06.711933+00
8604970027;5596762774;true;0;2026-09-27 15:52:14.8306+00
8245133252;7630515620;true;0;2026-09-27 15:52:36.419568+00
8896084050;8431197387;true;0;2026-09-27 15:52:48.358564+00
8754484878;8076660811;true;0;2026-09-27 15:52:53.68501+00
8407440480;7682381175;true;0;2026-09-27 15:53:06.997711+00
7395602479;7717029066;true;0;2026-09-27 15:53:15.263944+00
7898962527;5317716953;true;0;2026-09-27 16:12:01.074927+00
6975028810;1028092977;true;0;2026-09-27 16:12:13.275624+00
5614339291;8327678873;true;0;2026-09-27 16:13:51.049018+00
8767697270;5590607080;true;0;2026-09-27 16:16:44.573986+00
7584397202;394397878;true;0;2026-09-27 16:16:45.039317+00
7778832301;5746117157;true;0;2026-09-27 16:16:55.240886+00
7233821146;8436438196;true;0;2026-09-27 16:17:45.765067+00
8643830303;6146030918;true;0;2026-09-27 16:18:23.009431+00
7955197527;7620068267;true;0;2026-09-27 16:18:44.538914+00
8858098126;7682679676;true;0;2026-09-27 16:19:05.976218+00
1363408280;8196661724;true;0;2026-09-27 16:19:14.87104+00
6260069303;7150028516;true;0;2026-09-27 16:20:18.143167+00
7227686073;7380853566;true;0;2026-09-27 16:20:34.154386+00
6618148359;6739863790;true;0;2026-09-27 16:20:49.30391+00
8989078313;6146030918;true;0;2026-09-27 16:21:07.094478+00
8898358118;5112783806;true;0;2026-09-27 16:21:39.633938+00
8358331654;5652438263;true;0;2026-09-27 16:22:01.82715+00
6057455666;5459309218;true;0;2026-09-27 16:39:25.18308+00
6353788111;5054569805;true;0;2026-09-27 15:51:28.861291+00
7290457407;5900656364;true;0;2026-09-27 15:52:24.332401+00
7539496040;1929855145;true;0;2026-09-27 15:52:59.514923+00
7278310002;7637567582;true;0;2026-09-27 15:53:33.355231+00
8327678873;5993705428;true;0;2026-09-27 16:12:05.197752+00
8692996913;8791291365;true;0;2026-09-27 16:12:08.044559+00
8958820903;6146030918;true;0;2026-09-27 16:12:15.810373+00
8863869218;1925786737;true;0;2026-09-27 16:12:25.221799+00
7886219122;5459309218;true;0;2026-09-27 16:12:39.219737+00
8516382207;8504916103;true;0;2026-09-27 16:13:52.430484+00
7323367416;8811594840;true;0;2026-09-27 16:13:59.069938+00
7775045355;8053030580;true;0;2026-09-27 16:16:43.928208+00
6412895151;2087148835;true;0;2026-09-27 16:16:48.803793+00
5915340587;5176850929;true;0;2026-09-27 16:16:59.773906+00
5112783806;835648800;true;0;2026-09-27 16:17:04.744619+00
6964402656;5838693411;true;0;2026-09-27 16:17:08.875428+00
7056901235;8196661724;true;0;2026-09-27 16:17:40.467304+00
6580700158;7387726100;true;0;2026-09-27 16:17:49.183045+00
8817372413;5919367787;true;0;2026-09-27 16:17:52.02291+00
902263916;7812249970;true;0;2026-09-27 16:18:34.076326+00
6579367987;5987595217;true;0;2026-09-27 16:18:57.011893+00
726833288;8905139640;true;0;2026-09-27 16:19:21.236987+00
6327546483;1125479544;true;0;2026-09-27 16:20:13.86591+00
8272348722;8568043698;true;0;2026-09-27 16:20:51.302911+00
1068613174;5987595217;true;0;2026-09-27 16:21:51.173925+00
6213261038;5826659809;true;0;2026-09-27 16:21:53.475903+00
7629002004;5176850929;true;0;2026-09-27 16:22:11.727819+00
6409517322;8067169428;true;0;2026-09-27 16:22:17.293395+00
8782279809;8586030968;true;0;2026-09-27 16:39:27.61135+00
5765176730;7068922671;true;0;2026-09-27 16:39:38.677347+00
6914909734;5492656080;true;0;2026-09-27 15:51:30.057775+00
1950998212;7046449718;true;0;2026-09-27 15:51:38.378446+00
7916015156;5176850929;true;0;2026-09-27 15:51:40.934923+00
8223277706;6301073207;true;0;2026-09-27 15:51:48.883682+00
8224709671;7284765829;true;0;2026-09-27 15:52:10.534962+00
1239536977;1947102861;true;0;2026-09-27 15:52:20.265809+00
7338840534;7387726100;true;0;2026-09-27 15:52:23.816912+00
7284669729;8647674253;true;0;2026-09-27 16:12:09.587021+00
6597537614;6235427919;true;0;2026-09-27 16:13:16.806995+00
7373981782;5570136859;true;0;2026-09-27 16:13:24.908996+00
5626629278;1814586555;true;0;2026-09-27 16:13:27.012783+00
6247751161;7788107952;true;0;2026-09-27 16:16:43.599266+00
7361947249;1594808843;true;0;2026-09-27 16:16:44.497927+00
5674386517;7040084040;true;0;2026-09-27 16:17:05.734908+00
7777036874;8260846315;true;0;2026-09-27 16:17:12.114011+00
7035501467;8615498502;true;0;2026-09-27 16:18:03.897906+00
8686312342;8812924213;true;0;2026-09-27 16:18:10.490917+00
6635745932;7467214219;true;0;2026-09-27 16:18:16.274059+00
6715914166;6587611725;true;0;2026-09-27 16:18:56.457001+00
8449464715;5863753382;true;0;2026-09-27 16:18:58.721605+00
8723103893;6983564801;true;0;2026-09-27 16:19:01.47764+00
5481681506;8615498502;true;0;2026-09-27 16:19:10.464215+00
6639000052;6570232578;true;0;2026-09-27 16:20:02.819557+00
6367164693;6635745932;true;0;2026-09-27 16:20:12.57371+00
7302303255;7387726100;true;0;2026-09-27 16:20:24.425478+00
8036303704;7233821146;true;0;2026-09-27 16:20:35.556947+00
5602560172;5864442757;true;0;2026-09-27 16:20:58.398921+00
8476844061;1925786737;true;0;2026-09-27 16:21:17.280901+00
8622723662;8416780287;true;0;2026-09-27 16:22:10.660817+00
1596241273;7040084040;true;0;2026-09-27 16:22:10.842919+00
7699228844;8033043411;true;0;2026-09-27 16:24:40.385803+00
6744885435;5925527335;true;0;2026-09-27 16:39:38.889619+00
5601576999;6970277836;true;0;2026-09-27 15:51:40.414594+00
5845345733;7721795288;true;0;2026-09-27 15:53:12.078909+00
7208560601;8791291365;true;0;2026-09-27 15:53:23.656257+00
7466354843;8248498741;true;0;2026-09-27 16:12:10.080909+00
6106074879;7822604875;true;0;2026-09-27 16:12:42.734381+00
6002495162;6754801370;true;0;2026-09-27 16:13:21.512952+00
2020419473;8196661724;true;0;2026-09-27 16:13:55.248889+00
7918388008;886866275;true;0;2026-09-27 16:16:37.639049+00
6202630698;5068559624;true;0;2026-09-27 16:16:40.715982+00
8468148767;6146030918;true;0;2026-09-27 16:16:41.307218+00
7845793716;8667955518;true;0;2026-09-27 16:17:08.032018+00
8330305071;6570232578;true;0;2026-09-27 16:17:10.760139+00
8745805353;8763297087;true;0;2026-09-27 16:17:12.018079+00
1974366924;255837383;true;0;2026-09-27 16:17:12.37226+00
8380021320;6983564801;true;0;2026-09-27 16:17:36.996851+00
8758876038;6677797998;true;0;2026-09-27 16:17:53.648317+00
8477831275;8306056109;true;0;2026-09-27 16:18:35.80004+00
7324535559;2020419473;true;0;2026-09-27 16:19:09.815468+00
2004773614;5176850929;true;0;2026-09-27 16:20:06.502921+00
8234099535;6829190763;true;0;2026-09-27 16:20:16.657013+00
7656256196;1594808843;true;0;2026-09-27 16:20:19.507956+00
7610893811;8491798657;true;0;2026-09-27 16:20:36.650913+00
8446848369;6677797998;true;0;2026-09-27 16:20:53.086306+00
8230662883;7150028516;true;0;2026-09-27 16:20:54.02857+00
912450131;8954036308;true;0;2026-09-27 16:20:55.412845+00
8735640457;8703438674;true;0;2026-09-27 16:21:04.839973+00
7047703646;87285501;true;0;2026-09-27 16:21:45.92271+00
8792343269;7680343638;true;0;2026-09-27 16:21:59.744925+00
1150828581;2142924045;true;0;2026-09-27 16:24:37.71909+00
6887615252;6983564801;true;0;2026-09-27 16:24:46.91276+00
7915207358;8586030968;true;0;2026-09-27 16:40:22.028822+00
5121319048;130379431;true;0;2026-09-27 16:41:12.775997+00
6175061336;8586030968;true;0;2026-09-27 16:41:30.694902+00
8141709150;8586030968;true;0;2026-09-27 16:41:31.77416+00
8799022036;7822604875;true;0;2026-09-27 16:42:10.708725+00
330306881;8811594840;true;0;2026-09-27 16:42:10.91643+00
7738709077;7532391908;true;0;2026-09-27 16:42:22.299437+00
1562204276;5709504255;true;0;2026-09-27 16:42:23.519121+00
6313497059;6801399671;true;0;2026-09-27 16:45:17.398368+00
803258473;6665519623;true;0;2026-09-27 16:45:18.147896+00
8740501453;8707201786;true;0;2026-09-27 16:45:18.521157+00
8735978844;6990730373;true;0;2026-09-27 16:45:24.075276+00
5846224237;7467214219;true;0;2026-09-27 16:47:35.28803+00
8999950032;5815410276;true;0;2026-09-27 16:48:02.629447+00
7508079314;5040904740;true;0;2026-09-27 16:48:36.539696+00
5321298140;6757707700;true;0;2026-09-27 16:48:59.913505+00
7677510625;8905139640;true;0;2026-09-27 16:49:16.482813+00
8220544039;6847096553;true;0;2026-09-27 16:49:30.776443+00
5114367046;6983564801;true;0;2026-09-27 16:49:47.172906+00
7357443968;7860110882;true;0;2026-09-27 16:50:20.575906+00
8454873077;8065518313;true;0;2026-09-27 16:50:58.577444+00
6489771878;6546027475;true;0;2026-09-27 16:51:10.686884+00
8645870906;7589938042;true;0;2026-09-27 16:51:21.041035+00
2017304837;6404869037;true;0;2026-09-27 16:51:22.348168+00
6697018714;8227777950;true;0;2026-09-27 16:51:25.686612+00
1733729066;5459309218;true;0;2026-09-27 16:51:42.378044+00
7006464924;6816024187;true;0;2026-09-27 16:52:29.620908+00
5614152051;6677797998;true;0;2026-09-27 16:52:29.998468+00
8261488989;5609286730;true;0;2026-09-27 16:53:12.924804+00
1203979745;8101613226;true;0;2026-09-27 16:53:37.579693+00
7699624524;7511341240;true;0;2026-09-27 16:58:24.935218+00
8259993760;6494286367;true;0;2026-09-27 16:58:51.066561+00
1597966297;1543180716;true;0;2026-09-27 16:58:56.442913+00
6400986615;7705689435;true;0;2026-09-27 16:59:19.954688+00
5378832381;6983564801;true;0;2026-09-27 16:59:30.242652+00
7175081670;8954036308;true;0;2026-09-27 15:51:50.926061+00
6194733289;8767633831;true;0;2026-09-27 15:51:58.754141+00
885037652;469563335;true;0;2026-09-27 15:52:18.696095+00
7013607628;5488324639;true;0;2026-09-27 15:52:31.261918+00
370855913;8782326610;true;0;2026-09-27 15:52:37.992368+00
6427416741;8567091232;true;0;2026-09-27 15:53:05.319663+00
8975430259;8067169428;true;0;2026-09-27 16:12:18.379695+00
6373991095;5746117157;true;0;2026-09-27 16:13:23.862922+00
6155215576;7374545287;true;0;2026-09-27 16:13:50.169903+00
8736844910;7028742688;true;0;2026-09-27 16:17:53.779706+00
8965147047;6401692685;true;0;2026-09-27 16:17:57.287983+00
7971412691;7321510881;true;0;2026-09-27 16:18:10.814136+00
5489127791;2020419473;true;0;2026-09-27 16:18:28.537261+00
8899765708;5803456468;true;0;2026-09-27 16:18:53.891269+00
7931336555;5133734491;true;0;2026-09-27 16:19:38.799593+00
7142243843;7126566467;true;0;2026-09-27 16:20:36.084636+00
6720427835;8707201786;true;0;2026-09-27 16:20:47.179237+00
8228082984;5987595217;true;0;2026-09-27 16:20:58.362907+00
1630088692;2087148835;true;0;2026-09-27 16:21:03.947276+00
8415410297;6677797998;true;0;2026-09-27 16:22:02.108806+00
8884216382;2080650047;true;0;2026-09-27 16:22:20.167058+00
7412297826;8898432892;true;0;2026-09-27 16:24:37.29128+00
5034834175;7052929719;true;0;2026-09-27 16:24:39.843094+00
888590941;6331491364;true;0;2026-09-27 16:24:40.001565+00
8958328636;8476844061;true;0;2026-09-27 16:24:46.630082+00
8939413423;7126566467;true;0;2026-09-27 16:40:27.219742+00
5958252443;7637567582;true;0;2026-09-27 16:40:37.184625+00
7857135740;8586030968;true;0;2026-09-27 16:41:31.914943+00
8578266970;8809034647;true;0;2026-09-27 16:41:32.040067+00
6241631402;8586030968;true;0;2026-09-27 16:42:06.729916+00
8285551024;7651145168;true;0;2026-09-27 16:42:40.458235+00
7986508057;8169812174;true;0;2026-09-27 16:45:18.268812+00
8317993900;6403362353;true;0;2026-09-27 16:45:35.567496+00
7197874378;8169812174;true;0;2026-09-27 16:46:41.899241+00
6685856832;7532391908;true;0;2026-09-27 16:47:34.300196+00
8833596181;8451882766;true;0;2026-09-27 16:47:34.99892+00
8487179953;7511341240;true;0;2026-09-27 16:48:24.5137+00
6190334440;6499229978;true;0;2026-09-27 16:48:30.815644+00
8193998860;7941366581;true;0;2026-09-27 16:49:01.799831+00
6478743106;7942503037;true;0;2026-09-27 16:49:07.594347+00
6669488261;6677797998;true;0;2026-09-27 16:50:02.397516+00
7479370476;7394267772;true;0;2026-09-27 16:50:21.889309+00
5826285118;7708561744;true;0;2026-09-27 16:50:41.635142+00
1662564916;7387726100;true;0;2026-09-27 16:50:50.297623+00
8635659105;7511341240;true;0;2026-09-27 16:51:21.978583+00
8297083350;8756688378;true;0;2026-09-27 16:51:25.276624+00
6941523361;6983564801;true;0;2026-09-27 16:52:01.316439+00
6749078964;8778034621;true;0;2026-09-27 16:52:55.519682+00
8614213645;8586030968;true;0;2026-09-27 16:53:04.072898+00
6854999878;8586030968;true;0;2026-09-27 16:53:28.777925+00
8117218358;7052929719;true;0;2026-09-27 16:53:46.531482+00
8618562577;5614152051;true;0;2026-09-27 16:54:09.069302+00
8641663114;7193005286;true;0;2026-09-27 16:54:32.996394+00
1788644568;8169812174;true;0;2026-09-27 16:57:35.655927+00
8743174448;5459309218;true;0;2026-09-27 16:57:47.464397+00
888516544;6757707700;true;0;2026-09-27 16:57:51.832984+00
7005537732;7321510881;true;0;2026-09-27 16:58:13.851002+00
8407745554;5459309218;true;0;2026-09-27 16:58:53.766721+00
8257755939;6983564801;true;0;2026-09-27 16:59:18.316763+00
6163159772;7613542825;true;0;2026-09-27 16:59:34.1064+00
6660259985;7340982809;true;0;2026-09-27 15:52:20.106924+00
7856146988;8715575721;true;0;2026-09-27 15:52:47.780587+00
8457898474;7875362990;true;0;2026-09-27 15:52:48.009236+00
8079397066;2087148835;true;0;2026-09-27 15:52:50.45795+00
7127500414;5176850929;true;0;2026-09-27 15:53:23.610742+00
8482863993;7510179367;true;0;2026-09-27 15:53:42.796919+00
7864761856;7676595679;true;0;2026-09-27 15:53:45.243917+00
8705668732;1825179365;true;0;2026-09-27 15:53:46.741191+00
8570488188;8707201786;true;0;2026-09-27 15:53:48.947157+00
6981236395;8547123556;true;0;2026-09-27 15:53:49.747897+00
7701030862;1929855145;true;0;2026-09-27 15:53:50.122697+00
6539383927;5709504255;true;0;2026-09-27 15:53:50.466857+00
8917354244;8782791920;true;0;2026-09-27 15:53:50.732905+00
1824624180;6827108049;true;0;2026-09-27 15:53:50.848296+00
7139770250;7932425811;true;0;2026-09-27 15:53:51.400816+00
8426682605;5650890862;true;0;2026-09-27 15:53:52.052051+00
8134680759;8106674451;true;0;2026-09-27 15:53:55.020748+00
6095410579;5919367787;true;0;2026-09-27 15:53:55.963908+00
8245729432;7825446508;true;0;2026-09-27 15:53:58.220602+00
1882889671;7109089328;true;0;2026-09-27 15:54:07.566281+00
8816315577;7721795288;true;0;2026-09-27 15:54:09.004905+00
8801742532;6475645296;true;0;2026-09-27 15:54:09.361261+00
7593840944;5570136859;true;0;2026-09-27 15:54:10.392757+00
6209516731;8305463159;true;0;2026-09-27 15:54:11.686104+00
6232186413;8954036308;true;0;2026-09-27 15:54:11.984909+00
8754673477;6829902899;true;0;2026-09-27 15:54:13.127468+00
6447103533;6793371065;true;0;2026-09-27 15:54:17.169572+00
305206104;1028092977;true;0;2026-09-27 15:54:18.890905+00
6478374554;7581250020;true;0;2026-09-27 15:54:19.34892+00
6579133727;7139020196;true;0;2026-09-27 15:54:19.780043+00
8854278895;7682381175;true;0;2026-09-27 15:54:22.968919+00
8286434054;7744682439;true;0;2026-09-27 15:54:26.289067+00
1730877930;8890869221;true;0;2026-09-27 15:54:27.12928+00
5746117157;5317716953;true;0;2026-09-27 15:54:31.592989+00
5792817387;8721923264;true;0;2026-09-27 15:54:36.320984+00
7649068282;1929855145;true;0;2026-09-27 15:54:36.586601+00
7744031191;8431197387;true;0;2026-09-27 15:54:42.45134+00
1629597147;6504497274;true;0;2026-09-27 15:54:43.191242+00
6396663335;8121821371;true;0;2026-09-27 15:54:45.339908+00
5701224882;8339299560;true;0;2026-09-27 15:54:49.861962+00
6132266578;6282060063;true;0;2026-09-27 15:54:55.080283+00
6490097650;8782326610;true;0;2026-09-27 15:55:07.7634+00
2060295532;7052929719;true;0;2026-09-27 15:55:09.931536+00
8036842424;886866275;true;15.4480;2026-09-27 15:39:08.602235+00
1548900515;5040904740;true;0;2026-09-27 15:56:13.550517+00
5077840840;5652438263;true;0;2026-09-27 15:56:26.526419+00
8883852911;2087148835;true;0;2026-09-27 15:56:27.012958+00
8869153364;7338840534;true;0;2026-09-27 15:56:28.221119+00
6044682319;7126566467;true;0;2026-09-27 15:56:56.89194+00
8928380429;7994624435;true;0;2026-09-27 15:56:58.601153+00
5803456468;2087148835;true;0;2026-09-27 15:57:06.599326+00
8829008740;6642940926;true;0;2026-09-27 15:57:16.66492+00
7311622861;886866275;true;0;2026-09-27 15:57:19.345991+00
5788331611;5459309218;true;0;2026-09-27 15:57:26.917694+00
6537303171;5987595217;true;0;2026-09-27 15:57:30.066764+00
5392929098;5438549908;true;0;2026-09-27 15:57:33.5309+00
7557144368;370855913;true;0;2026-09-27 15:57:36.439767+00
5236408752;8292717249;true;0;2026-09-27 15:57:36.399472+00
7794246023;6331491364;true;0;2026-09-27 15:57:36.940984+00
8811594840;6475645296;true;10.7440;2026-09-27 10:59:28.706972+00
7164955285;8747882020;true;0;2026-09-27 15:57:56.537902+00
6403081805;7394267772;true;0;2026-09-27 15:57:57.870906+00
7620068267;2087148835;true;0;2026-09-27 15:58:40.103406+00
5342986513;8227777950;true;0;2026-09-27 15:58:40.458465+00
7517696470;6515204020;true;0;2026-09-27 15:59:18.641774+00
6137963077;2087148835;true;0;2026-09-27 15:59:26.479652+00
8635356882;7952962913;true;0;2026-09-27 15:59:30.279605+00
8733778383;6827108049;true;0;2026-09-27 15:59:31.448478+00
7958295122;6385887395;true;0;2026-09-27 15:59:31.467953+00
5693226363;6983564801;true;0;2026-09-27 15:59:31.540457+00
6146030918;7387726100;true;0;2026-09-27 15:59:31.537152+00
6892848640;6971638079;true;0;2026-09-27 15:59:31.76194+00
8800209183;8410550097;true;0;2026-09-27 15:59:32.210907+00
1770333786;8365923252;true;0;2026-09-27 15:59:34.016988+00
7527312574;7284765829;true;0;2026-09-27 15:59:34.080129+00
1684276645;5987595217;true;0;2026-09-27 15:59:34.666107+00
7443158331;5922905023;true;0;2026-09-27 15:59:34.785372+00
7355079574;7482479437;true;0;2026-09-27 15:59:35.279973+00
7619975977;7630515620;true;0;2026-09-27 15:59:35.519613+00
8334890862;7651145168;true;0;2026-09-27 15:59:35.679602+00
7755804668;1811309074;true;0;2026-09-27 15:59:35.688401+00
5154086317;7708561744;true;0;2026-09-27 15:59:35.697881+00
751418406;5028959662;true;0;2026-09-27 15:59:37.527203+00
8330440953;5040904740;true;0;2026-09-27 15:59:38.885031+00
1352944156;5570136859;true;0;2026-09-27 15:59:39.59392+00
6102419413;8372276882;true;0;2026-09-27 15:59:44.248159+00
393389281;8339299560;true;0;2026-09-27 15:59:47.621924+00
1443411456;7002136618;true;0;2026-09-27 15:59:49.20929+00
7055899895;7793139330;true;0;2026-09-27 15:59:53.275761+00
7436784215;8229825936;true;0;2026-09-27 15:59:53.573683+00
6774648833;7708561744;true;0;2026-09-27 15:59:54.160282+00
8710136615;1020492563;true;0;2026-09-27 15:59:54.971395+00
8322996172;6694722648;true;0;2026-09-27 15:59:59.74874+00
8971288224;6757707700;true;0;2026-09-27 16:00:02.133894+00
5244207605;5459309218;true;0;2026-09-27 16:00:02.359608+00
6937840054;6618225075;true;0;2026-09-27 16:00:02.55485+00
7865098600;1343397358;true;0;2026-09-27 16:00:04.808938+00
1113405752;7822604875;true;0;2026-09-27 16:00:05.70198+00
5481099233;5919367787;true;0;2026-09-27 16:00:06.359614+00
6722921208;5459309218;true;0;2026-09-27 16:00:08.819121+00
5857212575;6494286367;true;0;2026-09-27 16:00:09.335226+00
7838350230;6747084313;true;0;2026-09-27 16:00:11.636926+00
5511186511;1736872830;true;0;2026-09-27 16:00:13.056945+00
7052992931;5652438263;true;0;2026-09-27 16:00:15.216594+00
6647332758;8568043698;true;0;2026-09-27 16:00:15.256946+00
7193306061;7467214219;true;0;2026-09-27 16:00:16.18693+00
6105815333;697312789;true;0;2026-09-27 16:00:23.182906+00
6829190763;1193894441;true;0;2026-09-27 16:00:29.449551+00
6351918567;6747084313;true;0;2026-09-27 16:00:33.973049+00
8901887504;8888494857;true;0;2026-09-27 16:00:35.788277+00
8484102936;6799948605;true;0;2026-09-27 16:00:37.571426+00
8943865338;6371810631;true;0;2026-09-27 16:00:38.879938+00
5907305376;5176850929;true;0;2026-09-27 16:00:51.869618+00
8508817735;6983564801;true;0;2026-09-27 16:00:52.352356+00
2106406053;6665519623;true;0;2026-09-27 16:00:52.67491+00
6787748495;8575000716;true;0;2026-09-27 16:00:54.939718+00
7527916663;7942503037;true;0;2026-09-27 16:00:55.018566+00
8558731544;1250014684;true;0;2026-09-27 16:00:56.476365+00
7574367386;6396663335;true;0;2026-09-27 16:01:07.897171+00
7023675592;8791291365;true;0;2026-09-27 16:01:08.536582+00
8170429314;5746117157;true;0;2026-09-27 16:01:08.882952+00
8235233692;8782326610;true;0;2026-09-27 16:01:14.251919+00
8728717721;8568043698;true;0;2026-09-27 16:01:16.078921+00
8012240704;8905139640;true;0;2026-09-27 16:01:19.735011+00
1192227615;5650890862;true;0;2026-09-27 16:01:20.255644+00
802308473;6983564801;true;0;2026-09-27 16:01:23.131993+00
7114884202;6346994913;true;0;2026-09-27 16:01:24.319959+00
6026564167;7822604875;true;0;2026-09-27 16:01:32.743956+00
7223936447;7380853566;true;0;2026-09-27 16:01:33.830927+00
8065518313;7070614700;true;0;2026-09-27 16:01:35.415772+00
6193376779;6747084313;true;0;2026-09-27 16:01:40.459726+00
8789811424;6123506819;true;0;2026-09-27 16:01:43.726441+00
6202501361;886866275;true;0;2026-09-27 16:01:48.121291+00
8625791030;7948018062;true;0;2026-09-27 16:01:49.099913+00
7399688478;7340982809;true;0;2026-09-27 16:01:59.496439+00
6417233960;1855656384;true;0;2026-09-27 16:02:06.257766+00
8171339442;2142924045;true;0;2026-09-27 16:02:07.078097+00
6864813854;5746117157;true;0;2026-09-27 16:02:19.277005+00
7011887287;8229825936;true;0;2026-09-27 16:02:48.915171+00
8657084285;8123704101;true;0;2026-09-27 16:03:32.028259+00
8908187346;6371810631;true;0;2026-09-27 16:04:21.511538+00
8618217357;7167930724;true;0;2026-09-27 16:07:43.572872+00
1441016060;1995652316;true;0;2026-09-27 16:10:28.168916+00
6696389817;6829190763;true;0;2026-09-27 16:10:31.942971+00
7653937663;5059162020;true;0;2026-09-27 16:10:42.712235+00
5624428067;8436438196;true;0;2026-09-27 16:11:09.502901+00
7697575164;5706860261;true;0;2026-09-27 16:13:16.809942+00
6113746395;6317252244;true;0;2026-09-27 16:13:18.27793+00
8751484623;8123704101;true;0;2026-09-27 16:13:45.886338+00
8631301130;8703438674;true;0;2026-09-27 16:13:56.267356+00
6535429245;8372276882;true;0;2026-09-27 16:16:55.239938+00
1352900260;7422269738;true;0;2026-09-27 16:17:07.505962+00
6445486248;7822604875;true;0;2026-09-27 16:17:09.025629+00
6106641567;8905139640;true;0;2026-09-27 16:18:14.337557+00
7907107362;6977756364;true;0;2026-09-27 16:18:47.138905+00
7285079514;5459309218;true;0;2026-09-27 16:18:51.396909+00
7590565361;7708561744;true;0;2026-09-27 16:19:34.042489+00
6032876842;2020419473;true;0;2026-09-27 16:20:37.957036+00
1381377408;6510963461;true;0;2026-09-27 16:21:10.2967+00
6470266172;1666187866;true;0;2026-09-27 16:21:27.337926+00
8273015620;7994624435;true;0;2026-09-27 16:21:34.908198+00
7132682729;6955951067;true;0;2026-09-27 16:21:52.325905+00
8455153678;5590607080;true;0;2026-09-27 16:22:04.787669+00
8112591705;8513395051;true;0;2026-09-27 16:22:13.44649+00
8808181466;1762194412;true;0;2026-09-27 16:22:45.191169+00
8902684590;5919367787;true;0;2026-09-27 16:40:35.750249+00
6957641679;8169812174;true;0;2026-09-27 16:41:15.058044+00
6990172767;8424000801;true;0;2026-09-27 16:41:18.40331+00
1453591652;8227777950;true;0;2026-09-27 16:42:08.859785+00
8583745614;7228902382;true;0;2026-09-27 16:45:36.322055+00
6940383257;7637567582;true;0;2026-09-27 16:48:42.438316+00
7626719687;5656742441;true;0;2026-09-27 16:48:52.235254+00
7257801286;5120863955;true;0;2026-09-27 16:49:37.539909+00
7340024708;6355555292;true;0;2026-09-27 16:50:44.997877+00
8367568454;1762194412;true;0;2026-09-27 16:51:36.866223+00
1842898556;6983564801;true;0;2026-09-27 16:52:53.23853+00
7263545054;6694722648;true;0;2026-09-27 16:54:21.060546+00
7343928718;7511341240;true;0;2026-09-27 16:56:35.984037+00
8218330473;5228868441;true;0;2026-09-27 16:57:50.854061+00
5973887539;7704350934;true;0;2026-09-27 16:58:52.730223+00
5078486646;8586030968;true;0;2026-09-27 16:58:53.901449+00
7327925321;6331491364;true;0;2026-09-27 16:59:25.847991+00
6249413028;7350200155;true;0;2026-09-27 16:59:33.365745+00
6969354023;8586030968;true;0;2026-09-27 16:59:52.830744+00
7464122466;7040084040;true;0;2026-09-27 16:59:53.239466+00
8770731288;403198854;true;0;2026-09-27 16:02:07.813254+00
7175829549;5438549908;true;0;2026-09-27 16:02:11.8368+00
8053381036;7118706481;true;0;2026-09-27 16:02:21.11513+00
8611522764;8067169428;true;0;2026-09-27 16:02:23.379924+00
1811329727;1832764848;true;0;2026-09-27 16:02:35.437037+00
7199151170;7822604875;true;0;2026-09-27 16:02:46.704717+00
8332712580;6473031326;true;0;2026-09-27 16:03:30.744568+00
7483918141;8507151942;true;0;2026-09-27 16:04:05.245936+00
1845826528;5987595217;true;0;2026-09-27 16:04:07.018548+00
5570171698;7422269738;true;0;2026-09-27 16:04:13.197642+00
8781664334;8123704101;true;0;2026-09-27 16:04:16.559787+00
6333616217;6340638549;true;0;2026-09-27 16:04:26.172097+00
1462842210;886866275;true;0;2026-09-27 16:05:09.815038+00
8960084838;7167930724;true;0;2026-09-27 16:07:48.19813+00
7158532535;7118706481;true;0;2026-09-27 16:09:20.969838+00
7430287556;7467214219;true;0;2026-09-27 16:10:28.097204+00
5944610939;5176850929;true;0;2026-09-27 16:10:28.891488+00
7089453996;6799420404;true;0;2026-09-27 16:11:19.673075+00
6684753720;6340638549;true;0;2026-09-27 16:11:20.608301+00
867752621;886866275;true;0;2026-09-27 16:11:23.420775+00
7799776600;8196661724;true;0;2026-09-27 16:11:27.840521+00
8047256588;8954036308;true;0;2026-09-27 16:24:25.317718+00
7104940712;8067169428;true;0;2026-09-27 16:25:05.090887+00
8941419970;2080650047;true;0;2026-09-27 16:25:27.669346+00
8502512146;5740523257;true;0;2026-09-27 16:25:27.772944+00
7981350934;5838693411;true;0;2026-09-27 16:25:29.594909+00
8312579228;6579786009;true;0;2026-09-27 16:25:43.596139+00
6426021326;6983564801;true;0;2026-09-27 16:26:37.794376+00
6967387547;8565498724;true;0;2026-09-27 16:26:38.596359+00
7813724073;5211801993;true;0;2026-09-27 16:26:55.161936+00
8839057139;7126566467;true;0;2026-09-27 16:27:02.484367+00
5045099665;835648800;true;0;2026-09-27 16:27:02.995122+00
7237976087;6312362664;true;0;2026-09-27 16:27:12.908354+00
7366043668;7478690261;true;0;2026-09-27 16:27:14.937973+00
5604275678;5176850929;true;0;2026-09-27 16:28:03.39942+00
5987169643;2142924045;true;0;2026-09-27 16:28:51.746219+00
8300721294;6235427919;true;0;2026-09-27 16:29:07.849881+00
6133488441;5438549908;true;0;2026-09-27 16:29:13.485675+00
8156114409;8419851576;true;0;2026-09-27 16:29:34.590916+00
584209006;8647674253;true;0;2026-09-27 16:30:10.209074+00
719021372;8954036308;true;0;2026-09-27 16:30:19.832372+00
7908242740;8586030968;true;0;2026-09-27 16:30:58.773357+00
7265398661;8568043698;true;0;2026-09-27 16:31:01.573289+00
6949315981;8586030968;true;0;2026-09-27 16:31:12.918264+00
8718762218;8586030968;true;0;2026-09-27 16:31:39.592956+00
1697687286;8586030968;true;0;2026-09-27 16:31:51.900902+00
7885883486;8954036308;true;0;2026-09-27 16:32:12.948754+00
7814698273;5503564008;true;0;2026-09-27 16:32:21.648053+00
8895875677;1814586555;true;0;2026-09-27 16:32:26.703763+00
7796433437;8230662883;true;0;2026-09-27 16:32:30.009705+00
7754110731;8065518313;true;0;2026-09-27 16:32:50.066927+00
5436962389;8586030968;true;0;2026-09-27 16:33:12.735965+00
114772437;8586030968;true;0;2026-09-27 16:33:26.538748+00
278163226;8586030968;true;0;2026-09-27 16:33:28.959811+00
5940846662;8436438196;true;0;2026-09-27 16:33:30.782663+00
6929863072;7717029066;true;0;2026-09-27 16:33:45.270936+00
6479826194;1762194412;true;0;2026-09-27 16:34:52.766645+00
7313198169;8586030968;true;0;2026-09-27 16:34:56.915738+00
8005908100;7150028516;true;0;2026-09-27 16:34:57.15992+00
1731822068;5176850929;true;0;2026-09-27 16:40:37.092301+00
8144458325;5526950408;true;0;2026-09-27 16:41:11.563031+00
8634817806;7518161618;true;0;2026-09-27 16:42:05.927988+00
5136714250;5176850929;true;0;2026-09-27 16:42:08.11384+00
7116897963;8550020292;true;0;2026-09-27 16:42:46.109472+00
8330917104;7995331548;true;0;2026-09-27 16:45:27.256364+00
8831896450;8381740685;true;0;2026-09-27 16:46:20.037912+00
8740871092;8686399704;true;0;2026-09-27 16:47:40.192284+00
8562779039;8196661724;true;0;2026-09-27 16:47:53.755271+00
1104119757;5024105528;true;0;2026-09-27 16:47:54.47393+00
8647813212;8227777950;true;0;2026-09-27 16:48:00.263914+00
5201552551;8586030968;true;0;2026-09-27 16:48:05.846678+00
6851874377;8586030968;true;0;2026-09-27 16:48:07.88177+00
8189930843;7467214219;true;0;2026-09-27 16:48:43.411901+00
8786245538;7013914876;true;0;2026-09-27 16:49:24.27992+00
8949617252;8586030968;true;0;2026-09-27 16:51:15.030151+00
7792119795;1051323665;true;0;2026-09-27 16:52:08.678989+00
5410420399;7193005286;true;0;2026-09-27 16:52:18.731067+00
6812022691;7146523735;true;0;2026-09-27 16:52:23.733984+00
8276344137;8778034621;true;0;2026-09-27 16:52:27.526541+00
5765733540;8586030968;true;0;2026-09-27 16:52:31.434918+00
1319828643;2087148835;true;0;2026-09-27 16:52:35.035202+00
7228029843;7808702605;true;0;2026-09-27 16:52:44.71692+00
7989803543;886866275;true;0;2026-09-27 16:53:23.696922+00
8976387774;5459309218;true;0;2026-09-27 16:58:54.142195+00
5060664459;6816024187;true;0;2026-09-27 17:00:16.600829+00
5634982054;1594808843;true;0;2026-09-27 16:02:07.870917+00
8147536639;6528573437;true;0;2026-09-27 16:02:19.836822+00
7163063274;7095199777;true;0;2026-09-27 16:02:20.036959+00
6014200081;6077830525;true;0;2026-09-27 16:02:53.279891+00
8685669507;5863753382;true;0;2026-09-27 16:02:59.199668+00
8860936553;8568043698;true;0;2026-09-27 16:03:16.762914+00
6632949787;6445238971;true;0;2026-09-27 16:03:46.091459+00
7529719308;6517428014;true;0;2026-09-27 16:04:21.978053+00
8183062846;5042036066;true;0;2026-09-27 16:10:20.45575+00
5889510907;8457898474;true;0;2026-09-27 16:10:36.365904+00
5304105298;5317716953;true;0;2026-09-27 16:10:42.400302+00
6866851681;5040904740;true;0;2026-09-27 16:10:50.122172+00
6349377262;6559616886;true;0;2026-09-27 16:11:12.756456+00
7051598110;7279658358;true;0;2026-09-27 16:11:20.86749+00
1494826433;6231421211;true;0;2026-09-27 16:24:34.135687+00
6552465275;7620068267;true;0;2026-09-27 16:24:46.586103+00
1821293838;8811594840;true;0;2026-09-27 16:24:57.81493+00
8321104595;8196661724;true;0;2026-09-27 16:24:58.057668+00
7301760859;6978820493;true;0;2026-09-27 16:26:00.231551+00
8715348953;7169257024;true;0;2026-09-27 16:26:59.971922+00
1026398370;627637425;true;0;2026-09-27 16:27:03.006109+00
6035279158;6340638549;true;0;2026-09-27 16:27:17.684451+00
8336370837;8321104595;true;0;2026-09-27 16:27:21.486223+00
586588417;8550020292;true;0;2026-09-27 16:28:03.493915+00
6574830069;8695445097;true;0;2026-09-27 16:28:26.32693+00
8882231454;7613542825;true;0;2026-09-27 16:28:30.048797+00
5981039139;7510179367;true;0;2026-09-27 16:28:37.926445+00
7394335626;6559616886;true;0;2026-09-27 16:28:56.451142+00
7194829399;6312676710;true;0;2026-09-27 16:29:57.360011+00
1188723787;5317716953;true;0;2026-09-27 16:30:35.040956+00
456310794;8586030968;true;0;2026-09-27 16:31:12.104243+00
7418927912;726833288;true;0;2026-09-27 16:31:17.344227+00
6484375076;8586030968;true;0;2026-09-27 16:31:47.172004+00
6488320918;8586030968;true;0;2026-09-27 16:31:58.26128+00
1024954411;886866275;true;0;2026-09-27 16:32:14.573989+00
8420171192;8586030968;true;0;2026-09-27 16:32:53.065463+00
6922250622;8586030968;true;0;2026-09-27 16:33:18.979186+00
8667536132;7532391908;true;0;2026-09-27 16:33:36.825959+00
5800811998;8586030968;true;0;2026-09-27 16:34:00.915579+00
6847096553;7536735506;true;0;2026-09-27 16:34:03.527128+00
7650244266;7620068267;true;0;2026-09-27 16:34:39.626665+00
8614850238;7306005607;true;0;2026-09-27 16:40:49.870964+00
8940689604;1814586555;true;0;2026-09-27 16:42:17.143295+00
7403621372;7323367416;true;0;2026-09-27 16:42:20.882011+00
2057763053;5864442757;true;0;2026-09-27 16:42:56.922681+00
732117823;2142924045;true;0;2026-09-27 16:44:58.130796+00
5204410567;2087148835;true;0;2026-09-27 16:45:15.572648+00
8571768423;7056166728;true;0;2026-09-27 16:45:16.942914+00
8375357563;7167930724;true;0;2026-09-27 16:45:24.053095+00
1987903083;7176524194;true;0;2026-09-27 16:45:24.285038+00
7502255609;5176850929;true;0;2026-09-27 16:45:39.330058+00
6503993682;7218244374;true;0;2026-09-27 16:47:29.910924+00
8505121110;7506082578;true;0;2026-09-27 16:47:30.801814+00
6798492974;8224253031;true;0;2026-09-27 16:47:41.45512+00
6048241484;8586030968;true;0;2026-09-27 16:48:03.810708+00
8721995857;5211801993;true;0;2026-09-27 16:48:35.759426+00
8874547202;7682394027;true;0;2026-09-27 16:50:18.101761+00
6514350674;5317716953;true;0;2026-09-27 16:50:57.549029+00
8043838702;6955951067;true;0;2026-09-27 16:51:08.697573+00
7998197990;7518161618;true;0;2026-09-27 16:51:16.178543+00
8110829834;5652438263;true;0;2026-09-27 16:51:25.219672+00
8798922948;7595636331;true;0;2026-09-27 16:52:00.913357+00
5012290212;5815410276;true;0;2026-09-27 16:52:07.935801+00
5242436426;2021844162;true;0;2026-09-27 16:53:06.612973+00
7555090732;7511341240;true;0;2026-09-27 16:53:12.599054+00
8047798565;7511341240;true;0;2026-09-27 16:54:12.45361+00
5878963317;8586030968;true;0;2026-09-27 16:57:11.719984+00
8259552737;6981442783;true;0;2026-09-27 16:58:08.4437+00
7383643389;7518161618;true;0;2026-09-27 16:58:46.395662+00
7297044644;8556328355;true;0;2026-09-27 17:00:14.890454+00
1880946595;6678468279;true;0;2026-09-27 17:00:18.020896+00
8028269898;6983564801;true;0;2026-09-27 17:00:47.096441+00
5134181024;7040084040;true;0;2026-09-27 16:02:10.168067+00
7943902692;87285501;true;0;2026-09-27 16:02:28.709062+00
8706613152;7126566467;true;0;2026-09-27 16:03:12.293433+00
5554644998;5176850929;true;0;2026-09-27 16:03:44.418293+00
5115914722;7682394027;true;0;2026-09-27 16:04:24.275914+00
1182967177;5176850929;true;0;2026-09-27 16:06:43.579719+00
8917936872;7822604875;true;0;2026-09-27 16:08:20.827913+00
8139380212;7630515620;true;0;2026-09-27 16:10:17.805182+00
6926013517;7630465818;true;0;2026-09-27 16:10:18.852332+00
7015803993;1855656384;true;0;2026-09-27 16:10:24.341913+00
862597782;5176850929;true;0;2026-09-27 16:10:34.143071+00
7165635957;6677797998;true;0;2026-09-27 16:10:40.532269+00
6144168888;6677797998;true;0;2026-09-27 16:24:35.069974+00
8753559156;5590607080;true;0;2026-09-27 16:24:35.295721+00
1931609121;6955951067;true;0;2026-09-27 16:24:40.93291+00
7369940190;6717942732;true;0;2026-09-27 16:24:41.019572+00
5512310907;1357114646;true;0;2026-09-27 16:25:38.077929+00
5706250702;8811594840;true;0;2026-09-27 16:26:00.201242+00
7194840047;2024688751;true;0;2026-09-27 16:27:02.587586+00
6982456492;7467214219;true;0;2026-09-27 16:27:03.557374+00
7667801394;8676921132;true;0;2026-09-27 16:27:09.288113+00
6804468087;5438549908;true;0;2026-09-27 16:27:40.796155+00
7519314563;5570136859;true;0;2026-09-27 16:28:51.769578+00
8721870962;8999680099;true;0;2026-09-27 16:28:52.888694+00
2020474324;5208623265;true;0;2026-09-27 16:29:03.940389+00
8720684707;6512885308;true;0;2026-09-27 16:29:07.880273+00
8796070711;8230662883;true;0;2026-09-27 16:29:23.530098+00
8074492315;6146030918;true;0;2026-09-27 16:29:28.862985+00
6975485430;6312676710;true;0;2026-09-27 16:30:37.018913+00
8459350360;8230662883;true;0;2026-09-27 16:32:19.822977+00
8096255667;7942503037;true;0;2026-09-27 16:32:32.468827+00
6623334850;6146030918;true;0;2026-09-27 16:32:55.538911+00
5295960358;7299021506;true;0;2026-09-27 16:33:19.712911+00
8414351866;8586030968;true;0;2026-09-27 16:33:37.181995+00
6641055701;6955951067;true;0;2026-09-27 16:33:39.49111+00
8701995943;8791291365;true;0;2026-09-27 16:33:56.427911+00
8244925428;8586030968;true;0;2026-09-27 16:34:15.550329+00
7162001483;6677797998;true;0;2026-09-27 16:40:55.116923+00
8428616946;5459309218;true;0;2026-09-27 16:41:11.915335+00
6031471492;886866275;true;0;2026-09-27 16:41:16.957938+00
8203168060;5459309218;true;0;2026-09-27 16:41:17.431739+00
6546397424;6983564801;true;0;2026-09-27 16:41:22.559913+00
6120046110;7682394027;true;0;2026-09-27 16:41:30.615908+00
291478559;8586030968;true;0;2026-09-27 16:41:31.459173+00
5482538225;8586030968;true;0;2026-09-27 16:42:06.076484+00
6733369510;7422269738;true;0;2026-09-27 16:42:06.545723+00
7921480406;8586030968;true;0;2026-09-27 16:42:19.235013+00
2109764601;7240012520;true;0;2026-09-27 16:42:57.221657+00
5619251749;7040084040;true;0;2026-09-27 16:47:30.814665+00
7949271510;5145662266;true;0;2026-09-27 16:47:39.016912+00
7615566438;8231324526;true;0;2026-09-27 16:48:40.412907+00
7205899836;6355555292;true;0;2026-09-27 16:49:13.012903+00
834700651;5176850929;true;0;2026-09-27 16:49:19.752976+00
6789199270;6757707700;true;0;2026-09-27 16:49:34.325675+00
8393055635;5176850929;true;0;2026-09-27 16:49:58.279945+00
997283025;8615498502;true;0;2026-09-27 16:50:20.652295+00
7958146698;8169812174;true;0;2026-09-27 16:50:22.803961+00
224600630;7935364868;true;0;2026-09-27 16:50:53.736603+00
6732692730;8586030968;true;0;2026-09-27 16:51:12.110916+00
5609286730;5060385283;true;0;2026-09-27 16:51:35.767925+00
6135178835;7503626528;true;0;2026-09-27 16:51:56.312234+00
7973598985;6317252244;true;0;2026-09-27 16:52:08.115918+00
1141968329;5040904740;true;0;2026-09-27 16:52:21.009084+00
5616638997;6971638079;true;0;2026-09-27 16:54:02.847974+00
7486483352;5176850929;true;0;2026-09-27 16:57:50.349096+00
6793953820;5317716953;true;0;2026-09-27 16:57:51.630108+00
8347126510;7510618003;true;0;2026-09-27 16:57:54.137938+00
6840567962;8890869221;true;0;2026-09-27 16:58:54.427077+00
2059198051;6277727728;true;0;2026-09-27 16:59:01.895985+00
5548246630;1811309074;true;0;2026-09-27 16:59:10.059438+00
8972317380;7637567582;true;0;2026-09-27 16:59:42.29146+00
5809981603;1594808843;true;0;2026-09-27 16:59:43.948563+00
6567772072;7792119795;true;0;2026-09-27 16:59:45.442909+00
7512821145;2087148835;true;0;2026-09-27 17:00:08.645898+00
5348474190;7822604875;true;0;2026-09-27 17:00:22.949711+00
136869420;87285501;true;0;2026-09-27 16:02:18.208064+00
7784258187;1950114491;true;0;2026-09-27 16:02:30.371909+00
703310938;6510963461;true;0;2026-09-27 16:02:49.411601+00
7960085043;5919367787;true;0;2026-09-27 16:02:49.694907+00
7998444174;1020492563;true;0;2026-09-27 16:03:15.107907+00
7950572694;7046449718;true;0;2026-09-27 16:04:25.933842+00
7351041118;7683325322;true;0;2026-09-27 16:04:26.347107+00
5125917249;5987595217;true;0;2026-09-27 16:07:03.9249+00
7564566396;7254879832;true;0;2026-09-27 16:10:20.403691+00
8112791333;6983564801;true;0;2026-09-27 16:10:20.435315+00
5045695545;6346994913;true;0;2026-09-27 16:10:24.980336+00
7792542169;7240012520;true;0;2026-09-27 16:10:31.337143+00
8635316194;7132559444;true;0;2026-09-27 16:10:40.677956+00
7312640772;7411242147;true;0;2026-09-27 16:10:41.452601+00
979143514;642388740;true;0;2026-09-27 16:10:56.638672+00
1230428105;5987595217;true;0;2026-09-27 16:10:57.585174+00
242728830;835648800;true;0;2026-09-27 16:11:04.011701+00
6311860317;7144601808;true;0;2026-09-27 16:24:37.233799+00
2024688751;5162545893;true;0;2026-09-27 16:24:40.810017+00
7180233596;6977756364;true;0;2026-09-27 16:25:07.340281+00
1952773369;1811309074;true;0;2026-09-27 16:25:07.94674+00
8974614679;5040904740;true;0;2026-09-27 16:25:46.751035+00
8751831615;8541359671;true;0;2026-09-27 16:26:08.046675+00
7921391230;7860936758;true;0;2026-09-27 16:26:09.942182+00
8517870395;2080650047;true;0;2026-09-27 16:26:30.043904+00
7153762439;6856461858;true;0;2026-09-27 16:26:31.827382+00
7684310332;6570232578;true;0;2026-09-27 16:26:38.671944+00
1476590862;6739863790;true;0;2026-09-27 16:27:02.490664+00
8166914462;627637425;true;0;2026-09-27 16:28:05.512811+00
7026906521;7822604875;true;0;2026-09-27 16:28:08.331906+00
5699597477;6449370830;true;0;2026-09-27 16:28:36.840912+00
8604581199;6449370830;true;0;2026-09-27 16:28:52.703907+00
6663915974;8169812174;true;0;2026-09-27 16:29:05.916502+00
6655388689;8954036308;true;0;2026-09-27 16:29:58.016376+00
7696760625;6371810631;true;0;2026-09-27 16:30:09.967986+00
8884822881;5981039139;true;0;2026-09-27 16:30:18.659306+00
6203760670;5584257638;true;0;2026-09-27 16:30:21.779817+00
8876609386;1268873313;true;0;2026-09-27 16:30:27.546+00
1982569311;8954036308;true;0;2026-09-27 16:31:47.500111+00
7036212879;6975028810;true;0;2026-09-27 16:31:47.68963+00
7386408844;8706709872;true;0;2026-09-27 16:32:03.610901+00
5815410276;6983564801;true;0;2026-09-27 16:32:09.83427+00
6146989457;6317252244;true;0;2026-09-27 16:33:56.400912+00
8027282242;8067169428;true;0;2026-09-27 16:34:22.597906+00
8843328787;8586030968;true;0;2026-09-27 16:34:53.193688+00
6614296974;7467214219;true;0;2026-09-27 16:41:09.434388+00
7574393582;5919367787;true;0;2026-09-27 16:41:21.837897+00
8840010091;6032987104;true;0;2026-09-27 16:41:22.2079+00
8164981262;6983564801;true;0;2026-09-27 16:41:22.863552+00
1087147767;6677797998;true;0;2026-09-27 16:41:43.522388+00
8489532047;6317252244;true;0;2026-09-27 16:42:35.08991+00
6498456204;5838693411;true;0;2026-09-27 16:45:19.904487+00
6241781895;6983564801;true;0;2026-09-27 16:45:43.544536+00
6739134674;6614296974;true;0;2026-09-27 16:47:26.807392+00
8222740676;5740523257;true;0;2026-09-27 16:47:32.992754+00
7146523735;6241631402;true;0;2026-09-27 16:47:50.305469+00
8778034621;8586030968;true;0;2026-09-27 16:49:10.518556+00
7508720647;7532391908;true;0;2026-09-27 16:49:12.492923+00
6963829644;6983564801;true;0;2026-09-27 16:49:34.93888+00
8827976315;886866275;true;0;2026-09-27 16:49:38.976098+00
5896023090;8135164341;true;0;2026-09-27 16:49:47.304853+00
8711659640;5176380607;true;0;2026-09-27 16:49:48.844647+00
7669730573;6856461858;true;0;2026-09-27 16:49:52.455927+00
8369799191;5136406527;true;0;2026-09-27 16:49:59.750366+00
1939258954;6990730373;true;0;2026-09-27 16:50:14.140805+00
8175045678;6638606520;true;0;2026-09-27 16:50:56.202237+00
1607970647;7299021506;true;0;2026-09-27 16:51:19.234408+00
7025939360;5815410276;true;0;2026-09-27 16:51:54.409571+00
151065114;8586030968;true;0;2026-09-27 16:52:29.795561+00
8149992846;6983564801;true;0;2026-09-27 16:52:37.353814+00
971016226;6757707700;true;0;2026-09-27 16:52:55.219965+00
8999914738;6983564801;true;0;2026-09-27 16:52:56.978486+00
5828349397;8169812174;true;0;2026-09-27 16:53:15.497265+00
8681235188;8778034621;true;0;2026-09-27 16:53:51.056167+00
5420878998;5815410276;true;0;2026-09-27 16:54:10.934244+00
7184495791;7532391908;true;0;2026-09-27 16:58:46.314465+00
1605321601;6983564801;true;0;2026-09-27 16:59:04.418519+00
8196846655;6351754222;true;0;2026-09-27 16:59:06.424428+00
6937667908;8586030968;true;0;2026-09-27 16:59:33.846923+00
8763297087;5922905023;true;0;2026-09-27 16:02:24.413135+00
7857602120;8982860007;true;0;2026-09-27 16:03:31.117433+00
5675418594;1163433276;true;0;2026-09-27 16:04:10.990045+00
8442274522;7355888816;true;0;2026-09-27 16:04:28.062715+00
1012612815;7299021506;true;0;2026-09-27 16:04:31.631947+00
5085982458;8033043411;true;0;2026-09-27 16:04:56.72728+00
7579580673;8550020292;true;0;2026-09-27 16:07:22.551249+00
7369973987;7708561744;true;0;2026-09-27 16:10:24.767947+00
7020765042;5746117157;true;0;2026-09-27 16:10:30.109204+00
8191308464;5803456468;true;0;2026-09-27 16:10:30.838032+00
5486197817;1811309074;true;0;2026-09-27 16:10:40.683902+00
1723610973;6340638549;true;0;2026-09-27 16:11:11.8983+00
8005708175;6235427919;true;0;2026-09-27 16:24:37.421089+00
6263452613;7942503037;true;0;2026-09-27 16:24:56.539702+00
7925197134;8664651738;true;0;2026-09-27 16:25:36.05497+00
7851066706;6263452613;true;0;2026-09-27 16:26:21.510763+00
7956741280;7246552735;true;0;2026-09-27 16:26:40.307545+00
5296862694;5919367787;true;0;2026-09-27 16:27:13.51511+00
8092283985;7676595679;true;0;2026-09-27 16:27:13.799951+00
6879280121;8967726776;true;0;2026-09-27 16:27:57.739599+00
5912123132;6449370830;true;0;2026-09-27 16:29:03.239565+00
6695380410;6449370830;true;0;2026-09-27 16:29:03.403584+00
7116787842;6978820493;true;0;2026-09-27 16:29:17.271777+00
8697302251;7144601808;true;0;2026-09-27 16:29:26.640924+00
6793840730;6677797998;true;0;2026-09-27 16:30:10.399919+00
7924443829;8720739001;true;0;2026-09-27 16:30:40.304121+00
7824083835;797716742;true;0;2026-09-27 16:30:52.547093+00
1604452960;8586030968;true;0;2026-09-27 16:31:14.891917+00
6414114718;8586030968;true;0;2026-09-27 16:31:19.863083+00
1039958067;8586030968;true;0;2026-09-27 16:31:39.350462+00
7530067357;8586030968;true;0;2026-09-27 16:31:56.7694+00
6338718395;7306005607;true;0;2026-09-27 16:32:20.061162+00
7422696200;8659588315;true;0;2026-09-27 16:32:29.417193+00
8832264184;7301760859;true;0;2026-09-27 16:33:06.699256+00
8145177214;7425121867;true;0;2026-09-27 16:33:16.520724+00
5717431824;8227777950;true;0;2026-09-27 16:33:19.608921+00
6794449997;8586030968;true;0;2026-09-27 16:33:53.614906+00
8242109755;7301760859;true;0;2026-09-27 16:34:08.782641+00
56457449;8586030968;true;0;2026-09-27 16:34:59.036735+00
7098021257;8586030968;true;0;2026-09-27 16:41:10.539595+00
8928069600;886866275;true;0;2026-09-27 16:41:14.944489+00
6386441342;8033043411;true;0;2026-09-27 16:41:20.241759+00
6742704735;6248481871;true;0;2026-09-27 16:41:26.057923+00
8720327968;5211801993;true;0;2026-09-27 16:41:29.893927+00
5968819974;5176850929;true;0;2026-09-27 16:42:07.156922+00
5555263219;6983564801;true;0;2026-09-27 16:42:37.474619+00
1904906052;7321510881;true;0;2026-09-27 16:42:48.634139+00
6142369012;7637567582;true;0;2026-09-27 16:47:28.729012+00
8654964236;1925786737;true;0;2026-09-27 16:47:53.716993+00
8756124168;6614296974;true;0;2026-09-27 16:48:15.080584+00
5296647853;7056166728;true;0;2026-09-27 16:48:16.064674+00
8414501260;6515204020;true;0;2026-09-27 16:48:23.087122+00
6965030518;703310938;true;0;2026-09-27 16:48:32.867415+00
5385700485;5176850929;true;0;2026-09-27 16:48:38.197946+00
7303545460;8056046629;true;0;2026-09-27 16:50:18.118149+00
568223793;8586030968;true;0;2026-09-27 16:50:28.45889+00
7544854826;6142369012;true;0;2026-09-27 16:50:34.293409+00
8430589056;1762194412;true;0;2026-09-27 16:52:14.935467+00
1563799257;5136714250;true;0;2026-09-27 16:53:00.315683+00
8703522344;6241631402;true;0;2026-09-27 16:53:04.061396+00
6241578786;8292717249;true;0;2026-09-27 16:53:10.374905+00
8776844064;7595636331;true;0;2026-09-27 16:53:34.701978+00
7521404421;6494286367;true;0;2026-09-27 16:53:54.434881+00
8497129780;7511341240;true;0;2026-09-27 16:54:40.072968+00
8624455486;7284765829;true;0;2026-09-27 16:57:18.563953+00
8679007305;5176850929;true;0;2026-09-27 16:58:32.851631+00
7961092628;5615349874;true;0;2026-09-27 16:58:54.382307+00
5337912225;886866275;true;0;2026-09-27 16:02:24.636115+00
6454879833;6665519623;true;0;2026-09-27 16:02:57.277659+00
7205629556;8107131288;true;0;2026-09-27 16:03:43.97584+00
7503112919;7309788903;true;0;2026-09-27 16:03:50.065063+00
6622666313;8715575721;true;0;2026-09-27 16:03:51.191456+00
7851891109;8783092908;true;0;2026-09-27 16:04:01.570668+00
8538240749;7822604875;true;0;2026-09-27 16:04:02.771591+00
6694794137;5987595217;true;0;2026-09-27 16:04:15.580827+00
8991293267;6990730373;true;0;2026-09-27 16:09:28.278985+00
6655377665;7467214219;true;0;2026-09-27 16:10:32.936266+00
6720775096;6475645296;true;0;2026-09-27 16:10:40.563932+00
8886920343;6980010099;true;0;2026-09-27 16:10:43.817261+00
6160415950;2087148835;true;0;2026-09-27 16:24:39.019413+00
97443353;8419851576;true;0;2026-09-27 16:24:45.979918+00
8959844987;5838693411;true;0;2026-09-27 16:25:00.007028+00
8778224109;7226134525;true;0;2026-09-27 16:25:01.32662+00
8502621742;5208623265;true;0;2026-09-27 16:25:07.263653+00
8906172783;6980010099;true;0;2026-09-27 16:25:27.429756+00
6732080713;7126566467;true;0;2026-09-27 16:25:41.526388+00
8191583942;5615349874;true;0;2026-09-27 16:26:34.475114+00
6991255457;8123704101;true;0;2026-09-27 16:27:20.687288+00
8478606352;1125479544;true;0;2026-09-27 16:28:04.467138+00
6379788054;6601246200;true;0;2026-09-27 16:28:46.177605+00
8695607757;2024688751;true;0;2026-09-27 16:29:08.269551+00
7124619442;6884462447;true;0;2026-09-27 16:30:00.385251+00
6738146677;7132559444;true;0;2026-09-27 16:30:12.4182+00
6562618627;6311860317;true;0;2026-09-27 16:30:17.320995+00
7866863015;5709504255;true;0;2026-09-27 16:30:47.365959+00
97535818;5528455120;true;0;2026-09-27 16:30:47.612922+00
6920758197;6231421211;true;0;2026-09-27 16:31:13.723956+00
7591659447;8544889794;true;0;2026-09-27 16:31:27.787029+00
7795863006;7301760859;true;0;2026-09-27 16:31:58.011004+00
8287807183;8516382207;true;0;2026-09-27 16:32:35.59499+00
8767823942;7908242740;true;0;2026-09-27 16:32:37.726043+00
8258713174;8586030968;true;0;2026-09-27 16:32:51.859725+00
7951494748;7549188133;true;0;2026-09-27 16:32:56.208801+00
8648088796;7994624435;true;0;2026-09-27 16:33:42.063209+00
7490506995;759947307;true;0;2026-09-27 16:34:04.371058+00
8365137395;6576666137;true;0;2026-09-27 16:34:08.955574+00
6704241112;8586030968;true;0;2026-09-27 16:34:10.919922+00
7083611428;6340638549;true;0;2026-09-27 16:34:14.629425+00
7564648341;1855656384;true;0;2026-09-27 16:34:31.90452+00
6132710911;1956898640;true;0;2026-09-27 16:34:53.050636+00
1947823190;7595636331;true;0;2026-09-27 16:41:13.535726+00
5765506529;7040084040;true;0;2026-09-27 16:41:15.397909+00
6195655567;6983564801;true;0;2026-09-27 16:41:40.044081+00
7886456612;6340638549;true;0;2026-09-27 16:42:05.929594+00
6456230001;7708561744;true;0;2026-09-27 16:42:20.014954+00
6259744259;1855656384;true;0;2026-09-27 16:45:12.458274+00
6163777280;6983564801;true;0;2026-09-27 16:45:36.586984+00
7705689435;5176850929;true;0;2026-09-27 16:47:20.339511+00
874855827;8196661724;true;0;2026-09-27 16:47:21.288473+00
6499423237;5528455120;true;0;2026-09-27 16:47:23.647979+00
8897353959;7994624435;true;0;2026-09-27 16:47:24.702061+00
8349915605;1616009250;true;0;2026-09-27 16:47:29.491048+00
8953349314;6983564801;true;0;2026-09-27 16:48:24.119273+00
6317156687;5919367787;true;0;2026-09-27 16:49:00.246581+00
203080538;5815410276;true;0;2026-09-27 16:49:10.040105+00
7940325872;7511341240;true;0;2026-09-27 16:49:15.170923+00
8988511076;5919367787;true;0;2026-09-27 16:49:16.349838+00
8852349498;6390840997;true;0;2026-09-27 16:49:30.527312+00
6060903125;6241631402;true;0;2026-09-27 16:51:55.089243+00
1064296963;6677797998;true;0;2026-09-27 16:52:35.798351+00
6870082353;5269924881;true;0;2026-09-27 16:52:42.935961+00
6505915569;8196661724;true;0;2026-09-27 16:53:09.084278+00
93600256;6983564801;true;0;2026-09-27 16:53:17.75997+00
6741330354;5136714250;true;0;2026-09-27 16:53:18.941922+00
2030887897;6600778711;true;0;2026-09-27 16:53:28.423898+00
1950903822;7630515620;true;0;2026-09-27 16:53:46.758989+00
7398632402;7708561744;true;0;2026-09-27 16:54:18.088904+00
7323492265;6507112883;true;0;2026-09-27 16:57:56.378675+00
5279060504;130379431;true;0;2026-09-27 16:58:00.219229+00
331396444;8586030968;true;0;2026-09-27 16:58:08.34589+00
8455298973;7792119795;true;0;2026-09-27 16:59:23.197989+00
8889239759;6515204020;true;0;2026-09-27 16:59:25.025925+00
5819131299;1090534863;true;0;2026-09-27 16:59:46.076092+00
8866136404;6747084313;true;0;2026-09-27 16:02:28.3956+00
7919157748;5746117157;true;0;2026-09-27 16:04:20.563916+00
8191545674;7822604875;true;0;2026-09-27 16:07:25.656789+00
8914128399;5297184802;true;0;2026-09-27 16:09:22.622414+00
6270543988;8954036308;true;0;2026-09-27 16:10:35.347229+00
8318314480;1956898640;true;0;2026-09-27 16:10:38.968908+00
7405264326;6983564801;true;0;2026-09-27 16:11:33.198729+00
8843338755;8811594840;true;0;2026-09-27 16:24:51.27775+00
2066906586;5297184802;true;0;2026-09-27 16:24:59.641922+00
909832192;6708125980;true;0;2026-09-27 16:25:47.641937+00
8679686513;8065518313;true;0;2026-09-27 16:26:00.379632+00
6507333289;8843338755;true;0;2026-09-27 16:27:07.98277+00
8727854868;5709504255;true;0;2026-09-27 16:27:47.358837+00
7033132107;6449370830;true;0;2026-09-27 16:28:46.884014+00
7221406816;6449370830;true;0;2026-09-27 16:29:09.515641+00
7242315813;8568043698;true;0;2026-09-27 16:29:15.124937+00
1132284239;1811309074;true;0;2026-09-27 16:29:25.004004+00
63550064;7976642327;true;0;2026-09-27 16:29:42.091049+00
7285728798;7313051060;true;0;2026-09-27 16:30:02.365546+00
7772387639;5317716953;true;0;2026-09-27 16:30:13.157927+00
7277846602;8568043698;true;0;2026-09-27 16:30:22.48385+00
7025765264;8586030968;true;0;2026-09-27 16:31:17.638919+00
1934780014;8586030968;true;0;2026-09-27 16:31:27.747347+00
6458057017;8026237942;true;0;2026-09-27 16:31:55.745571+00
8985811132;5438549908;true;0;2026-09-27 16:32:00.816+00
7607080954;8067169428;true;0;2026-09-27 16:32:32.341252+00
862275038;6856461858;true;0;2026-09-27 16:32:35.136083+00
6016255871;8586030968;true;0;2026-09-27 16:32:40.569919+00
8625854657;8586030968;true;0;2026-09-27 16:32:41.156394+00
8149829962;7350657304;true;0;2026-09-27 16:32:42.103032+00
1856222636;6340638549;true;0;2026-09-27 16:33:02.926926+00
285907112;8586030968;true;0;2026-09-27 16:33:06.847957+00
864875690;8756688378;true;0;2026-09-27 16:33:13.751958+00
892205324;5650890862;true;0;2026-09-27 16:33:48.925389+00
8182880048;7630515620;true;0;2026-09-27 16:34:39.620021+00
8709803108;7932425811;true;0;2026-09-27 16:34:43.523092+00
6694614550;6371810631;true;0;2026-09-27 16:34:52.460661+00
8171397159;6256155188;true;0;2026-09-27 16:41:46.402914+00
8655599737;7279658358;true;0;2026-09-27 16:42:06.888541+00
7507318585;8304453784;true;0;2026-09-27 16:42:11.108598+00
1006374226;5488324639;true;0;2026-09-27 16:42:31.829571+00
1444103480;5297184802;true;0;2026-09-27 16:42:41.881328+00
6218603017;5438549908;true;0;2026-09-27 16:47:40.470333+00
7533041840;7511341240;true;0;2026-09-27 16:47:59.959579+00
248541787;7676595679;true;0;2026-09-27 16:48:25.56277+00
8362849604;7013914876;true;0;2026-09-27 16:48:50.677053+00
542571638;6983564801;true;0;2026-09-27 16:49:31.450872+00
8865232558;5459309218;true;0;2026-09-27 16:50:05.92344+00
164675961;8586030968;true;0;2026-09-27 16:50:22.61493+00
6792098040;5817712343;true;0;2026-09-27 16:50:23.820679+00
6225785036;6716370422;true;0;2026-09-27 16:50:45.035164+00
8275535280;7150028516;true;0;2026-09-27 16:50:50.162591+00
1102708;6231421211;true;0;2026-09-27 16:53:09.855543+00
549280084;8778034621;true;0;2026-09-27 16:53:18.856651+00
6593081785;8110829834;true;0;2026-09-27 16:53:50.585899+00
7737642785;7705689435;true;0;2026-09-27 16:54:02.635346+00
224258901;8586030968;true;0;2026-09-27 16:57:51.798657+00
8904599662;5919367787;true;0;2026-09-27 16:58:08.474453+00
7840505579;6209516731;true;0;2026-09-27 16:58:23.723728+00
6474985351;6503583119;true;0;2026-09-27 16:58:24.128914+00
8744314494;7279658358;true;0;2026-09-27 16:58:51.893301+00
6750340258;7040084040;true;0;2026-09-27 16:59:10.088006+00
6060854711;6884462447;true;0;2026-09-27 16:59:59.841296+00
7102547408;8783092908;true;0;2026-09-27 16:02:54.576693+00
8692059513;7574367386;true;0;2026-09-27 16:02:59.061969+00
6055603378;5709504255;true;0;2026-09-27 16:03:10.477417+00
8971083186;1620730859;true;0;2026-09-27 16:04:33.173649+00
8306056109;5709504255;true;0;2026-09-27 16:06:40.614303+00
8564920361;8424000801;true;0;2026-09-27 16:08:32.526426+00
6321680487;6102765261;true;0;2026-09-27 16:10:24.39393+00
7176064411;1594808843;true;0;2026-09-27 16:10:33.320966+00
6460538644;5838693411;true;0;2026-09-27 16:25:00.290465+00
6292751964;403198854;true;0;2026-09-27 16:25:35.002854+00
6452865637;2077351733;true;0;2026-09-27 16:25:37.187399+00
8277000586;6209516731;true;0;2026-09-27 16:26:18.754009+00
7044225017;1736872830;true;0;2026-09-27 16:26:24.299897+00
8664420080;6113746395;true;0;2026-09-27 16:28:10.988455+00
8473069841;5590607080;true;0;2026-09-27 16:28:43.20516+00
8145991523;1635003363;true;0;2026-09-27 16:28:43.525775+00
637028566;6449370830;true;0;2026-09-27 16:29:39.246662+00
6746495398;5211801993;true;0;2026-09-27 16:29:58.484945+00
6797715700;6829190763;true;0;2026-09-27 16:30:29.759018+00
8876370296;7667801394;true;0;2026-09-27 16:30:48.945118+00
8926689216;8067169428;true;0;2026-09-27 16:30:49.167079+00
6529378871;1430283082;true;0;2026-09-27 16:31:03.926917+00
6436018529;8586030968;true;0;2026-09-27 16:31:19.43337+00
6107150168;8586030968;true;0;2026-09-27 16:31:28.428596+00
733811086;8659588315;true;0;2026-09-27 16:31:30.813668+00
7243883868;8586030968;true;0;2026-09-27 16:32:41.763659+00
8508630217;2087148835;true;0;2026-09-27 16:32:46.660386+00
5683312042;8586030968;true;0;2026-09-27 16:33:03.91429+00
5561487959;8586030968;true;0;2026-09-27 16:33:04.645456+00
288447831;8586030968;true;0;2026-09-27 16:33:19.128366+00
6329561226;8586030968;true;0;2026-09-27 16:33:42.567105+00
5597500385;6983564801;true;0;2026-09-27 16:33:59.321231+00
6008265247;8586030968;true;0;2026-09-27 16:34:05.158651+00
1305642562;8198216655;true;0;2026-09-27 16:34:09.704808+00
8256785075;8408686207;true;0;2026-09-27 16:34:56.961065+00
8868929545;7301760859;true;0;2026-09-27 16:34:57.552948+00
5639931405;5656742441;true;0;2026-09-27 16:03:19.756705+00
8735220858;6579786009;true;0;2026-09-27 16:04:03.633043+00
6238136572;6275277302;true;0;2026-09-27 16:04:09.189545+00
8318175680;6829190763;true;0;2026-09-27 16:04:20.358023+00
8613448599;8763297087;true;0;2026-09-27 16:10:28.461748+00
8590061277;6757707700;true;0;2026-09-27 16:10:37.379483+00
8806834564;7994624435;true;0;2026-09-27 16:10:38.073967+00
7660741932;5987595217;true;0;2026-09-27 16:10:59.38008+00
6716370422;8432699815;true;0;2026-09-27 16:11:30.422414+00
8454554815;5919367787;true;0;2026-09-27 16:11:33.097288+00
7038448702;928681043;true;0;2026-09-27 16:25:26.495081+00
7843283228;6978820493;true;0;2026-09-27 16:26:03.949714+00
8043978502;5590607080;true;0;2026-09-27 16:26:24.40292+00
7383075743;7717029066;true;0;2026-09-27 16:26:36.052891+00
8823557630;8135164341;true;0;2026-09-27 16:26:59.376082+00
8923475868;8568043698;true;0;2026-09-27 16:27:02.560631+00
7817461049;8067169428;true;0;2026-09-27 16:27:10.845093+00
6424104314;6235427919;true;0;2026-09-27 16:27:41.030918+00
8680227437;5590607080;true;0;2026-09-27 16:27:41.731766+00
5089532416;6449370830;true;0;2026-09-27 16:28:21.210921+00
6902553782;7822604875;true;0;2026-09-27 16:28:39.27693+00
7302211385;6983564801;true;0;2026-09-27 16:29:36.220921+00
6576666137;8703438674;true;0;2026-09-27 16:30:05.561789+00
8730641138;6635952181;true;0;2026-09-27 16:31:30.000921+00
5606839595;6877915781;true;0;2026-09-27 16:31:45.784154+00
8370813351;5981039139;true;0;2026-09-27 16:31:46.469298+00
7843074135;5709504255;true;0;2026-09-27 16:31:55.640006+00
7030135543;1762194412;true;0;2026-09-27 16:31:57.598238+00
7720332117;1855656384;true;0;2026-09-27 16:32:32.448975+00
6350901092;5438549908;true;0;2026-09-27 16:33:59.212911+00
7177071265;7387726100;true;0;2026-09-27 16:34:05.164024+00
589797622;8143524237;true;0;2026-09-27 16:34:53.592624+00